"Time (s)","Distance (cm)"
3.876875009E-3,5.000000000E0