timestamp,X (m/s^2),Y (m/s^2),Z (m/s^2),Velocity (m/s),Direction (°),label,gyro,sustained_low_speed,sustained_high_speed,high_velocity_low_gyro
2025-01-01 00:00:01,-0.196842164642,2.609298934967,10.18619619583,3.549999952,185.9765625,car,0.3168387920505663,0,0,0
2025-01-01 00:00:02,-0.4521429322534653,2.3992197078613864,9.596864010584158,3.549999952,185.9765625,car,0.014084305038746584,0,0,0
2025-01-01 00:00:03,-0.382230148318,2.23538249825,9.58019937288,3.549999952,185.9765625,car,0.0006991970998937411,0,0,0
2025-01-01 00:00:04,-0.3532174804649999,2.14475795287,9.60295355533,3.549999952,185.9765625,car,0.0007936001165129126,0,0,0
2025-01-01 00:00:05,-0.3269097915504951,2.0517477250099008,9.626200035821782,3.549999952,185.9765625,car,0.0008862786267074098,0,0,0
2025-01-01 00:00:06,-0.347626606749,2.10550807345,9.61876068424,3.549999952,185.9765625,car,0.002010962307355497,0,0,0
2025-01-01 00:00:07,-0.40398890075413,2.29009372555,9.57098303835,3.549999952,185.9765625,car,0.0018945408148594838,0,0,0
2025-01-01 00:00:08,-0.3347039794931089,2.1126695523564356,9.612010730673267,3.549999952,185.9765625,car,0.0031655784677647055,0,0,0
2025-01-01 00:00:09,-0.30215566406455,2.11088638917,9.61502145999,3.549999952,185.9765625,car,0.0050787881378807544,0,0,0
2025-01-01 00:00:10,-0.3025964899341584,2.2456183314257427,9.59343302661386,3.549999952,185.9765625,car,0.009682698369032036,0,1,1
2025-01-01 00:00:11,-0.320919145204,2.34746791535,9.56001085513,3.549999952,185.9765625,car,0.04637677016376562,0,1,1
2025-01-01 00:00:12,-0.4174025070159999,2.39352264409,9.54636074064,3.549999952,185.9765625,car,0.05691897241494872,0,1,1
2025-01-01 00:00:13,-0.432258045460396,2.4051687229306933,9.54232099780198,3.549999952,185.9765625,car,0.044634971663958606,0,1,1
2025-01-01 00:00:14,-0.34040412597383,2.27313698731,9.58318715978,3.549999952,185.9765625,car,0.02320837157791416,0,1,1
2025-01-01 00:00:15,-0.2404210418738999,2.13702802734,9.61412781838,3.549999952,185.9765625,car,0.04191177297535642,0,1,1
2025-01-01 00:00:16,-0.3133977908920792,2.2276705056138613,9.592686065079208,3.549999952,185.9765625,car,0.0573486111178109,0,1,1
2025-01-01 00:00:17,-0.3822496078523,2.28944257968,9.57932968136,3.549999952,185.9765625,car,0.06477993556486193,0,1,1
2025-01-01 00:00:18,-0.4748216033958,2.41647740935,9.54790552834,3.549999952,185.9765625,car,0.005535955453565516,0,1,1
2025-01-01 00:00:19,-0.3248571293914851,2.3317278796039607,9.562186617643563,3.549999952,185.9765625,car,0.004440485043880309,0,1,1
2025-01-01 00:00:20,-0.27935507812838,2.36564162291,9.56340280145,3.549999952,185.9765625,car,0.025733403729157004,0,1,1
2025-01-01 00:00:21,-0.2937132202188,2.31705565796,9.5759916229,3.549999952,185.9765625,car,0.055766271538871884,0,1,1
2025-01-01 00:00:22,-0.3173756574851485,2.3325934064356435,9.564120714514852,3.549999952,185.9765625,car,0.0711213074283941,0,1,1
2025-01-01 00:00:23,-0.356456744387,2.00991535954,9.62903382103,3.549999952,185.9765625,car,0.052868225293874686,0,1,1
2025-01-01 00:00:24,-0.3629995939014852,2.319088816148515,9.578905810415842,3.549999952,185.9765625,car,0.003151467895913582,0,1,1
2025-01-01 00:00:25,-0.366729881281,2.2900248688,9.57540484323,3.549999952,185.9765625,car,0.0025854472343579634,0,1,1
2025-01-01 00:00:26,-0.308048908997222,2.13725405731,9.61274469448,3.549999952,185.9765625,car,0.012086666625221136,0,1,1
2025-01-01 00:00:27,-0.2085934553994772,2.1370391724950495,9.619747118059406,3.549999952,185.9765625,car,0.014083911818792316,0,1,1
2025-01-01 00:00:28,-0.303212466428,2.23792720643,9.5879158264,3.549999952,185.9765625,car,0.057957452232254555,0,1,1
2025-01-01 00:00:29,-0.3563594467179999,2.25907971953,9.58480978547,3.549999952,185.9765625,car,0.07112651999659142,0,1,1
2025-01-01 00:00:30,-0.5520179144237624,2.559333284594059,9.510532152495047,3.549999952,185.9765625,car,0.023571000744903627,0,1,1
2025-01-01 00:00:31,-0.393889402772,2.4875002167,9.53192775422,3.549999952,185.9765625,car,0.004384439537650911,0,1,1
2025-01-01 00:00:32,-0.290149131773721,2.9757309357,9.42502905121,3.549999952,185.9765625,car,0.0841453208617976,0,1,1
2025-01-01 00:00:33,-0.4349420679676238,3.4493542586237624,9.275713529683168,3.549999952,185.9765625,car,0.19028662294748996,0,1,1
2025-01-01 00:00:34,-0.552141815187,3.25447977446,9.334561679,3.549999952,185.9765625,car,0.14554672820345202,0,1,1
2025-01-01 00:00:35,-0.3598262374883,2.27269540556,9.57813815908,3.549999952,185.9765625,car,0.03630947542493277,0,1,1
2025-01-01 00:00:36,-0.3378103909612228,2.058248068970297,9.617541802940591,3.549999952,185.9765625,car,0.0023263720084316995,0,1,1
2025-01-01 00:00:37,-0.1141915374789699,1.4550522033300002,9.79716269514,3.549999952,185.9765625,car,0.008038650891184045,0,1,1
2025-01-01 00:00:38,-0.3170095870577227,1.995568510741584,9.640705020960397,3.549999952,185.9765625,car,0.016491076777392286,0,1,1
2025-01-01 00:00:39,-0.26073080749825,1.975436059567,9.4440604751,3.549999952,185.9765625,car,0.0030263885317800446,0,1,1
2025-01-01 00:00:40,-0.407400306708,2.22395526125,9.78881156141,3.549999952,185.9765625,car,0.01622623455645724,0,1,1
2025-01-01 00:00:41,-0.4151223921099009,2.3934440944851487,9.559815311168316,3.549999952,185.9765625,car,0.005471508216184619,0,1,1
2025-01-01 00:00:42,-0.33855547027487,2.18801799313,9.59305763406,3.549999952,185.9765625,car,0.004166720548401599,0,1,1
2025-01-01 00:00:43,-0.2780872146585,2.07386238095,9.63074027247,3.549999952,185.9765625,car,0.0032673182360450203,0,1,1
2025-01-01 00:00:44,-0.3128968523970297,2.204356116881188,9.590914995544557,3.549999952,185.9765625,car,0.005478130061174614,0,1,1
2025-01-01 00:00:45,-0.3593442398058999,2.21822368011,9.59380308377,3.549999952,185.9765625,car,0.004903813545274339,0,1,1
2025-01-01 00:00:46,-0.37745657501039,2.2616633468800003,9.58120977179,3.549999952,185.9765625,car,0.01088807866419268,0,1,1
2025-01-01 00:00:47,-0.3217818413180198,2.184852121217822,9.599625100653466,3.549999952,185.9765625,car,0.007596879112663218,0,1,1
2025-01-01 00:00:48,-0.29316086883601,2.13998288268,9.60365709229,3.549999952,185.9765625,car,0.003046956963447802,0,1,1
2025-01-01 00:00:49,-0.3523013855002,2.43073825376,9.5204750702,3.549999952,185.9765625,car,0.021322271022984913,0,1,1
2025-01-01 00:00:50,-0.0589373401591782,2.6081273613366336,9.51150587028713,3.549999952,185.9765625,car,0.09466451974418406,0,1,1
2025-01-01 00:00:51,0.3971181884755,2.57713531952,9.51958292538,3.549999952,185.9765625,car,0.24848426236146462,0,1,1
2025-01-01 00:00:52,0.5261678283768,2.33732650449,9.5724919007,3.549999952,185.9765625,car,0.3512273661973161,0,1,1
2025-01-01 00:00:53,0.3808940653282475,2.4586224168712874,9.548468609841583,3.549999952,185.9765625,car,0.33378806762727975,0,1,1
2025-01-01 00:00:54,0.3074471603369,2.18199900969,9.59740908511,3.549999952,185.9765625,car,0.2891319398415126,0,1,1
2025-01-01 00:00:55,0.1264158297972277,1.0269387273574258,9.882587172930693,3.549999952,185.9765625,car,0.1763295901506957,0,1,1
2025-01-01 00:00:56,-0.1633029098471499,1.4012705429,9.77471687165,3.549999952,185.9765625,car,0.039181605696308734,0,1,1
2025-01-01 00:00:57,-0.3496788391098999,2.14024034732,9.60104203033,3.549999952,185.9765625,car,0.0021728514374955796,0,1,1
2025-01-01 00:00:58,-0.3630218249069307,2.2191856746831684,9.582907390019802,3.549999952,185.9765625,car,0.0001742394347981758,0,1,1
2025-01-01 00:00:59,-0.363081967161,2.22385496977,9.57847495884,3.549999952,185.9765625,car,0.00040915582468979873,0,1,1
2025-01-01 00:01:00,-0.360526780698,2.22210660556,9.57828934478,3.549999952,185.9765625,car,0.0005125323390817153,0,1,1
2025-01-01 00:01:01,-0.3678000074316832,2.2208129837821784,9.58540467218812,3.549999952,185.9765625,car,0.00038075476408287414,0,1,1
2025-01-01 00:01:02,-0.364066918945,2.21884339142,9.58347905272,3.549999952,185.9765625,car,0.000611107067932971,0,1,1
2025-01-01 00:01:03,-0.365833245848,2.22064714054,9.58478882908,3.549999952,185.9765625,car,0.0005463689005416719,0,1,1
2025-01-01 00:01:04,-0.3624334444910891,2.2209226566336633,9.58348984219802,3.549999952,185.9765625,car,0.00021069149356535812,0,1,1
2025-01-01 00:01:05,-0.369136875915,2.22077287906,9.5883843521,3.549999952,185.9765625,car,0.0005053003632653204,0,1,1
2025-01-01 00:01:06,-0.364653698732,2.22170394293,9.58557020414,3.549999952,185.9765625,car,0.0006566356768710525,0,1,1
2025-01-01 00:01:07,-0.4256984189439604,2.4234841012574257,9.539340561990098,3.549999952,185.9765625,car,0.0034844444746416022,0,1,1
2025-01-01 00:01:08,-0.599998796075,2.75669592133,9.44827570949,3.549999952,185.9765625,car,0.0048053131082841215,0,1,1
2025-01-01 00:01:09,-0.8119175493683168,2.8577370082673266,9.419429522217822,3.549999952,185.9765625,car,0.051328948365057685,0,1,1
2025-01-01 00:01:10,-1.199590438832,2.6720948500999997,9.46654821164,3.549999952,185.9765625,car,0.19850156324536453,0,1,1
2025-01-01 00:01:11,-0.992136840846,2.07983795472,9.60073367156,3.549999952,185.9765625,car,0.27056252842336426,0,1,1
2025-01-01 00:01:12,-0.8228225949702971,1.9506174325346537,9.626717277049504,3.549999952,185.9765625,car,0.20870250102260202,0,1,1
2025-01-01 00:01:13,-0.7665499511730001,1.8693307068,9.62769111315,3.549999952,185.9765625,car,0.24094629360362255,0,1,1
2025-01-01 00:01:14,-0.695127474972,1.91767267915,9.67929779661,3.549999952,185.9765625,car,0.2057937602859282,0,1,1
2025-01-01 00:01:15,-0.6817891428762376,1.939381886069307,9.648557009544554,3.549999952,185.9765625,car,0.19767775181506692,0,1,1
2025-01-01 00:01:16,-0.598822242736,1.97615755917,9.62686932216,3.549999952,185.9765625,car,0.1786788676638429,0,1,1
2025-01-01 00:01:17,-0.579344746406,2.00606536559,9.62488744356,3.549999952,185.9765625,car,0.16434121569689783,0,1,1
2025-01-01 00:01:18,-0.7052947182277227,1.9166944114851483,9.645269785960396,3.549999952,185.9765625,car,0.1813950686127676,0,1,1
2025-01-01 00:01:19,-0.8363138763419999,1.86106938636,9.66194438332,3.549999952,185.9765625,car,0.2791658656708986,0,1,1
2025-01-01 00:01:20,-1.019483473184,2.08658292843,9.58968963775,3.549999952,185.9765625,car,0.3430226633473696,0,1,1
2025-01-01 00:01:21,-0.9846183172633662,2.241066905108911,9.551936645465346,3.549999952,185.9765625,car,0.3217936885179012,0,1,1
2025-01-01 00:01:22,-0.6068635208048999,2.00301171564,9.61559776155,3.549999952,185.9765625,car,0.2184111433865714,0,1,1
2025-01-01 00:01:23,-0.2043819854755799,1.90837551273,9.67177593812,3.549999952,185.9765625,car,0.07467900469577765,0,1,1
2025-01-01 00:01:24,-0.1890761211093544,1.8512063372079208,9.652236980742574,3.549999952,185.9765625,car,0.011135058145087126,0,1,1
2025-01-01 00:01:25,-0.17322427825809,1.64062580109,9.72373738412,3.549999952,185.9765625,car,0.009786087838620566,0,1,1
2025-01-01 00:01:26,-0.2744683490446535,1.871091224,9.660235693891089,3.549999952,185.9765625,car,0.0016588440473502256,0,1,1
2025-01-01 00:01:27,-0.316952394106,1.98800093077,9.63588208011,3.549999952,185.9765625,car,0.0009132117569783901,0,1,1
2025-01-01 00:01:28,-0.3983965301531,2.22754030613,9.57401273803,3.549999952,185.9765625,car,0.001803939281002412,0,1,1
2025-01-01 00:01:29,-0.5615594588249505,2.7266941667227726,9.452455892950496,3.549999952,185.9765625,car,0.0044395634476865125,0,1,1
2025-01-01 00:01:30,-0.723249494943,3.19837045443,9.34553386235,3.549999952,185.9765625,car,0.006878017866123194,0,1,1
2025-01-01 00:01:31,-0.91576565551,3.3082419754,9.2935364914,3.549999952,185.9765625,car,0.01869983456697836,0,1,1
2025-01-01 00:01:32,-1.1873828049356436,2.6626896410990097,9.448357979019802,3.549999952,185.9765625,car,0.1389134259037415,0,1,1
2025-01-01 00:01:33,-0.9977995651316,2.54760023805,9.44236450188,3.549999952,185.9765625,car,0.1565814355133047,0,1,1
2025-01-01 00:01:34,-0.1089913513143999,2.88310056148,9.98996027102,3.549999952,185.9765625,car,0.155732968511499,0,1,1
2025-01-01 00:01:35,0.2938626718227722,3.7900872848118814,9.091377057356436,3.549999952,185.9765625,car,0.1036820958266157,0,1,1
2025-01-01 00:01:36,-0.00935704193332,3.92335933229,9.03154979553,3.549999952,185.9765625,car,0.10431784496026243,0,1,1
2025-01-01 00:01:37,-0.4362827453546999,3.79897249604,9.17898420417,3.549999952,185.9765625,car,0.03668009959536756,0,1,1
2025-01-01 00:01:38,-0.3004148879727624,2.8298089463297034,9.375585547752475,4.46999979,182.109375,car,0.006738317170134617,0,1,1
2025-01-01 00:01:39,-0.364598313903,3.31455434874,9.21141875612,4.429999828,166.9921875,car,0.0029485897637738867,0,1,1
2025-01-01 00:01:40,-0.563013366113,3.698929818029703,9.000636051386138,4.429999828,181.0546875,car,0.017743274346052048,0,1,1
2025-01-01 00:01:41,-0.54625904846348,3.27912751923,9.04176305722,3.890000105,178.2421875,car,0.09494445804338407,0,1,1
2025-01-01 00:01:42,-0.3981255935739,2.6912535095099996,9.29673833312,3.890000105,178.2421875,car,0.02323514698965977,0,1,1
2025-01-01 00:01:43,-0.1427067052233564,1.8749327404455447,9.58424124990099,3.880000114,175.078125,car,0.018788666171053143,0,1,1
2025-01-01 00:01:44,0.10962603149547,1.90002587583,9.65426086114,3.880000114,175.078125,car,0.04404752798353031,0,1,1
2025-01-01 00:01:45,0.49852331543058,1.811609239187,9.74127341755,4.019999981,180.0,car,0.12134271858153306,0,1,1
2025-01-01 00:01:46,1.1846394997217822,2.190074923576238,9.605159137227725,4.019999981,182.109375,car,0.303689590878325,0,1,1
2025-01-01 00:01:47,1.033272798167,1.819226898215,9.67382368019,3.74000001,194.0625,car,0.3685197311176971,0,1,1
2025-01-01 00:01:48,0.864874484254,2.19074532166,9.60244461368,3.74000001,205.3125,car,0.35467740868451747,0,1,1
2025-01-01 00:01:49,0.429443601104604,2.805885428277228,9.45618773661386,3.74000001,205.3124814,car,0.2968473641017305,0,1,1
2025-01-01 00:01:50,-0.4065560623144499,3.31524141998,9.29299312136,3.359999895,203.5546719,car,0.08223762740339166,0,1,1
2025-01-01 00:01:51,-0.25431365204121,3.27135568082,9.28319749142,2.480000019,249.609348,car,0.007063471051316673,0,0,0
2025-01-01 00:01:52,-0.123261992203792,2.7848000675445546,9.421951999574258,2.789999962,268.5937176,car,0.013666734707686763,0,0,0
2025-01-01 00:01:53,-0.08914412383816,2.5895849303799996,9.52021161814,5.050000191,269.2968164,car,0.005964597410737919,0,0,0
2025-01-01 00:01:54,0.11636352080255,2.5071453644,9.53341865379,5.050000191,271.0546289,car,0.006404733729420467,0,0,0
2025-01-01 00:01:55,0.0895686914390138,2.128924858148515,9.6072755279901,5.150000095,269.6483777,car,0.01702286973730558,0,0,0
2025-01-01 00:01:56,-0.25649012603973,2.67033002011,9.47997828385,5.75,268.9452457,car,0.009143001596582254,0,0,0
2025-01-01 00:01:57,-0.1292110073021881,2.5925567702574255,9.526467332049505,5.75,272.4608708,car,0.010052246151440859,0,0,0
2025-01-01 00:01:58,0.16665743408396,2.19707565764,9.55662190222,5.360000134,272.4608753,car,0.029231117778952594,0,0,0
2025-01-01 00:01:59,-0.088904621888416,1.98360457307,9.65038392323,5.360000134,269.6483753,car,0.013388040645526168,0,0,0
2025-01-01 00:02:00,0.1336364579905148,1.6014870173267328,9.724206132366335,5.920000076,270.0898132,car,0.017179698587126074,0,0,0
2025-01-01 00:02:01,0.35030304107952,0.97979799955,9.89903485106,5.920000076,270.8146057,car,0.008529240924090806,0,0,0
2025-01-01 00:02:02,0.4601865371739,0.835709133932,9.90800719318,5.320000172,270.8146057,car,0.0032031717976748098,0,1,1
2025-01-01 00:02:03,0.0495202893585544,2.0482589404554457,9.810200078970295,4.78000021,270.8146057,car,0.02382302539197925,0,1,1
2025-01-01 00:02:04,-0.13250146179544,3.01582505948,9.17142492371,2.180000067,270.8146057,car,0.036132645960004886,0,0,0
2025-01-01 00:02:05,-0.05450914764007,2.8628102554100003,9.38047570044,2.180000067,270.8146057,car,0.09005921022726214,0,0,0
2025-01-01 00:02:06,0.1216361652042277,2.1492484366633664,9.601741491663368,1.340000033,270.8146057,car,0.050812776513384325,0,0,0
2025-01-01 00:02:07,0.046243336487028,2.02286343384,9.64584536132,1.340000033,272.0739136,car,0.024162952515314088,0,0,0
2025-01-01 00:02:08,0.0571197189363,2.14260692598,9.54113959811,2.339999914,272.0739136,car,0.018102813843282085,0,0,0
2025-01-01 00:02:09,0.3338428988256435,2.039722237148515,9.536051856237624,2.128145287,272.0739136,car,0.062703908773053,0,0,0
2025-01-01 00:02:10,1.3483286361774,1.84195563353,9.71473809827,2.146140323,272.0661316,car,0.29252226450703345,0,0,0
2025-01-01 00:02:11,1.151323310854,2.24104522248,9.76025095378,2.294342944,272.0661316,car,0.5062731997763176,0,0,0
2025-01-01 00:02:12,0.1507987885399742,3.002325938029703,9.375926423019802,2.517105718,272.0661316,car,0.42513845970066566,0,0,0
2025-01-01 00:02:13,-0.6634249008240001,3.1929517227,9.34584222111,1.945274389,334.3258534,car,0.13195733332356377,0,0,0
2025-01-01 00:02:14,-0.779198648072,3.0728759215899997,9.363400708,1.481237867,1.237049007,car,0.008145975251993853,0,0,0
2025-01-01 00:02:15,-0.6182307192368317,2.7054665276534657,9.451633346138614,3.141130039,359.6528931,car,0.007500984858083681,0,0,0
2025-01-01 00:02:16,-0.38179156036244,2.10856621403,9.61152323456,4.651187051,359.6528931,car,0.004792411345405638,0,0,0
2025-01-01 00:02:17,-0.3026498443293277,1.8701886454851488,9.669005081465349,5.269098704,359.6528931,car,0.004253816213364006,0,0,0
2025-01-01 00:02:18,-0.22481299896071,1.92939779656,9.66429449631,5.456731476,0.3708121479,car,0.00677688337202995,0,0,0
2025-01-01 00:02:19,-0.23577470397986,2.10643314974,9.61712308953,5.102204528,0.3708121479,car,0.011015242622646942,0,0,0
2025-01-01 00:02:20,-0.1087733096884752,1.7214099136831684,9.70784708158416,4.399740719,0.3708121479,car,0.01288577582904951,0,0,0
2025-01-01 00:02:21,-0.1263642242429249,1.54435799107,9.72832384643,4.009205923,0.3708121479,car,0.016638359751897727,0,0,0
2025-01-01 00:02:22,-0.163943577578118,1.70562513428,9.70525232389,3.314623461,0.3708121479,car,0.011105603923674639,0,0,0
2025-01-01 00:02:23,-0.084580055465299,1.6187456822277229,9.735416483326732,2.683482161,0.3708121479,car,0.007057726939815739,0,0,0
2025-01-01 00:02:24,-0.04539759521532,1.55254596404,9.75042538615,2.115885766,0.3708121479,car,0.004729403393377715,0,0,0
2025-01-01 00:02:25,-0.146082719420121,1.92032666015,9.65714087215,1.456063952,0.3708121479,car,0.0024598664006391623,0,0,0
2025-01-01 00:02:26,-0.1859978689044554,2.0329343724257427,9.629965966821782,0.9395924925,0.3708121479,car,0.0011322887638181834,0,0,0
2025-01-01 00:02:27,-0.2444761093196,2.18107243653,9.59289447327,0.5561813354,0.3708121479,car,0.001278974265190268,0,0,0
2025-01-01 00:02:28,-0.261732225036,2.1892828628800003,9.58955791169,0.2928262914,0.3708121479,car,0.001629566383541883,0,0,0
2025-01-01 00:02:29,-0.3250349773762376,2.340261618732673,9.549935855722772,0.3362738137,0.3708121479,car,0.001969710806034981,0,0,0
2025-01-01 00:02:30,-0.68055976868,3.1275197891,9.36233342748,0.2728193454,0.3708121479,car,0.027637283080687504,0,0,0
2025-01-01 00:02:31,-1.056362283331,3.49880020753,9.23472079929,0.7148542794,0.3708121479,car,0.09310547202306038,0,0,0
2025-01-01 00:02:32,-0.955759517559406,3.291137727049505,9.297074554732673,1.7014935,0.3708121479,car,0.11143273471213366,0,0,0
2025-01-01 00:02:33,-0.4229290145904,3.0603230255,9.39754919586,2.887320831,0.3708121479,car,0.007340001653515332,0,0,0
2025-01-01 00:02:34,0.0459737041249802,2.744182551970297,9.432988948920793,3.943594114,0.3708121479,car,0.07626400292566722,0,0,0
2025-01-01 00:02:35,0.1017643798806999,2.30354924468,9.5710084856,4.437848048,0.0,car,0.07878831049645738,0,0,0
2025-01-01 00:02:36,-0.5506254684437,3.45899498294,9.26048073117,4.724356821,0.0,car,0.02250173977835737,0,0,0
2025-01-01 00:02:37,-0.2790746118523762,2.680418121009901,9.469766430148514,5.308861328,0.0,car,0.0160444061433343,0,0,0
2025-01-01 00:02:38,-0.173364985654378,2.64810723266,9.49018705438,6.004363906,0.0,car,0.018439400662332905,0,0,0
2025-01-01 00:02:39,-0.14709611206378,2.60436519469,9.49467621937,6.555896445,1.144343257,car,0.028524614980486054,0,0,0
2025-01-01 00:02:40,0.0925580196551485,2.006116378332673,9.59560870019802,6.719861381,2.298380375,car,0.037135949258384295,0,0,0
2025-01-01 00:02:41,0.16025225373017,1.170775360095,9.84333418098,6.807895236,2.298380375,car,0.016484613357316106,0,0,0
2025-01-01 00:02:42,0.25593777465985,0.07248376923037,10.0794022752,6.416687579,2.298380375,car,0.03599238124516562,0,0,0
2025-01-01 00:02:43,0.4284832219811881,0.2182491189168317,10.064380418881187,4.982016294,0.0,car,0.017671923265123235,0,1,1
2025-01-01 00:02:44,0.0307370819081699,1.6227290176470002,9.72454121244,2.539949636,0.0,car,0.0047514739887092984,0,0,0
2025-01-01 00:02:45,-0.1475915817246,2.15234567416,9.60125159459,1.070574783,0.0,car,0.001444227998607738,0,0,0
2025-01-01 00:02:46,-0.1439590514477227,2.158300899069307,9.596632808257423,0.5458462541,0.0,car,0.0004724311834570167,0,0,0
2025-01-01 00:02:47,-0.1951671478256,2.32196544801,9.5581966278,0.3308068934,0.0,car,0.0007104506712895388,0,0,0
2025-01-01 00:02:48,-0.196924493409,2.32082032926,9.56091198121,0.1561527707,0.0,car,0.00041477413055601595,0,0,0
2025-01-01 00:02:49,-0.196778420930693,2.3196282883861383,9.557095719118813,0.03997111934,0.0,car,0.000574004269371557,0,0,0
2025-01-01 00:02:50,-0.194983030702,2.32109575653,9.56103472597,0.07495661903,0.0,car,0.0004489817560359595,0,0,0
2025-01-01 00:02:51,-0.1938261443744554,2.3193422494554454,9.556611083366336,0.08469641054,0.0,car,0.0004744638407808137,0,0,0
2025-01-01 00:02:52,-0.196482911682,2.31843429107,9.56097485043,0.03888279485,0.0,car,0.0002231130868693651,0,0,0
2025-01-01 00:02:53,-0.1940774139403999,2.32025899657,9.55883879238,0.07482073047,0.0,car,0.0003802695732362869,0,0,0
2025-01-01 00:02:54,-0.1952830157891089,2.3166937965940595,9.5593869940099,0.01344637493,0.0,car,0.00043820429615163667,0,0,0
2025-01-01 00:02:55,-0.19559675445,2.31933092647,9.56181909486,0.0,0.0,car,0.0003809640931592362,0,0,0
2025-01-01 00:02:56,-0.19430643768,2.32024702149,9.55678805694,0.0,0.0,car,0.00014678645660721115,1,0,0
2025-01-01 00:02:57,-0.1940084385594059,2.317750510059406,9.561835367920793,0.0,0.0,car,0.00045854913221854036,1,0,0
2025-01-01 00:02:58,-0.195009974676,2.31909591522,9.55672818143,0.0,0.0,car,0.00021847890101523787,1,0,0
2025-01-01 00:02:59,-0.1959664855979,2.31982040861,9.559109729,0.0,0.0,car,0.0005320757404758521,1,0,0
2025-01-01 00:03:00,-0.1953171033188118,2.319268146128713,9.564956600009902,0.0,0.0,car,0.0004468348818554677,1,0,0
2025-01-01 00:03:01,-0.195165650937,2.31909741213,9.55821608733,0.0,0.0,car,0.0003866892736734278,1,0,0
2025-01-01 00:03:02,-0.1934981185936,2.31904053037,9.55621774291,0.0,0.0,car,0.0005412989920611984,1,0,0
2025-01-01 00:03:03,-0.1968243649910891,2.3183329622178217,9.561407050663366,0.0,0.0,car,0.0002881874544867533,1,0,0
2025-01-01 00:03:04,-0.195436587528,2.31911088411,9.5568838577,0.0,0.0,car,0.00031967176885457115,1,0,0
2025-01-01 00:03:05,-0.195382699586,2.31843429108,9.5630076233,0.0,0.0,car,0.00033903816370314046,1,0,0
2025-01-01 00:03:06,-0.1962018970415841,2.318038030970297,9.558616319376238,0.0,0.0,car,0.00034577894116897867,1,0,0
2025-01-01 00:03:07,-0.195559332274,2.31839237823,9.55936270297,0.0,0.0,car,0.0006190242988442083,1,0,0
2025-01-01 00:03:08,-0.19642453308,2.31966024167,9.55849450836,0.0,0.0,car,0.00036647731764336347,1,0,0
2025-01-01 00:03:09,-0.1967517437333663,2.319732033039604,9.559839024267326,0.0,0.0,car,0.00021615259282534095,1,0,0
2025-01-01 00:03:10,-0.1966520599327,2.31872768099,9.55970099942,0.0,0.0,car,0.0002458843228894388,1,0,0
2025-01-01 00:03:11,-0.1962389487070297,2.3176452833168315,9.561304788138614,0.0,0.0,car,6.841763421213853e-05,1,0,0
2025-01-01 00:03:12,-0.197635514836,2.32085326082,9.55881783601,0.0,0.0,car,0.00028925011784066736,1,0,0
2025-01-01 00:03:13,-0.19518511047,2.31905549926,9.5617427536,0.0,0.0,car,0.00018736430642393175,1,0,0
2025-01-01 00:03:14,-0.1950814547346534,2.318823526237624,9.557470681980195,0.0,0.0,car,0.0003054334481224798,1,0,0
2025-01-01 00:03:15,-0.1945743804909999,2.3175556183,9.55984170682,0.0,0.0,car,0.00017435531017500214,1,0,0
2025-01-01 00:03:16,-0.195843740848942,2.3158506638,9.55837475746,0.0,0.0,car,0.00038695174662081456,1,0,0
2025-01-01 00:03:17,-0.1971593120295049,2.3188724343564355,9.557798218712872,0.0,0.0,car,0.00016146884244451113,1,0,0
2025-01-01 00:03:18,-0.196753848265,2.31863038327,9.56117693021,0.0,0.0,car,0.00038744274946794067,1,0,0
2025-01-01 00:03:19,-0.196734388735,2.31928601994,9.55854240878,0.0,0.0,car,0.0005076266038025023,1,0,0
2025-01-01 00:03:20,-0.1975609520623762,2.31863826790099,9.558105006465349,0.0,0.0,car,0.0005254322895824382,1,0,0
2025-01-01 00:03:21,-0.193857371516,2.31882048794,9.55999438936,0.0,0.0,car,0.0006201141986170115,1,0,0
2025-01-01 00:03:22,-0.1952165451014,2.31964227908,9.55921301416,0.0,0.0,car,0.0003515827486007017,1,0,0
2025-01-01 00:03:23,-0.1958565755448515,2.3179594814257425,9.558183555940596,0.0,0.0,car,0.0003517084140394673,1,0,0
2025-01-01 00:03:24,-0.19805913391,2.31721133423,9.55737483671,0.0,0.0,car,0.00032208277859681827,1,0,0
2025-01-01 00:03:25,-0.197913935852,2.31738946383,9.55737034609,0.0,0.0,car,0.0002970232506278763,1,0,0
2025-01-01 00:03:26,-0.1942885491396039,2.318903557871287,9.557266156821782,0.0,0.0,car,0.00036383516255043537,1,0,0
2025-01-01 00:03:27,-0.1975950988755,2.31636559296,9.55741674956,0.0,0.0,car,0.0003997149566961121,1,0,0
2025-01-01 00:03:28,-0.1969340379178218,2.319531954019802,9.559406260851484,0.0,0.0,car,0.00037719406051774356,1,0,0
2025-01-01 00:03:29,-0.197949861146,2.31916327508,9.55844660794,0.0,0.0,car,0.00033533595932532813,1,0,0
2025-01-01 00:03:30,-0.195632679746,2.31866331485,9.55617433323,0.0,0.0,car,0.00029216107024828666,1,0,0
2025-01-01 00:03:31,-0.196621321880198,2.3182736795247525,9.559256572138612,0.0,0.0,car,0.0002316891285043617,1,0,0
2025-01-01 00:03:32,-0.1975232482899999,2.31784302067,9.5582550064,0.0,0.0,car,0.0002328425035817507,1,0,0
2025-01-01 00:03:33,-0.196574221805,2.3194117584700003,9.5533392288,0.0,0.0,car,0.0003168302179426804,1,0,0
2025-01-01 00:03:34,-0.1964760793572277,2.318667909227723,9.558939409920791,0.0,0.0,car,0.00032604469059973685,1,0,0
2025-01-01 00:03:35,-0.197113101199,2.31898664242,9.55345598604,0.0,0.0,car,0.00010940052677369834,1,0,0
2025-01-01 00:03:36,-0.195731474303,2.31788044279,9.55737633359,0.0,0.0,car,0.000615925918618725,1,0,0
2025-01-01 00:03:37,-0.197970002430693,2.3175593234455447,9.548111431762376,0.0,0.0,car,0.00027104118235429526,1,0,0
2025-01-01 00:03:38,-0.198852484131,2.31541656647,9.54765105741,0.0,0.0,car,0.00017660983572275618,1,0,0
2025-01-01 00:03:39,-0.198469281007,2.31756459965,9.55102055053,0.0,0.0,car,0.00023582843575824548,1,0,0
2025-01-01 00:03:40,-0.199957453660396,2.3167842026732672,9.548916193920792,0.0,0.0,car,0.00045955198937360615,1,0,0
2025-01-01 00:03:41,-0.197958842464,2.31801815641,9.55066728515,0.0,0.0,car,0.00035782785726212854,1,0,0
2025-01-01 00:03:42,-0.197409484864,2.31731461946,9.54964042054,0.0,0.0,car,0.0003478396492388842,1,0,0
2025-01-01 00:03:43,-0.1998522269366336,2.3189613584257427,9.546029128277228,0.0,0.0,car,0.00029835135784261706,1,0,0
2025-01-01 00:03:44,-0.196235925291,2.3147429672,9.54602543796,0.0,0.0,car,0.00024188634549920628,1,0,0
2025-01-01 00:03:45,-0.3762919967619,2.84027910922,9.42313698581,0.0,0.0,car,0.006002129522734644,1,0,0
2025-01-01 00:03:46,-0.7463568538168316,3.846595517930693,9.15369943749505,0.0,0.0,car,0.016790697852030356,1,0,0
2025-01-01 00:03:47,-0.835831878667,4.32905767822,9.05759413599,1.297928812,358.0057678,car,0.00861522066600084,0,0,0
2025-01-01 00:03:48,-0.7199627307751485,3.971926475009901,9.110323796118813,3.049951474,358.0057678,car,0.006769751439610259,0,0,0
2025-01-01 00:03:49,-0.7806820632789,2.091841493216,9.60275446914,4.509470964,356.9706116,car,0.09145845453646465,0,0,0
2025-01-01 00:03:50,-1.127621598793,2.48600183253,9.43931683949,5.080981716,356.9706116,car,0.1422448751375339,0,0,0
2025-01-01 00:03:51,-1.2655825639178218,2.7698119286336635,9.39793362910891,5.622026261,356.9706116,car,0.13686058278427304,0,0,0
2025-01-01 00:03:52,-1.535676045256,1.753850349412,9.70147717389,6.711402141,356.1335754,car,0.18860240471086095,0,0,0
2025-01-01 00:03:53,-2.051413563562,1.259898527556,9.73006771999,7.114839732,352.8041687,car,0.2823048690990713,0,0,0
2025-01-01 00:03:54,-2.071577775405941,1.3057228541742576,9.72025790651485,6.992362068,322.1260955,car,0.30976005055348194,0,0,0
2025-01-01 00:03:55,-1.363825909387,1.73177725065,9.64152983558,6.73012508,307.8820757,car,0.19406231542911873,0,0,0
2025-01-01 00:03:56,-1.246597187816,2.08375979919,9.57085729982,6.5176688,300.9798998,car,0.1377301690952531,0,0,0
2025-01-01 00:03:57,-0.8398663602351485,2.3225761186950495,9.545362198336631,6.450570036,282.7349817,car,0.07184021984308508,0,1,1
2025-01-01 00:03:58,-0.3648078781164,1.82816780551,9.62325433958,6.950665159,275.8007729,car,0.02886706741269872,0,1,1
2025-01-01 00:03:59,0.12692705383388,0.850601664742,9.88178921353,6.881171372,271.5188018,car,0.007791607333079922,0,1,1
2025-01-01 00:04:00,0.1689229802791564,0.694318533419802,9.955325516930692,6.147332026,272.4141926,car,0.003785088191773103,0,1,1
2025-01-01 00:04:01,0.1559187652605499,0.84686393736,9.88769742744,4.793508663,271.6827497,car,0.0030716862998519776,0,1,1
2025-01-01 00:04:02,-0.14411281585397,1.7336797943100002,9.68397556921,3.210792768,270.4584746,car,0.0028569105302190716,0,1,1
2025-01-01 00:04:03,-0.2320412301572277,2.003281185039604,9.613916668267327,1.940529012,268.1738898,car,0.0020007100774785563,0,0,0
2025-01-01 00:04:04,-0.2130459686270139,1.92262438197,9.6349884384,1.700667668,272.4130924,car,0.0007278894694924549,0,0,0
2025-01-01 00:04:05,-0.2723765899684,2.09726022489,9.59255318299,1.169557529,272.8902655,car,0.0009359673276072717,0,0,0
2025-01-01 00:04:06,-0.3361356557722772,2.3092730894257425,9.54387272148515,0.7518395763,277.2026675,car,0.0019271886749258854,0,0,0
2025-01-01 00:04:07,-0.55585858612,2.94112440037,9.38599771726,0.6675749083,275.6877904,car,0.003140964437993269,0,0,0
2025-01-01 00:04:08,-0.584001562504,3.05710022736,9.35896543125,0.3861386397,275.5640728,car,0.005042552220554574,0,0,0
2025-01-01 00:04:09,-0.4393897496566336,2.602780065257426,9.47043336018812,1.844486606,269.2382717,car,0.00564802428203941,0,0,0
2025-01-01 00:04:10,-0.4003828994707,2.42916352843,9.50860475454,2.587627539,270.6507301,car,0.008950020538061407,0,0,0
2025-01-01 00:04:11,-0.3562458166762376,2.378891683168317,9.537196011722772,2.730491523,270.4462556,car,0.004678777247393689,0,0,0
2025-01-01 00:04:12,-0.3346710479771,2.38106854245,9.52851934206,3.024248189,270.0747289,car,0.004124448579939187,0,0,0
2025-01-01 00:04:13,-0.1485121673633899,1.87897365417,9.65845813284,3.116743055,269.678144,car,0.0036355142411243512,0,0,0
2025-01-01 00:04:14,-0.2044125456836633,1.9487011205346536,9.633113876217822,3.047392496,269.7171179,car,0.0021755031101949895,0,0,0
2025-01-01 00:04:15,-0.0140378082273799,1.41298218843,9.75637401587,2.670173848,269.6883726,car,0.0016004014059805775,0,0,0
2025-01-01 00:04:16,-0.132080836490315,1.76169254151,9.68395760644,2.284652842,268.8649913,car,0.0011549827464151976,0,0,0
2025-01-01 00:04:17,-0.3084743658353465,2.330155407009901,9.542356567346534,1.404015876,268.1845953,car,0.002773571602637042,0,0,0
2025-01-01 00:04:18,-0.490540415953,2.9589089172399996,9.39131016996,1.111451602,268.9254985,car,0.0020258483408575633,0,0,0
2025-01-01 00:04:19,-0.2774959442181,2.435689956683,9.51546648561,1.367598198,269.0474856,car,0.008443980544163664,0,0,0
2025-01-01 00:04:20,0.3601999702061386,0.3685291841475247,10.01963979461386,2.093688699,269.1124697,car,0.009644371282272942,0,0,0
2025-01-01 00:04:21,-0.1624436965961999,2.0539418060209997,9.61115200655,1.504882564,269.7751502,car,0.004527698474197356,0,0,0
2025-01-01 00:04:22,-0.240329731752707,2.31786846776,9.54951468199,0.1703678608,271.4460231,car,0.0016171375066646309,0,0,0
2025-01-01 00:04:23,-0.5110891648108911,3.1743108677425744,9.338041838059404,0.1634556915,271.4460221,car,0.004329620479592319,0,0,0
2025-01-01 00:04:24,-0.520075497436,3.37152437901,9.29692694087,0.4572312546,271.4460165,car,0.005198312940183682,0,0,0
2025-01-01 00:04:25,-0.4952122009253999,3.27547810823,9.31992810979,0.9701088404,271.4460071,car,0.010207902414547861,0,0,0
2025-01-01 00:04:26,-0.3361815998385148,2.344698925980198,9.560534113554455,2.350434314,272.3985826,car,0.015649540197211903,0,0,0
2025-01-01 00:04:27,-0.35857933044473,1.96003009647,9.61667552029,3.33120006,272.5263174,car,0.01860981690768023,0,0,0
2025-01-01 00:04:28,-0.1369831420886,1.56313344731,9.71953262797,3.428624453,271.0559022,car,0.006401929013181506,0,0,0
2025-01-01 00:04:29,-0.0661683428170594,1.2063488105435645,9.807215197039604,3.218293548,271.3129124,car,0.003084185763221289,0,0,0
2025-01-01 00:04:30,-0.2206696151791,1.68053730473,9.69066815188,2.258985898,270.7273127,car,0.0021408914560800637,0,0,0
2025-01-01 00:04:31,-0.1881257904041,1.6017007461,9.71300470276,1.246334603,269.8610535,car,0.0007885676826497884,0,0,0
2025-01-01 00:04:32,-0.3487302572456435,2.1051702956633664,9.588549617316833,0.6023761771,269.8610535,car,0.0013827043061846373,0,0,0
2025-01-01 00:04:33,-0.378919033812,2.21074223786,9.56176969757,0.06804378332,270.0,car,0.00022965342723887152,0,0,0
2025-01-01 00:04:34,-0.375432783512,2.20997882539,9.56125027768,0.1141624607,269.8610535,car,0.00023972789768438276,0,0,0
2025-01-01 00:04:35,-0.3703076640217822,2.212356312069307,9.562976559168316,0.0,269.8610535,car,0.0003684882787125913,0,0,0
2025-01-01 00:04:36,-0.369523072812,2.21047130124,9.56251365049,0.0,269.8610535,car,0.00020165992214028774,0,0,0
2025-01-01 00:04:37,-0.3698674902544554,2.2120954683762375,9.562606042524752,0.0,269.8610535,car,0.00023461976055837313,0,0,0
2025-01-01 00:04:38,-0.368133961487,2.21149666902,9.56406592254,0.0,269.8610535,car,0.00030775550450005176,0,0,0
2025-01-01 00:04:39,-0.371537882992,2.2119532196,9.56469910585,0.0,269.8610535,car,0.0003802615477874561,0,0,0
2025-01-01 00:04:40,-0.3835306617095049,2.2423548209405944,9.552720658851484,0.0,269.8610535,car,0.00034992883809372214,0,0,0
2025-01-01 00:04:41,-0.467835630796,2.5317886184700003,9.48745523529,0.0,269.8610535,car,0.002706659614483861,0,0,0
2025-01-01 00:04:42,-0.670256694047,3.1304372222500003,9.33591636201,0.05912055996,270.0,car,0.0024845878355197236,1,0,0
2025-01-01 00:04:43,-0.7916043453356435,3.487347034435643,9.254481444435642,0.6292477644,270.0,car,0.005731740468505842,0,0,0
2025-01-01 00:04:44,-0.882585653694,3.41495356753,9.25587480927,1.820482601,270.0,car,0.022317284963934734,0,0,0
2025-01-01 00:04:45,-0.845753247069,3.75550738225,9.18095859831,2.976066938,270.0,car,0.015455938086448979,0,0,0
2025-01-01 00:04:46,-0.3105181356033317,2.434020112313861,9.504707631178215,4.450121239,270.2846069,car,0.02120644833965371,0,0,0
2025-01-01 00:04:47,-0.56036721041119,2.977048196376,9.38273150952,5.724189823,270.2846069,car,0.017460301730284185,0,0,0
2025-01-01 00:04:48,-0.6883705261088999,3.44313845674,9.25117009278,5.866022024,270.2846069,car,0.008780655100102728,0,0,0
2025-01-01 00:04:49,-0.5881699635654455,3.610281489920792,9.340459088574258,7.042216695,270.0,car,0.02471826766596837,0,0,0
2025-01-01 00:04:50,-0.2181698135226,2.98238459927,9.40725800608,8.520567289,270.0,car,0.025653465930610603,0,0,0
2025-01-01 00:04:51,0.1655018371512499,2.26319615939,9.49244436018,9.69039275,270.0,car,0.017739718579999997,0,0,0
2025-01-01 00:04:52,0.0119499025273564,2.3329683692772276,9.500840919356436,9.68006592,270.0,car,0.008625267549411952,0,0,0
2025-01-01 00:04:53,0.13721216583039,2.45063188474,9.52691617614,9.438168962,269.7181702,car,0.007773950816529254,0,0,0
2025-01-01 00:04:54,0.29569210510644,2.52592381441,9.59868892361,9.522226662,269.7181702,car,0.03925390363701521,0,0,0
2025-01-01 00:04:55,0.1132891664416831,2.4291885753178217,9.573355471613862,9.635082221,270.6563416,car,0.03906608646404283,0,1,1
2025-01-01 00:04:56,-0.2183868621755889,2.5621365097099997,9.46219077313,9.68678536,272.0028992,car,0.023895941985997808,0,1,1
2025-01-01 00:04:57,-0.43729015044729,1.999982016,9.62510748593,9.712629355,273.2025452,car,0.015082229704925624,0,1,1
2025-01-01 00:04:58,-0.3537781758948317,1.4310167596138612,9.68135366029703,9.466316309,272.1781921,car,0.04091498934559076,0,1,1
2025-01-01 00:04:59,-0.4045262832686,0.980592846673,9.93660522307,8.749852279,270.0,car,0.0398955009121064,0,1,1
2025-01-01 00:05:00,-0.21287382661134,0.9882973251324,9.9217082017,7.543903028,268.8059387,car,0.03186998273158399,0,1,1
2025-01-01 00:05:01,0.2072225438507524,1.0669471136455446,9.80449708720792,6.075626548,268.8059387,car,0.01982462137140283,0,1,1
2025-01-01 00:05:02,0.2198657867428,1.002383033736,9.89678053905,4.825124924,267.9093628,car,0.0108684305430027,0,1,1
2025-01-01 00:05:03,0.0939378236096524,1.3904570445643565,9.721642157049503,3.433991113,267.9093628,car,0.021798917766079635,0,1,1
2025-01-01 00:05:04,0.0206091430635909,1.51416727293,9.73874517518,2.128529897,267.9093628,car,0.008556327667385559,0,0,0
2025-01-01 00:05:05,-0.128224855043041,1.82319963685,9.6710140228,1.213258262,267.9093628,car,0.0032732091095166137,0,0,0
2025-01-01 00:05:06,-0.2893423688534653,2.3553075583069307,9.530258458257425,0.3016397097,267.9093628,car,0.0001447782672779408,0,0,0
2025-01-01 00:05:07,-0.291723857119,2.36696636812,9.53582564847,0.07080016951,267.9093628,car,9.655569656002156e-05,0,0,0
2025-01-01 00:05:08,-0.29230165558,2.3656565917699997,9.53425990451,0.05498415884,267.9093628,car,0.00033657607230784477,0,0,0
2025-01-01 00:05:09,-0.2926859109722772,2.3685438945346533,9.535682821762377,0.08615804098,267.9093628,car,0.00013689669863327977,0,0,0
2025-01-01 00:05:10,-0.311271707159,2.42857375491,9.52221894377,0.08347142635,267.9093628,car,0.0011497592907934884,0,0,0
2025-01-01 00:05:11,-0.4310316650416,2.80847474663,9.42246638033,0.05413035544,267.9093628,car,0.002649715733161761,0,0,0
2025-01-01 00:05:12,-0.5803505804769307,3.2237896592772275,9.334437452356436,0.2309216848,267.9093628,car,0.008596488515213718,0,0,0
2025-01-01 00:05:13,-0.6285579071167,3.584914631626,9.21944057444,0.8272007998,267.9093628,car,0.012194381631738513,0,0,0
2025-01-01 00:05:14,-0.2866119872969,3.4090139190719997,9.28380373082,1.895480635,267.9093628,car,0.06206920827488846,0,0,0
2025-01-01 00:05:15,0.5476724953378911,3.484359188247525,9.24740754079208,2.884323324,267.9093628,car,0.2075835122130981,0,0,0
2025-01-01 00:05:16,1.138108790567,3.58692195738,9.23742118373,3.770873015,267.9093628,car,0.33875642778477866,0,0,0
2025-01-01 00:05:17,1.402249507144,2.9022622146100003,9.48845665277,4.533241574,265.0829773,car,0.3640736115360987,0,0,0
2025-01-01 00:05:18,1.168358998809307,2.526646307049505,9.472662388247524,5.268666251,314.2873406,car,0.29881394836460773,0,0,0
2025-01-01 00:05:19,0.18029707032045,2.774627133139,9.46041995528,5.119957314,335.6647175,car,0.18339354490377283,0,0,0
2025-01-01 00:05:20,-0.55700220795239,3.82705709381,9.17523300479,5.074406705,3.369152308,car,0.06951032252817613,0,0,0
2025-01-01 00:05:21,-0.6987617689079207,3.7136482208316832,9.164626714128714,6.07837496,3.369152308,car,0.027872178472867774,0,0,0
2025-01-01 00:05:22,-0.712635067758,3.2000305022399997,9.31672327418,7.741637428,1.52895546,car,0.0067830014800196485,0,0,0
2025-01-01 00:05:23,-0.324712257388958,2.4056384491,9.56284595932,9.025763833,0.7616782784,car,0.005690192780021164,0,0,0
2025-01-01 00:05:24,-0.3589416957149505,2.129296856851485,9.567858486326733,9.410651937,0.483620435,car,0.005370389187118418,0,0,0
2025-01-01 00:05:25,-0.4184952346826,2.14221174773,9.57726996466,9.263273505,0.0,car,0.009750795632861483,0,1,1
2025-01-01 00:05:26,-0.25730443268053,2.16548385316,9.5617143126,9.16593699,0.0,car,0.006893310673673555,0,1,1
2025-01-01 00:05:27,-0.0302563884440396,2.464175720178218,9.520638364287128,9.071798463,0.0,car,0.03810444840768207,0,1,1
2025-01-01 00:05:28,0.0344448715232999,2.44123592376,9.52530851895,8.936615259,0.350166142,car,0.04279434050020197,0,1,1
2025-01-01 00:05:29,-0.0575397514115841,2.173875936340594,9.577469688059406,9.092552699,0.350166142,car,0.02888103902322278,0,1,1
2025-01-01 00:05:30,-0.41408839874285,1.920525746156,9.61930405405,9.035494376,0.350166142,car,0.009310269867731192,0,1,1
2025-01-01 00:05:31,-0.6113422073306,2.22100489653,9.586728795,8.890195884,1.494611025,car,0.024285290637698034,0,1,1
2025-01-01 00:05:32,-0.6945378792633663,2.155891058930693,9.580715413752475,8.760330396,1.494611025,car,0.032161947278695695,0,1,1
2025-01-01 00:05:33,-0.42988504943558,1.92132658082,9.61117595692,8.848916152,1.494611025,car,0.012568855219698902,0,1,1
2025-01-01 00:05:34,-0.21387973479582,1.335346133417,9.81825982339,8.7030888,0.8909574151,car,0.008709856389931745,0,1,1
2025-01-01 00:05:35,-0.0478722313659999,1.0728279536970298,9.819258469495049,8.287909441,0.8909574151,car,0.003967844289076183,0,1,1
2025-01-01 00:05:36,-0.076984909054583,1.324960729945,9.78909746692,7.06472841,0.8909574151,car,0.007455597093076293,0,1,1
2025-01-01 00:05:37,-0.067356930540478,1.204522682187,9.78526693277,6.11335973,356.5010681,car,0.008654920182281534,0,1,1
2025-01-01 00:05:38,-0.1031236720300693,1.1163177143148515,9.865060254039603,5.144208933,356.5010681,car,0.010698089628907155,0,1,1
2025-01-01 00:05:39,-0.15661481780681,1.24667652287,9.81424666909,3.960251123,356.5010681,car,0.001966421101239775,0,1,1
2025-01-01 00:05:40,-0.21942869567841,1.57635545199,9.6732458817,2.916300869,356.5010681,car,0.005076988600987542,0,0,0
2025-01-01 00:05:41,-0.1132698995789406,1.1531411396128712,9.845787460851485,1.970255116,4.524743557,car,0.011788418959002315,0,0,0
2025-01-01 00:05:42,-0.3344704650871,1.84888322755,9.65014292446,1.261764807,4.524743557,car,0.0018590510956593162,0,0,0
2025-01-01 00:05:43,-0.429343176268,2.14871272889,9.58134000095,0.09534222497,2.193882158,car,0.0003265709042790337,0,0,0
2025-01-01 00:05:44,-0.4340380073762376,2.1674378393069307,9.57530290660396,0.01235903497,2.193884513,car,0.0005880667110093285,0,0,0
2025-01-01 00:05:45,-0.4336287643459999,2.16907787935,9.56688306426,0.02787365546,2.19388547,car,0.0002652394029726903,0,0,0
2025-01-01 00:05:46,-0.474628504947,2.2977353348,9.5423685425,0.02375510524,2.193887999,car,0.0025968607907480455,0,0,0
2025-01-01 00:05:47,-0.8112698862940594,3.372402399623762,9.27460346179208,0.0,2.193887991,car,0.006308464163266038,0,0,0
2025-01-01 00:05:48,-0.884937263482,3.86092865746,9.13165113375,0.5729298235,2.193890346,car,0.005315392148450132,0,0,0
2025-01-01 00:05:49,-0.27900330963136,3.88171892399,9.17110009911,2.154968662,1.678018377,car,0.0917247443446929,0,0,0
2025-01-01 00:05:50,0.900930465860396,2.863250295792079,9.397167400792078,3.743293926,2.678534296,car,0.24015679047439878,0,0,0
2025-01-01 00:05:51,1.431094523596,2.34949919129,9.59215800466,5.000959198,9.861533254,car,0.2916387088622588,0,0,0
2025-01-01 00:05:52,1.8844672302,2.5233806029799997,9.53877601317,4.92277069,27.2562674,car,0.4131637518196687,0,0,0
2025-01-01 00:05:53,1.220846385402609,4.076683384366337,9.088263235564355,4.307229397,46.14562064,car,0.4190278752894302,0,0,0
2025-01-01 00:05:54,-0.7310213333257001,4.1677725723600005,9.0815293625,4.708347333,69.78505556,car,0.08558495773209907,0,0,0
2025-01-01 00:05:55,-0.869207972718,4.21956786342,8.97701969145,6.494054731,88.65004231,car,0.01635164813441066,0,0,0
2025-01-01 00:05:56,-0.445070510710604,2.9673877013524748,9.433464692376235,8.367805982,91.51241302,car,0.013022790951287612,0,0,0
2025-01-01 00:05:57,-0.27894493103026,2.66699944608,9.47132926946,9.927818893,91.51241302,car,0.021651515862478654,0,0,0
2025-01-01 00:05:58,-0.5062324327499703,3.773437749247525,9.076280727475249,9.654967331,92.77748108,car,0.0316025941534905,0,0,0
2025-01-01 00:05:59,-0.6307777908396,3.93568320461,9.24666296536,10.62989044,92.13304138,car,0.02905069918011037,0,1,1
2025-01-01 00:06:00,-0.5827351959255,4.01494487918,9.07570796816,12.03602499,93.70466614,car,0.017573336560806965,0,1,1
2025-01-01 00:06:01,-0.5040211894695644,3.5318697954059406,9.183222203,13.54690231,96.42094421,car,0.016048991753259963,0,1,1
2025-01-01 00:06:02,-0.23434667358077,2.0919208282899997,9.62481110229,15.08045838,96.85299683,car,0.006780841937578707,0,1,1
2025-01-01 00:06:03,-1.1988449889908,3.1336869644500003,9.39432789468,15.06742046,96.85299683,car,0.04200218354359507,0,1,1
2025-01-01 00:06:04,-2.186829197920792,2.6113049119999996,9.431314213752476,15.18862859,95.37775421,car,0.11318890113297243,0,1,1
2025-01-01 00:06:05,-2.09151517177,1.545208222945,9.59930264711,16.01424809,88.4511795,car,0.14110155016704926,0,1,1
2025-01-01 00:06:06,-2.2842064682200003,1.34044453124,9.69965097189,16.02811654,79.65674591,car,0.16355424709298422,0,1,1
2025-01-01 00:06:07,-2.368068151138614,1.152548312941584,9.821899512257426,15.54259632,68.71759033,car,0.18238598441283407,0,1,1
2025-01-01 00:06:08,-2.68331252286,1.75821377566,9.72186926865,14.96950789,60.5352211,car,0.19345789346519268,0,1,1
2025-01-01 00:06:09,-1.741312422183,2.65810045168,9.42764111939,14.58836322,46.20885468,car,0.11398293350997485,0,1,1
2025-01-01 00:06:10,-0.7279807107831683,3.0170310022178217,9.312136796940594,15.0637574,41.64175034,car,0.03550039086085948,0,1,1
2025-01-01 00:06:11,-0.289689587399472,3.1738020446500004,9.28790071107,15.76088762,41.2151947,car,0.025639347700967773,0,1,1
2025-01-01 00:06:12,-0.2957774276681,3.11526776729,9.2878782577,16.37158494,43.17230988,car,0.02884629185426521,0,1,1
2025-01-01 00:06:13,0.9205130110528712,2.528337344920792,9.53221330409901,17.306996,43.17230988,car,0.08389641098213375,0,1,1
2025-01-01 00:06:14,1.74541389312,3.75881550292,9.28221104278,17.32270193,51.59195328,car,0.14618495432845854,0,1,1
2025-01-01 00:06:15,2.54896240537,3.84983672333,9.2602217696,17.74312843,57.07648849,car,0.1841619973904861,0,1,1
2025-01-01 00:06:16,2.56427004819802,3.631938928227723,9.31456442208911,18.42644818,70.11302185,car,0.17990639950082507,0,1,1
2025-01-01 00:06:17,0.6544226211595,3.54475464474,9.20061123058,18.50548394,78.32471466,car,0.08313928114335875,0,1,1
2025-01-01 00:06:18,-0.22730232238898,3.32932563171,9.22954606014,19.04484399,83.84867096,car,0.035019774880698185,0,1,1
2025-01-01 00:06:19,-0.9970143217673268,3.067582809891089,9.37049613120792,19.82336499,83.84867096,car,0.004538195956783686,0,1,1
2025-01-01 00:06:20,-0.862552812176,3.07553439331,9.28419741223,20.69085657,84.23486328,car,0.004024023572344012,0,1,1
2025-01-01 00:06:21,-0.937801332078,3.07562270963,9.35216507249,21.71148599,84.23486328,car,0.0026623503413904822,0,1,1
2025-01-01 00:06:22,-0.8743836899556435,2.9494354293366336,9.279710662881188,22.62219377,84.23417664,car,0.007624227935515103,0,1,1
2025-01-01 00:06:23,-0.8561147002773,2.9554870331000003,9.35194652682,23.52910242,86.07069397,car,0.0006350645203091497,0,1,1
2025-01-01 00:06:24,-0.6516788268681999,2.45497435453,9.49507289443,24.31735619,86.07069397,car,0.010607671476875467,0,1,1
2025-01-01 00:06:25,-0.3546703799333663,2.052097492782178,9.552296787851486,25.05148467,86.07069397,car,0.0047803595613358715,0,1,1
2025-01-01 00:06:26,-0.285029777521695,1.872641821248,9.60538749396,25.05318634,85.53403473,car,0.004122398217273078,0,1,1
2025-01-01 00:06:27,-0.31750474547864,1.86262165832,9.57388849615,24.72652807,85.41525269,car,0.003844868176352908,0,1,1
2025-01-01 00:06:28,-0.3504539006182594,2.632640741920792,9.398446424128712,24.26886043,85.01449585,car,0.012482734021046167,0,1,1
2025-01-01 00:06:29,-0.3938654525658,2.58116194609,9.48139583603,24.03858976,85.01449585,car,0.009463576873216877,0,1,1
2025-01-01 00:06:30,-0.54429962312205,2.08992996822,9.609964975,24.47208222,85.01449585,car,0.0016468905124403593,0,1,1
2025-01-01 00:06:31,-0.5426927517524059,1.9281863554158416,9.51709918960396,24.72278249,84.90612793,car,0.005366410198257526,0,1,1
2025-01-01 00:06:32,-0.3682836502069,1.97756163941,9.56819583418,24.5289321,84.90612793,car,0.0038580652465632715,0,1,1
2025-01-01 00:06:33,-0.58282051849274,2.086424258385,9.80564854915,24.28110393,84.9925766,car,0.015229539189161244,0,1,1
2025-01-01 00:06:34,-0.5044895225008911,2.323742505059406,9.262416428554456,24.03936753,84.9925766,car,0.017369295533017044,0,1,1
2025-01-01 00:06:35,-0.4525898345916,2.55663844301,9.44331801915,23.88760175,85.03798676,car,0.0028847088659979697,0,1,1
2025-01-01 00:06:36,0.00548758850175,2.4469405609,9.2620824006,24.01314136,85.0308609,car,0.02108168301800695,0,1,1
2025-01-01 00:06:37,-0.063245707595693,2.287212528948515,10.108965427118813,24.32603392,85.27191162,car,0.02613130243991833,0,1,1
2025-01-01 00:06:38,-0.6723942489743,2.05697449949,9.38402781363,24.3693943,85.67552948,car,0.011437749526680058,0,1,1
2025-01-01 00:06:39,-0.8353468872019999,2.4597419403000003,9.29550340123,24.10752547,85.67552948,car,0.014169380872523184,0,1,1
2025-01-01 00:06:40,-0.7509201367129703,2.208408086831683,9.4703385079901,24.07974715,86.03437042,car,0.015619949140853006,0,1,1
2025-01-01 00:06:41,-0.6901563125726,1.6156412567140002,9.33199900839,24.44245391,85.77134705,car,0.02134726167023462,0,1,1
2025-01-01 00:06:42,-0.365221018985,1.96886921538,9.75827655926,24.38187134,85.63558197,car,0.0095808012686839,0,1,1
2025-01-01 00:06:43,-0.5797132918858416,2.001941396930693,9.582456841861386,23.98620875,85.44587708,car,0.011003982078839932,0,1,1
2025-01-01 00:06:44,-0.30812225647484,2.07005879058,9.71170839834,23.79889117,85.44587708,car,0.00856439213416125,0,1,1
2025-01-01 00:06:45,0.1111872848443499,2.40888370056,9.47866401696,23.67958472,85.44587708,car,0.022844001596025645,0,1,1
2025-01-01 00:06:46,-0.2494866354190099,2.282754472811882,9.522726595940595,23.49451054,85.78712463,car,0.018922380415059697,0,1,1
2025-01-01 00:06:47,-0.4333383682253899,1.92556277157,9.56539216437,23.552373,86.0966568,car,0.006198739175273943,0,1,1
2025-01-01 00:06:48,-0.47624514312441,2.09306145631,9.72150402831,23.42361548,86.82975006,car,0.013383776579959842,0,1,1
2025-01-01 00:06:49,-1.033397573360396,2.6482735797920793,9.215254107128713,23.08452836,86.82975006,car,0.01482560607360508,0,1,1
2025-01-01 00:06:50,-0.8596518447676,2.7971073852400004,9.47191006161,23.39751796,86.88847351,car,0.008617914320044313,0,1,1
2025-01-01 00:06:51,-0.49440687560118,2.68044897767,9.49999016861,24.0409444,86.88847351,car,0.010877805829792824,0,1,1
2025-01-01 00:06:52,-0.2181142508639703,2.6237409323069305,9.340556905079207,24.65154567,87.98932648,car,0.01840000235520737,0,1,1
2025-01-01 00:06:53,-0.3591885635401,2.7860738296900003,9.37363791969,24.80356567,87.98265839,car,0.01295145825640775,0,1,1
2025-01-01 00:06:54,-0.5034989685035,2.60518548892,9.33273697352,25.27916857,88.60951996,car,0.00773577354848871,0,1,1
2025-01-01 00:06:55,-0.3795379744489109,2.289280011762376,9.663886023564356,25.74137766,88.91107941,car,0.012081600814161717,0,1,1
2025-01-01 00:06:56,-0.2689786560054999,2.40253240819,9.50696117274,25.85195201,88.91107941,car,0.013454937403966574,0,1,1
2025-01-01 00:06:57,-0.26117987364588,2.422432026646,9.3904000624,25.88868865,90.0,car,0.008356205411872432,0,1,1
2025-01-01 00:06:58,-0.4010857398858614,2.0919636007029703,9.346150224099013,25.98021417,90.0,car,0.009053153140800274,0,1,1
2025-01-01 00:06:59,-0.19123931578712,2.46593007196,9.67176845405,25.98276199,90.0,car,0.016762531924635237,0,1,1
2025-01-01 00:07:00,-0.4938156051625,2.46488524475,9.39984991144,25.7749879,90.0,car,0.008002994686430545,0,1,1
2025-01-01 00:07:01,-0.3294085557366534,2.019333447752475,9.461831446,26.16390534,90.0,car,0.018544306426139485,0,1,1
2025-01-01 00:07:02,-0.50427435607591,1.96552516939,9.71886501651,26.10327988,90.07169557,car,0.00854853706166462,0,1,1
2025-01-01 00:07:03,-0.31057565460074,2.14620394589,9.57731487121,25.90895756,89.993528,car,0.007963464604574316,0,1,1
2025-01-01 00:07:04,-0.2123994022749574,2.2602270612871287,9.475377534326734,25.68227239,90.08883427,car,0.010915693822123231,0,1,1
2025-01-01 00:07:05,-0.24231610107158,2.10498565976,9.53079760434,25.59589041,90.56525274,car,0.004576691434943511,0,1,1
2025-01-01 00:07:06,-0.35891313629185,1.99485218351,9.64646806639,25.49456503,91.07367743,car,0.0021312026259971404,0,1,1
2025-01-01 00:07:07,-0.3053457233711089,1.9774635858910892,9.450972344594058,25.25300539,91.25010214,car,0.005129292106025093,0,1,1
2025-01-01 00:07:08,-0.4903248641972,2.02366726225,9.60220960238,24.94305132,91.32046965,car,0.006002271062232036,0,1,1
2025-01-01 00:07:09,-0.33812736053633,2.13024263762,9.53953942561,24.71864536,91.39473317,car,0.005774552791080644,0,1,1
2025-01-01 00:07:10,-0.3792578638597029,2.2318499332772275,9.43790348169307,24.57009026,91.45100074,car,0.0068347233327519215,0,1,1
2025-01-01 00:07:11,-0.48542704925648,2.21676271821,9.6427812332,24.48881261,91.90541711,car,0.003845255435408825,0,1,1
2025-01-01 00:07:12,-0.37598214111059,2.11496690372,9.38214023912,24.53243577,92.06736377,car,0.006167203739083451,0,1,1
2025-01-01 00:07:13,-0.0923045862800495,2.251527330752475,9.688581698752476,24.45370721,92.31483605,car,0.015129358626208907,0,1,1
2025-01-01 00:07:14,-0.02781964874814,2.27696153413,9.64404909645,24.33130702,92.76372156,car,0.021239491883954492,0,1,1
2025-01-01 00:07:15,0.48738348083797,2.3656535980199997,9.24364074997,24.17290699,93.74461443,car,0.045200099330585476,0,1,1
2025-01-01 00:07:16,0.0161130274447247,2.327478794772277,9.621258825564356,24.00061116,95.30582919,car,0.019912283705216326,0,1,1
2025-01-01 00:07:17,0.1032897079523,2.50504373479,9.39996666906,23.90317248,97.2508182,car,0.030811789844379347,0,1,1
2025-01-01 00:07:18,0.14458583221163,2.97542856443,9.33256333458,23.86192857,98.58838391,car,0.03786096600871854,0,1,1
2025-01-01 00:07:19,0.0839516592516732,2.8042447805940593,9.51283528370297,24.20768851,100.3620078,car,0.03247711628309853,0,1,1
2025-01-01 00:07:20,-0.0313627807626,2.50755700837,9.49874026791,24.73343617,102.5954203,car,0.027263487816829943,0,1,1
2025-01-01 00:07:21,0.34990337219456,2.42242005158,9.5115057221,24.88219966,104.0966945,car,0.037790733974410885,0,1,1
2025-01-01 00:07:22,0.3358155293966327,2.370233450366337,9.507038921752477,24.83527752,105.8376684,car,0.03505152262854075,0,1,1
2025-01-01 00:07:23,0.38251305999498,2.25448876645,9.5117961181,24.75269203,107.8443995,car,0.0365336538620359,0,1,1
2025-01-01 00:07:24,-0.01149160308903,2.13870753475,9.58363173526,24.52444714,109.9023032,car,0.0230195680400292,0,1,1
2025-01-01 00:07:25,0.2950453609050099,2.2311667006237625,9.548040292455443,24.29429825,111.6814306,car,0.03485950104950032,0,1,1
2025-01-01 00:07:26,0.10005343780377,2.25632544711,9.63665297711,24.20628703,113.1776738,car,0.027365941380789086,0,1,1
2025-01-01 00:07:27,0.28940817260395,2.37458552396,9.50137778306,23.94794661,115.0785616,car,0.035006594072067,0,1,1
2025-01-01 00:07:28,0.3345735576370099,2.3619901963069307,9.513751201138614,23.76944386,116.5068085,car,0.03755866775076659,0,1,1
2025-01-01 00:07:29,0.13857732696672,2.30288762058,9.50696865694,23.65966939,118.9934787,car,0.02900814899261066,0,1,1
2025-01-01 00:07:30,0.0743803253186199,2.51584227902,9.40018820812,23.44106775,120.75342,car,0.026995840520239595,0,1,1
2025-01-01 00:07:31,0.3989248868752476,2.6617589032970295,9.459864743683168,23.44594405,122.3909484,car,0.04318245515838685,0,1,1
2025-01-01 00:07:32,0.2399016220051679,2.68938988498,9.47793802644,23.56099713,124.2062799,car,0.032417538836326254,0,1,1
2025-01-01 00:07:33,-0.11548933868573,2.3701592285,9.55820261535,23.71864893,128.4289856,car,0.015882337190290106,0,1,1
2025-01-01 00:07:34,-0.4174018104516832,2.191101995792079,9.466971252732671,23.90169373,130.2875214,car,0.005137626969608123,0,1,1
2025-01-01 00:07:35,-0.3251089324966,2.33557963713,9.58748621972,23.844442,130.2875214,car,0.007443997157528362,0,1,1
2025-01-01 00:07:36,-0.41247924499607,2.85113154136,9.40489142767,23.83006726,129.0411224,car,0.007514242752650556,0,1,1
2025-01-01 00:07:37,-0.6111434770439604,2.867014744821782,9.294060031435643,24.0962185,128.3788452,car,0.0020617480954084745,0,1,1
2025-01-01 00:07:38,-0.6449832504191,2.61119399412,9.38356677238,24.64231586,127.8735046,car,0.009415446765484703,0,1,1
2025-01-01 00:07:39,-0.3344629806536,2.28860581969,9.52259466251,25.31472081,127.6572266,car,0.002185875695088874,0,1,1
2025-01-01 00:07:40,-0.3000147300255564,2.2323019635564356,9.40459848249505,25.4158455,127.2208557,car,0.00754138879198807,0,1,1
2025-01-01 00:07:41,-0.34740057677797,2.1689940536699996,9.62971789827,25.40832449,126.7893448,car,0.00566352094915875,0,1,1
2025-01-01 00:07:42,-0.682609007261,2.24445213773,9.63780408301,25.34931834,127.0759964,car,0.008510508140670569,0,1,1
2025-01-01 00:07:43,-0.4962773917936436,2.2950200555445543,9.391605205089109,25.56543933,127.2707291,car,0.00388932994097172,0,1,1
2025-01-01 00:07:44,-0.4754952026348,2.4053046433,9.52745355822,25.35887839,128.6631463,car,0.006278514156542893,0,1,1
2025-01-01 00:07:45,-0.6297614044277,2.38551130376,9.5359588716,25.45255587,128.8517406,car,0.005283709520246014,0,1,1
2025-01-01 00:07:46,-0.4543111955973267,2.163754903970297,9.445432379673267,25.68398274,128.4343326,car,0.005222139475756337,0,1,1
2025-01-01 00:07:47,-0.52867212067128,2.2429956665099997,9.56612414242,25.74132551,128.3187984,car,0.0030018247531268323,0,1,1
2025-01-01 00:07:48,-0.35350937347716,2.13748906861,9.46637457276,25.68194215,128.6073456,car,0.007544781273140877,0,1,1
2025-01-01 00:07:49,-0.4670688243875742,2.094709869970297,9.61065463991089,25.63243964,128.490509,car,0.0016412630638259124,0,1,1
2025-01-01 00:07:50,-0.42966949767428,2.26221719515,9.60198357228,25.4482716,128.6453247,car,0.0066403675744708185,0,1,1
2025-01-01 00:07:51,-0.4172393463056,2.24110360106,9.54855817118,25.39438454,128.5383759,car,0.004065894831791667,0,1,1
2025-01-01 00:07:52,-0.3604059774638614,2.051371280178218,9.53368647819802,25.38810511,128.5383759,car,0.0028375689852929535,0,1,1
2025-01-01 00:07:53,-0.78925623324781,2.7708699462700004,9.50726803456,25.19993896,128.5174866,car,0.009465863874705455,0,1,1
2025-01-01 00:07:54,-0.6869559677002001,2.8479716125200003,9.36861286928,25.34736339,129.9131317,car,0.0029952433219197936,0,1,1
2025-01-01 00:07:55,-0.4712778933754059,2.908804575069307,9.316580032554455,25.88592002,129.9131317,car,0.008826779987926832,0,1,1
2025-01-01 00:07:56,-0.20194355621281,2.85218684693,9.42355611431,26.45330929,130.4115295,car,0.013221658277058828,0,1,1
2025-01-01 00:07:57,0.1679193099980599,2.50442102962,9.52823643007,27.0013154,130.9849243,car,0.02087588271379555,0,1,1
2025-01-01 00:07:58,-0.4723775867386782,1.8431735364752475,9.714594930643564,27.200938,128.9727478,car,0.014835279588634419,0,1,1
2025-01-01 00:07:59,-0.740565486143,1.69272645723,9.68458180844,26.86104865,128.9727478,car,0.017834152569185076,0,1,1
2025-01-01 00:08:00,-0.5172852996827,1.864693350235,9.43501927671,26.23008301,129.2669067,car,0.008610472146313853,0,1,1
2025-01-01 00:08:01,-0.6872609325376238,2.6201306182970296,9.518856920485147,25.64844116,128.8774414,car,0.006991483926262064,0,1,1
2025-01-01 00:08:02,-0.450742675779842,2.72052214505,9.22649390721,25.57481172,128.8013611,car,0.0054699133782275585,0,1,1
2025-01-01 00:08:03,-0.5594481216386,2.16458123014,9.43601770017,25.98669575,128.6876984,car,0.011619867480583,0,1,1
2025-01-01 00:08:04,-0.466145496930297,1.8989110950198016,9.450474369851486,26.16867414,128.976181,car,0.006405239670153976,0,1,1
2025-01-01 00:08:05,-0.42157133789535,1.92544451755,9.6213263487,25.94189042,128.6776123,car,0.004364888837380706,0,1,1
2025-01-01 00:08:06,-0.24879462890725,2.10853477939,9.58557918561,25.57640668,128.6776123,car,0.004960808295713217,0,1,1
2025-01-01 00:08:07,-0.33558863982545,2.45411514136,9.31498838196,25.27640352,128.5017548,car,0.0066949165697981015,0,1,1
2025-01-01 00:08:08,-0.5006465239606931,2.3529303235346535,9.489525341455446,25.40001928,128.5017548,car,0.002346683220455182,0,1,1
2025-01-01 00:08:09,-0.4445560409567,2.31209497374,9.32609378807,25.58261813,128.5017548,car,0.006416552046474101,0,1,1
2025-01-01 00:08:10,-0.4877876403765,2.05779479367,9.47677045433,25.73892934,128.6312866,car,0.011410941249834758,0,1,1
2025-01-01 00:08:11,-0.3328158267017722,2.2956617902574257,9.493355001158417,25.83214291,128.5583954,car,0.007057135509830674,0,1,1
2025-01-01 00:08:12,-0.3980387741122,2.5633444976999997,9.51601135259,25.80336024,128.1261749,car,0.004298506509795091,0,1,1
2025-01-01 00:08:13,-0.4313490051213,2.45188028872,9.44079127345,26.10833313,128.1261749,car,0.0019411117473927956,0,1,1
2025-01-01 00:08:14,-0.5388260401390297,2.351715028920792,9.462781450544554,26.52011761,129.1401215,car,0.004090400623425412,0,1,1
2025-01-01 00:08:15,-0.3750301208464,2.48235840911,9.44467419865,26.70988418,129.2509613,car,0.004972780070636787,0,1,1
2025-01-01 00:08:16,-0.3587335098256,2.0327563613699997,9.57310412754,27.0456622,128.7737122,car,0.0033840099600077017,0,1,1
2025-01-01 00:08:17,-0.5208678398565346,1.792844038841584,9.599733291465348,27.13091887,127.7617874,car,0.00981733267700326,0,1,1
2025-01-01 00:08:18,0.02799179076782,1.98718213348,9.62833327807,26.90394,127.2389984,car,0.016920637713029835,0,1,1
2025-01-01 00:08:19,0.2237966125492,2.04646485443,9.44209356547,26.62386354,126.4043961,car,0.018473074005833173,0,1,1
2025-01-01 00:08:20,-0.1607612398324851,1.9755087401089109,9.64782190460396,26.35490867,126.2826996,car,0.004978061368978098,0,1,1
2025-01-01 00:08:21,-0.6380167373865401,1.79910873412,9.65414111021,26.14738049,125.5443268,car,0.014701232048104378,0,1,1
2025-01-01 00:08:22,-0.892394755526,1.86809278105,9.56283548123,25.92377463,130.0234566,car,0.02159399549823048,0,1,1
2025-01-01 00:08:23,-1.195577150838614,1.8721953635247524,9.55454952890099,25.650952,129.1509095,car,0.03074935892754117,0,1,1
2025-01-01 00:08:24,-1.283450550819,1.87338876797,9.52194201962,25.65122135,127.6694814,car,0.03255448924986289,0,1,1
2025-01-01 00:08:25,-0.7218918182442999,2.03838465728,9.49283055736,25.64710236,125.856411,car,0.009871271849275809,0,1,1
2025-01-01 00:08:26,-0.1801689012017564,2.2477347224455446,9.528564456128713,25.63218642,124.3778847,car,0.011579128110047297,0,1,1
2025-01-01 00:08:27,-0.00891246643144,2.32815807036,9.52099449027,25.68933271,124.7891395,car,0.019243657719574578,0,1,1
2025-01-01 00:08:28,-0.6346981384257,2.22860459289,9.4353740387,25.71020664,125.4543152,car,0.007914959202563769,0,1,1
2025-01-01 00:08:29,-0.4535019872694059,2.36952650470297,9.409713094049504,25.78888733,125.6290588,car,0.00818516433388904,0,1,1
2025-01-01 00:08:30,-0.44057581787817,2.43640696562,9.39394020089,26.02126261,125.98806,car,0.010976162108630118,0,1,1
2025-01-01 00:08:31,-0.62811333161304,2.4096276535000003,9.49750982671,26.306534,125.98806,car,0.008781413664046448,0,1,1
2025-01-01 00:08:32,-0.2961317156803663,2.537883335564356,9.483803082435644,26.6254461,125.98806,car,0.00781294820268346,0,1,1
2025-01-01 00:08:33,-0.5512242233248,2.4291650253,9.43540697013,26.95086558,125.9653625,car,0.005213238083509977,0,1,1
2025-01-01 00:08:34,-0.5725563629178,2.33072672888,9.42591670539,27.27172392,126.1401138,car,0.004799893886154185,0,1,1
2025-01-01 00:08:35,-0.5188714962158416,2.029833889158416,9.639219990267328,27.55168997,126.1401138,car,0.0045985159231297906,0,1,1
2025-01-01 00:08:36,-0.34217793731808,2.07266487125,9.5978821015,27.62724206,126.3969269,car,0.0049947541095402516,0,1,1
2025-01-01 00:08:37,-0.3968247985816,2.23742275543,9.35303177019,27.46494634,126.3969269,car,0.007614466055733148,0,1,1
2025-01-01 00:08:38,-0.45624074249647,2.29731470948,9.49174980481,27.42803476,126.3969269,car,0.0065530133835944955,0,1,1
2025-01-01 00:08:39,-0.3085128995662445,2.404903433039604,9.512353612316833,27.56502268,126.5426483,car,0.007898366037702975,0,1,1
2025-01-01 00:08:40,-0.3902923828108,2.30161826021,9.46392566544,27.74361117,126.5426483,car,0.0029124962855584064,0,1,1
2025-01-01 00:08:41,-0.5345818313643,2.2893572570800003,9.49807565014,27.89465972,126.735733,car,0.0031089049123951473,0,1,1
2025-01-01 00:08:42,-0.602494136699703,2.35420341870297,9.581743967633663,28.00585721,126.735733,car,0.005175573302923203,0,1,1
2025-01-01 00:08:43,-0.3598367156956999,2.44156972963,9.45408961953,28.17444308,126.9373322,car,0.0057927392316076305,0,1,1
2025-01-01 00:08:44,-0.19096538543739,2.38418206783,9.36818925013,28.37565589,126.8514633,car,0.011129407975313456,0,1,1
2025-01-01 00:08:45,-0.261882639967699,2.3604829346138616,9.608834662227723,28.50857614,126.9382019,car,0.010153344407477886,0,1,1
2025-01-01 00:08:46,0.04014052734613,2.11602370609,9.56864340341,28.59272004,127.9662094,car,0.014514210509103839,0,1,1
2025-01-01 00:08:47,0.6444099426402999,1.87428989414,9.49194739392,28.5196106,128.7141876,car,0.03093443734044944,0,1,1
2025-01-01 00:08:48,1.062366045960396,2.132750071871287,9.697816454940591,27.98078305,129.8287964,car,0.05039119959941025,0,1,1
2025-01-01 00:08:49,1.6793382980499998,2.27248135068,9.44982648445,27.31802569,133.044693,car,0.07643305941113722,0,1,1
2025-01-01 00:08:50,2.055760524,2.42012532348,9.55940461574,26.78646444,138.5550537,car,0.0876627501000523,0,1,1
2025-01-01 00:08:51,1.237064639579208,2.530782754712871,9.517337802168315,26.19563992,139.535202,car,0.05958172716609624,0,1,1
2025-01-01 00:08:52,1.006575814828,2.66877475434,9.37929166278,25.74043266,137.233551,car,0.056957840517338224,0,1,1
2025-01-01 00:08:53,1.0458256942881,3.0969817932,9.35612882993,25.65793901,151.3023376,car,0.06005052774482844,0,1,1
2025-01-01 00:08:54,1.2763142077663368,3.0189502784059403,9.306383414762376,25.81359666,155.4937744,car,0.06862518700684611,0,1,1
2025-01-01 00:08:55,1.656967318751,2.66686472628,9.46874564208,26.26214902,156.8314209,car,0.07514549790823148,0,1,1
2025-01-01 00:08:56,1.078489269954,2.6059489014,9.48299151756,26.10947834,160.2540588,car,0.05591446438512078,0,1,1
2025-01-01 00:08:57,0.6606152435279,2.30000760955,9.57369240456,25.94740428,165.0126801,car,0.038157112050217296,0,1,1
2025-01-01 00:08:58,0.4233108097537228,2.256606372752475,9.460158192663366,25.67884034,167.3214722,car,0.03100613292705392,0,1,1
2025-01-01 00:08:59,0.05018314361319,2.12001740114,9.49070198365,25.33045635,168.4693909,car,0.014950089964877846,0,1,1
2025-01-01 00:09:00,-0.6473198913614,1.85924468085,9.49171537624,24.74242956,168.5567322,car,0.01579853254851517,0,1,1
2025-01-01 00:09:01,-0.9575557822227724,1.8713520677128712,9.60830111779208,24.53088582,167.7273102,car,0.024317163457774904,0,1,1
2025-01-01 00:09:02,-0.699335224918,2.55384375453,9.39206609808,24.31666535,166.6158447,car,0.006344077246798447,0,1,1
2025-01-01 00:09:03,-0.7662131515420001,2.62986017766,9.36089192516,24.48605815,165.704361,car,0.00892089600163586,0,1,1
2025-01-01 00:09:04,-0.9393574871425744,2.372272773960396,9.517680159237624,24.99661879,165.704361,car,0.016197830285286294,0,1,1
2025-01-01 00:09:05,-0.6768998794495,2.29901667019,9.28558951738,25.36091405,165.704361,car,0.013077707401707855,0,1,1
2025-01-01 00:09:06,-0.90571555483119,2.14294073176,9.68488417977,25.5676765,165.704361,car,0.020880516498919057,0,1,1
2025-01-01 00:09:07,-1.16682357789901,2.2603856424752475,9.424007625960396,25.59356876,165.704361,car,0.02691193037241374,0,1,1
2025-01-01 00:09:08,-0.5513020614620899,2.44279568028,9.43702660197,25.71990338,162.1155581,car,0.00401909674031979,0,1,1
2025-01-01 00:09:09,-0.586198992915,2.39408996426,9.4004007661,25.95382661,161.3718576,car,0.006074568417067363,0,1,1
2025-01-01 00:09:10,-0.9557550713475248,2.2846856055148517,9.48604100292079,26.06468575,161.2390666,car,0.02118737241821319,0,1,1
2025-01-01 00:09:11,-0.5755606155444,2.0926288558799997,9.46789690723,26.27184456,160.6704835,car,0.00927605494454457,0,1,1
2025-01-01 00:09:12,-0.46325964660172,1.97128219753,9.48367409813,26.32001503,159.6194721,car,0.006596974750644356,0,1,1
2025-01-01 00:09:13,-0.23112836609319,2.27906615755,9.5968312867,26.08149655,159.3163777,car,0.007223364865428894,0,1,1
2025-01-01 00:09:14,-0.4018845737586832,2.4496322012455445,9.363637127386138,25.81618224,159.5146334,car,0.005618021599745654,0,1,1
2025-01-01 00:09:15,-0.93562186433,2.05151385497,9.55617133923,25.9862733,159.8362159,car,0.022173471598943784,0,1,1
2025-01-01 00:09:16,-0.830583792091,2.11476183005,9.44190495755,26.0969761,159.018714,car,0.01653442347774578,0,1,1
2025-01-01 00:09:17,-0.8341944915485148,2.199259290039604,9.513374756108911,26.03084713,157.9086786,car,0.01729120046053411,0,1,1
2025-01-01 00:09:18,-0.798685125737,2.13918803559,9.52599109949,26.07390209,157.0209934,car,0.015766195430829,0,1,1
2025-01-01 00:09:19,-0.7791208099179999,2.02627483982,9.45542484294,26.1367811,156.1188653,car,0.015307399320670542,0,1,1
2025-01-01 00:09:20,-0.7744257120740594,2.0955857713366335,9.563769464970298,26.06947054,155.2112801,car,0.01530283399062034,0,1,1
2025-01-01 00:09:21,-0.772934175096,2.03171901855,9.53787339027,26.01685186,154.3659758,car,0.01517557899329171,0,1,1
2025-01-01 00:09:22,-0.7244784393154999,2.02618951726,9.51291429291,25.95515036,153.4847347,car,0.014418939203914578,0,1,1
2025-01-01 00:09:23,-0.6588200756037623,2.0663016185544554,9.531353705425744,25.83756494,152.5763114,car,0.012186793035238867,0,1,1
2025-01-01 00:09:24,-0.923440196225,2.18883679046,9.35560342256,25.6768502,151.8787037,car,0.019236107543599272,0,1,1
2025-01-01 00:09:25,-0.8569110442989999,2.31335834656,9.53899755249,25.69905758,150.8914228,car,0.015060288420233253,0,1,1
2025-01-01 00:09:26,-0.5946688253581188,2.2328740412673267,9.409634544514851,25.85685349,149.8290053,car,0.007307686394298959,0,1,1
2025-01-01 00:09:27,-0.8222117019773001,2.07635320126,9.50128647319,25.95386345,149.6077094,car,0.017526051569486716,0,1,1
2025-01-01 00:09:28,-0.42912612762369,2.03817658998,9.54432347717,25.94727437,148.7396622,car,0.004317947514232368,0,1,1
2025-01-01 00:09:29,-0.51424961243509,1.98176190488,9.5353720915,25.79960254,148.1867964,car,0.007633952567802946,0,1,1
2025-01-01 00:09:30,-0.6090330142788118,2.0260738863861385,9.564645366,25.53385967,147.8627457,car,0.008409513224212233,0,1,1
2025-01-01 00:09:31,-0.53276011962866,2.41286542059,9.34348312697,25.29783076,147.2568732,car,0.0038165275170774634,0,1,1
2025-01-01 00:09:32,-0.5207625686530499,2.45618833006,9.42669358977,25.36028738,146.9682543,car,0.003519599357679392,0,1,1
2025-01-01 00:09:33,-0.4783562431718812,2.36504028919802,9.440354819762376,25.58256917,146.8654149,car,0.003342814312159295,0,1,1
2025-01-01 00:09:34,-0.5383839248673999,2.40557857358,9.47292195756,25.78771948,146.6641261,car,0.005534037445695043,0,1,1
2025-01-01 00:09:35,-0.5178840545644,2.37425171815,9.45814169308,25.93107858,146.4860153,car,0.003751745307782944,0,1,1
2025-01-01 00:09:36,-0.4349124266364356,2.3617545477128714,9.446366081633665,26.09050322,146.9890442,car,0.00432189748852797,0,1,1
2025-01-01 00:09:37,-0.34188305053793,2.3323209137000003,9.47414491427,26.1866601,146.9890442,car,0.0022786350595356457,0,1,1
2025-01-01 00:09:38,-0.3678465591455,2.11615992276,9.48135991058,26.26066782,146.8519287,car,0.0023757933991667393,0,1,1
2025-01-01 00:09:39,-0.3794890662460495,2.105797209841584,9.51424621109901,26.18482204,146.8519287,car,0.0033542573975993894,0,1,1
2025-01-01 00:09:40,-0.3897310501052,2.21961877897,9.48475185704,26.03065682,146.8519287,car,0.0034453365950896453,0,1,1
2025-01-01 00:09:41,-0.4453314285258999,2.57642729185,9.26055407863,25.94671049,146.8519287,car,0.0045437154869298665,0,1,1
2025-01-01 00:09:42,-0.5248475738525,2.28531865543,9.59560683271,26.1914624,146.7608795,car,0.00765927009969395,0,1,1
2025-01-01 00:09:43,-0.4158797281127723,2.3027846020990097,9.439880558534654,26.38198536,146.7608795,car,0.002202393205691772,0,1,1
2025-01-01 00:09:44,-0.229707820129775,2.32001500395,9.60967308177,26.40606225,146.4581604,car,0.00705279227823751,0,1,1
2025-01-01 00:09:45,-0.5109399948104,2.19836597446,9.29255153958,26.40153245,146.4581604,car,0.008927221047818075,0,1,1
2025-01-01 00:09:46,-0.529420845870297,2.18947024050198,9.47049412490099,26.40029147,146.4581604,car,0.004057811105999215,0,1,1
2025-01-01 00:09:47,-0.524100627144,2.13238618011,9.53979988419,26.4856722,146.2995148,car,0.006209213196421504,0,1,1
2025-01-01 00:09:48,-0.5558316421469001,2.38535413056,9.40448876488,26.38920102,146.1492767,car,0.0028895934634489916,0,1,1
2025-01-01 00:09:49,-0.5272347977121782,2.403010834049505,9.378503736772275,26.41244417,146.1492767,car,0.006291655498336283,0,1,1
2025-01-01 00:09:50,-0.3894780761748,2.05308109594,9.51697385097,26.69788418,146.6710663,car,0.0031580720498630213,0,1,1
2025-01-01 00:09:51,-0.10569520568928,2.06653811184,9.48848209991,26.66032224,146.6710663,car,0.005854948255173515,0,1,1
2025-01-01 00:09:52,-0.161635659092297,2.267987161742574,9.438769008643565,26.39690097,146.7163239,car,0.007735738371173376,0,1,1
2025-01-01 00:09:53,-0.03099304962249,2.30350733182,9.39264090266,26.32565661,146.7163239,car,0.015960406881051423,0,1,1
2025-01-01 00:09:54,0.124241638187011,2.06920556485,9.50816466995,26.27951459,146.7163239,car,0.01750327907945023,0,1,1
2025-01-01 00:09:55,0.01871857452409,1.84598675078,9.76676540678,26.21136674,146.7163239,car,0.008329966981403774,0,1,1
2025-01-01 00:09:56,0.0485139661740396,1.7829942246534654,9.45381050191089,25.81417601,145.756134,car,0.009757062393481517,0,1,1
2025-01-01 00:09:57,-0.36866984710837,1.70651129151,9.54093302762,25.29860271,148.5264208,car,0.013961103142414373,0,1,1
2025-01-01 00:09:58,-0.6282764923191,1.66977019502,9.61178518978,24.83696784,148.5412866,car,0.014426576330748097,0,1,1
2025-01-01 00:09:59,-0.0275308680779603,1.871888575789109,9.683298131455446,24.41340063,147.4370361,car,0.01735780246882245,0,1,1
2025-01-01 00:10:00,0.6059833511253,2.06888223727,9.49588271018,23.94234282,146.7882453,car,0.037701015875516074,0,1,1
2025-01-01 00:10:01,0.833800602739,2.16343162083,9.58859391635,23.43024856,147.7854206,car,0.05242629654413609,0,1,1
2025-01-01 00:10:02,1.452444477608911,2.306406772732674,9.596893651851484,22.98155182,149.9293883,car,0.08662000890940896,0,1,1
2025-01-01 00:10:03,1.379095655915,2.35543883971,9.55771463012,22.47364151,153.5249613,car,0.086125254220808,0,1,1
2025-01-01 00:10:04,1.562658934079,2.40893609161,9.54111265415,21.94645749,161.0103912,car,0.09876244645903695,0,1,1
2025-01-01 00:10:05,1.8774315046633665,2.5177138919405944,9.55684525009901,21.43603326,170.5228271,car,0.11316781271713616,0,1,1
2025-01-01 00:10:06,2.02385287629,2.57043225857,9.53997801347,21.06576368,175.0309753,car,0.12357376705277137,0,1,1
2025-01-01 00:10:07,1.106656196602,2.30724954986,9.56338783251,20.6171635,182.1786652,car,0.07886211666546512,0,1,1
2025-01-01 00:10:08,1.113975975024,2.2765903060599997,9.55971896216,20.0955418,188.1429291,car,0.07904394676140511,0,1,1
2025-01-01 00:10:09,0.3911707147366435,2.037874100128713,9.575931302930693,19.55853652,189.8303375,car,0.04063659412562039,0,1,1
2025-01-01 00:10:10,0.15407909088159,1.97656022183,9.56679624489,18.90950345,193.0459595,car,0.027402633408727284,0,1,1
2025-01-01 00:10:11,0.06443949737305,1.95260703274,9.53004017967,18.30279063,196.0066376,car,0.02457375519385962,0,1,1
2025-01-01 00:10:12,-0.3199574174050495,1.877478930752475,9.616354667940591,17.78901866,196.0066376,car,0.035609922909845194,0,1,1
2025-01-01 00:10:13,-1.3496039840340002,1.72135891571,9.60899648876,17.11175067,193.5803223,car,0.09944373206587323,0,1,1
2025-01-01 00:10:14,-1.91524921872,1.58088353582,9.6408816835,16.60674605,186.2839508,car,0.13889785394250245,0,1,1
2025-01-01 00:10:15,-1.341440657862376,2.004555762257426,9.74371012750495,16.19696354,178.6869659,car,0.1183399521054639,0,1,1
2025-01-01 00:10:16,-1.584616772425,2.00105528409,9.40704095733,16.12900271,173.0329742,car,0.11265912856299501,0,1,1
2025-01-01 00:10:17,-1.6465998779,2.01186580355,9.55831488186,16.08978361,167.4898224,car,0.11615245242170343,0,1,1
2025-01-01 00:10:18,-1.64548918759,1.83037870789,9.61914688101,16.07880428,161.4808502,car,0.12102128017566817,0,1,1
2025-01-01 00:10:19,-1.222561136369307,1.8575525461089109,9.533412295762377,15.99854771,151.7432098,car,0.09253575908527295,0,1,1
2025-01-01 00:10:20,-0.88270091399476,1.91168213655,9.56071738577,15.86103436,146.4104614,car,0.06553768570567914,0,1,1
2025-01-01 00:10:21,-0.4991954177831,1.069317842074,9.774541736,15.62390104,143.8208313,car,0.0547369363941577,0,1,1
2025-01-01 00:10:22,-0.0764079405544118,0.450629742310495,9.813807428752476,14.94229714,141.7576599,car,0.02978527845566864,0,1,1
2025-01-01 00:10:23,0.13430670776271,0.4688834518441,9.87878945159,13.23167161,140.6199951,car,0.009221592328400025,0,1,1
2025-01-01 00:10:24,0.20949385528375,0.2984912841854,9.92842323718,11.32327543,140.1848602,car,0.004398508683871299,0,1,1
2025-01-01 00:10:25,0.1253383674239604,0.6913558824059406,9.823205212920792,9.389846435,140.1848602,car,0.0024909447390503306,0,1,1
2025-01-01 00:10:26,-0.0374655899038,1.310978306588,9.69408704245,7.242486845,140.1848602,car,0.004706864580123355,0,1,1
2025-01-01 00:10:27,0.10160570983778,0.7331050003039999,9.81505648519,6.269433154,139.9462433,car,0.0031146128409044052,0,1,1
2025-01-01 00:10:28,0.12011322326584,0.721647825625,9.82247356119,4.869300941,139.9462433,car,0.0017211011892782574,0,1,1
2025-01-01 00:10:29,0.0359979142272178,0.913664381569307,9.782080830465349,3.232114347,139.8257751,car,0.0016545852043527572,0,1,1
2025-01-01 00:10:30,-0.23333777160589,1.84630858156,9.54705379944,1.677026451,139.8257751,car,0.0020839413424142902,0,0,0
2025-01-01 00:10:31,-0.19416872405861,1.70615652925,9.58927500003,0.8602131092,139.8257751,car,0.0005784911905019287,0,0,0
2025-01-01 00:10:32,-0.2896328538918812,2.032568301990099,9.508875202168316,0.518287394,139.8257751,car,0.0007956838848466247,0,0,0
2025-01-01 00:10:33,-0.3589176269499999,2.24940084686,9.45057043762,0.04312103563,139.8257751,car,0.00010307987695679897,0,0,0
2025-01-01 00:10:34,-0.3594984191879999,2.25225541075,9.45065276645,0.007168587883,139.8257751,car,0.00030023894888692247,0,0,0
2025-01-01 00:10:35,-0.3590691534356435,2.251139029287129,9.452571494237624,0.03192559631,139.8257751,car,0.00038882806174772024,0,0,0
2025-01-01 00:10:36,-0.35629657745,2.2518213134600003,9.45342200777,0.0469516147,139.8257751,car,0.00028650643257615747,0,0,0
2025-01-01 00:10:37,-0.360327694699,2.25301732641,9.44890290531,0.06177025662,139.8257751,car,0.0003892026370563802,0,0,0
2025-01-01 00:10:38,-0.358284443664,2.2507211014,9.45403273774,0.08000590778,139.8257751,car,0.000547644233550739,0,0,0
2025-01-01 00:10:39,-0.3588157200564357,2.251386534425743,9.449576237752474,0.0941848858,139.8257751,car,0.0002190965026519707,0,0,0
2025-01-01 00:10:40,-0.362240716553,2.25113873286,9.449543573,0.0989630554,139.8257751,car,0.0003415475141822541,0,0,0
2025-01-01 00:10:41,-0.358471554566,2.25107137303,9.45163622128,0.1019166601,139.8257751,car,0.00042124493560628026,0,0,0
2025-01-01 00:10:42,-0.359026173509901,2.2540127563762375,9.45068482350495,0.0,139.8257751,car,0.0005680038642203741,1,0,0
2025-01-01 00:10:43,-0.360884536744,2.25108634186,9.4470153305,0.0,139.8257751,car,0.00029843166432393006,1,0,0
2025-01-01 00:10:44,-0.360740835567,2.2515967804,9.45252088164,0.0,139.8257751,car,0.00046822169863099247,1,0,0
2025-01-01 00:10:45,-0.3603007507316831,2.251844493019802,9.449853384178216,0.0,139.8257751,car,0.00048232742978452796,1,0,0
2025-01-01 00:10:46,-0.36188894806,2.25101149751,9.4540611786,0.0,139.8257751,car,0.0005239503436322221,1,0,0
2025-01-01 00:10:47,-0.361302168275,2.25127195586,9.44891488037,0.0,139.8257751,car,0.0006447737890651169,1,0,0
2025-01-01 00:10:48,-0.36301011658,2.25070912629,9.45291905359,0.0,139.8257751,car,0.00013963374730224283,1,0,0
2025-01-01 00:10:49,-0.3606105026396039,2.2501756860594058,9.451387323049506,0.0,139.8257751,car,0.0006505830515339937,1,0,0
2025-01-01 00:10:50,-0.360510314942,2.25235570223,9.45349385833,0.0,139.8257751,car,0.0002841200919735783,1,0,0
2025-01-01 00:10:51,-0.362363461304,2.25251137842,9.44898673097,0.0,139.8257751,car,0.00028267726914049586,1,0,0
2025-01-01 00:10:52,-0.3621340670396039,2.250620306079208,9.454198803277228,0.0,139.8257751,car,0.0004673012610712279,1,0,0
2025-01-01 00:10:53,-0.35677707824,2.2495744858099997,9.4483056473,0.0,139.8257751,car,0.0004908398873213223,1,0,0
2025-01-01 00:10:54,-0.353747378538,2.25118663333,9.45076652983,0.0,139.8257751,car,0.0004164180734704053,1,0,0
2025-01-01 00:10:55,-0.371639671329,2.30880032502,9.43928390809,0.0,139.8257751,car,0.0002775880129677011,1,0,0
2025-01-01 00:10:56,-0.3801011597227723,2.343649622871287,9.430092990970296,0.0,139.8257751,car,0.00036155238873370783,1,0,0
2025-01-01 00:10:57,-0.440337812804,2.52621121672,9.38713834533,0.1582810883,139.8257751,car,0.0012654774892669404,1,0,0
2025-01-01 00:10:58,-0.678058470168,3.2224853073600004,9.20132524567,0.0,139.8257751,car,0.005111548462286911,1,0,0
2025-01-01 00:10:59,-0.9005673595752475,3.833390305,9.038579918821783,0.9705520276,139.8257751,car,0.01296903784336229,0,0,0
2025-01-01 00:11:00,-0.8022716674929999,3.72302642669,9.07241331941,2.309601572,139.8257751,car,0.008635658481497785,0,0,0
2025-01-01 00:11:01,-0.767506462108,3.79354328608,9.03192401733,3.933394803,139.8257751,car,0.008945416986955765,0,0,0
2025-01-01 00:11:02,-0.4107740088673267,2.1370451007653464,9.457417851881187,5.61877237,139.8257751,car,0.01952560989014853,0,0,0
2025-01-01 00:11:03,-1.326707597345,2.0705647384829997,9.59641814578,5.95380837,139.8257751,car,0.12749380222105486,0,0,0
2025-01-01 00:11:04,-2.62774806976,2.25641376339,9.4267459811,5.089997412,139.8257751,car,0.29369995715719843,0,0,0
2025-01-01 00:11:05,-2.8718454666000004,1.81956220091,9.2814221833,5.034385083,139.8257751,car,0.36763013732502986,0,0,0
2025-01-01 00:11:06,-3.2225269385544553,1.723738240138614,9.452048324673267,5.184507141,103.524936,car,0.3917211319801802,0,0,0
2025-01-01 00:11:07,-3.183379129,2.6266269012,9.22709715278,5.698423856,81.22752587,car,0.3358174397064488,0,0,0
2025-01-01 00:11:08,-2.0769699188199997,3.59205328677,9.03741459957,6.530741104,39.72619629,car,0.14458600338301641,0,0,0
2025-01-01 00:11:09,-0.8712743143456435,3.4797840488514855,9.09144375041584,8.817127233,46.36906897,car,0.01881344212768215,0,0,0
2025-01-01 00:11:10,-0.36432737731199,2.4735402466400003,9.40410256796,10.84302014,43.56618274,car,0.010881671328956033,0,1,1
2025-01-01 00:11:11,-0.701805088814,3.82651072996,8.9848364365,10.79018218,43.64558707,car,0.0175972921929492,0,1,1
2025-01-01 00:11:12,-0.811847254955,3.86607495575,9.01826641844,11.82784594,44.81597792,car,0.008805931825252675,0,1,1
2025-01-01 00:11:13,-0.7598688544991089,3.5931932627326733,9.044207325564356,13.22578064,46.08574604,car,0.01129824553884969,0,1,1
2025-01-01 00:11:14,-0.34457744751026,2.09151217809,9.4559292939,14.7553982,46.90772404,car,0.007803973306158491,0,1,1
2025-01-01 00:11:15,-0.5332466079654999,2.79177247927,9.33894905546,14.91528032,47.31494526,car,0.00816008565333786,0,1,1
2025-01-01 00:11:16,-0.2954721960655247,2.4536219244158417,9.350314831158416,14.88214162,47.51323284,car,0.01837714525023558,0,1,1
2025-01-01 00:11:17,-0.0392543701147,2.12480893705,9.32030382828,15.24458823,47.88721776,car,0.018575452307352327,0,1,1
2025-01-01 00:11:18,-0.22885160064877,2.07612118384,9.56175772242,15.01274506,48.70048224,car,0.006107435853451851,0,1,1
2025-01-01 00:11:19,-0.180657820125293,2.0260278534,9.38585551277,14.70803461,48.95512762,car,0.009525953948504426,0,1,1
2025-01-01 00:11:20,-0.138537652038099,1.9342835771881188,9.534726888841584,14.45592118,49.07133549,car,0.00504780808532243,0,1,1
2025-01-01 00:11:21,-0.10828482056375,1.795487763999,9.44797184128,14.08800784,49.19999372,car,0.009937515628510238,0,1,1
2025-01-01 00:11:22,-0.14910343780347,1.85263891757,9.4134386537,13.72599812,49.35356776,car,0.013859551063160018,0,1,1
2025-01-01 00:11:23,-0.0850246754263069,1.4708250668930694,9.68714854030693,13.37705588,49.48344858,car,0.014267682291378987,0,1,1
2025-01-01 00:11:24,0.026493406677833,1.55891671602,9.68171676627,12.91883495,49.63289661,car,0.01951143830437089,0,1,1
2025-01-01 00:11:25,-0.24211851195996,2.41738601992,9.3625864014,11.99954968,49.89921348,car,0.020805478008800147,0,1,1
2025-01-01 00:11:26,-0.5329303794341089,3.544043489990099,9.07690023140594,11.63466087,50.61455022,car,0.02098508661739261,0,1,1
2025-01-01 00:11:27,-0.4535897552476,3.51111210479,9.11798754733,12.83808218,51.90824311,car,0.02374587722437281,0,1,1
2025-01-01 00:11:28,-0.2938389587401,3.2342598220600003,9.15776283426,14.31138236,53.79793477,car,0.024867706259584364,0,1,1
2025-01-01 00:11:29,-0.07894583129882,2.35701057127,9.41190733785,15.63661617,55.88769488,car,0.021135151574304557,0,1,1
2025-01-01 00:11:30,-0.2022176051360396,1.8790602957524751,9.472626818504953,16.15905401,57.6029921,car,0.0058164217506931175,0,1,1
2025-01-01 00:11:31,-0.25105343169989,2.034893916313,9.55852145248,16.01416151,58.21840347,car,0.005790103910868079,0,1,1
2025-01-01 00:11:32,-0.3073378875736,2.051840176414,9.45914460739,15.88399681,56.68592072,car,0.003829931067398417,0,1,1
2025-01-01 00:11:33,-0.5929674129722772,2.521167106950495,9.539642903544554,15.87140411,58.67405707,car,0.01476552934786612,0,1,1
2025-01-01 00:11:34,-0.68301616060334,2.234884034721,9.67783234429,16.10511632,58.73819353,car,0.024424289792960227,0,1,1
2025-01-01 00:11:35,-0.455053710933,2.43733204196,9.42030337825,16.27173979,57.90507711,car,0.022938699376958565,0,1,1
2025-01-01 00:11:36,-0.09452393646653,2.49873585204,9.39069944008,16.44391041,57.26538558,car,0.0070846158673051685,0,1,1
2025-01-01 00:11:37,-0.1874295451897524,2.2226937261584157,9.426460445980196,16.63097838,57.11027106,car,0.010936544870696657,0,1,1
2025-01-01 00:11:38,-0.2394465682950599,2.17033376765,9.49056876075,16.62339971,56.68878624,car,0.015690775647081233,0,1,1
2025-01-01 00:11:39,-0.1165506317171919,2.39717504883,9.44611121054,16.46235045,56.05915628,car,0.009208617177822735,0,1,1
2025-01-01 00:11:40,-0.0817833959001584,2.4603994146831685,9.376052398623765,16.38094189,55.18089357,car,0.0037803183574992598,0,1,1
2025-01-01 00:11:41,-0.24715853118973,2.6486760498199997,9.3773127779,16.53321841,54.82196115,car,0.00864246664884926,0,1,1
2025-01-01 00:11:42,-0.2920352096574,2.74970096738,9.35183875125,16.70212027,54.60155343,car,0.016191742437081554,0,1,1
2025-01-01 00:11:43,-0.047639932248783,2.75684411317,9.30322434535,17.13189187,54.05308629,car,0.007059713173029404,0,1,1
2025-01-01 00:11:44,0.1922344049175346,2.4251810674257426,9.45677908117822,17.60183168,53.66982621,car,0.0007751905021273368,0,1,1
2025-01-01 00:11:45,-0.10760223999287,2.07758064883,9.48869465791,17.70055563,53.8414429,car,0.02134061732667385,0,1,1
2025-01-01 00:11:46,-0.15242652740526,2.0353953735,9.55021672192,17.47192962,53.52385983,car,0.017808434970542703,0,1,1
2025-01-01 00:11:47,0.0546052596644099,2.0926972236534653,9.466744496673268,17.16635144,52.25953867,car,0.005722711082167849,0,1,1
2025-01-01 00:11:48,-0.04614454193238,2.6344226898,9.45258824153,16.82695631,51.61468263,car,0.009225649930694949,0,1,1
2025-01-01 00:11:49,-0.18379230193909,2.53064948731,9.3207154724,16.81576261,51.62067506,car,0.018400038660508565,0,1,1
2025-01-01 00:11:50,-0.26243875579286,2.52130292355,9.35359459998,17.04894496,48.12854004,car,0.025097945156745658,0,1,1
2025-01-01 00:11:51,-0.2032683903156336,2.5746949042772274,9.500369622247526,17.2336856,49.66740036,car,0.012922102438871168,0,1,1
2025-01-01 00:11:52,0.03929927673219,2.55486014106,9.5032444015,17.43690485,51.74359512,car,0.029283839297147656,0,1,1
2025-01-01 00:11:53,0.041909848023435,2.7945297455,9.47043263421,17.53615916,50.99049759,car,0.028770496109244592,0,1,1
2025-01-01 00:11:54,0.1564010000710198,2.6651024454257426,9.3261260229901,17.71183555,51.93088531,car,0.03427639339256336,0,1,1
2025-01-01 00:11:55,-0.04751269683827,2.44586429901,9.49458640589,17.90049246,52.69621277,car,0.022475994355981216,0,1,1
2025-01-01 00:11:56,0.0587348602289869,2.46760508878,9.31035401908,17.76146752,55.28563309,car,0.030216867967731927,0,1,1
2025-01-01 00:11:57,0.1852849949012772,2.505661726881188,9.33906891018812,17.70462549,57.48679352,car,0.029426923981527887,0,1,1
2025-01-01 00:11:58,0.12489727478216,2.52696265411,9.42161465156,17.65590906,61.25909424,car,0.030179628527148356,0,1,1
2025-01-01 00:11:59,-0.27702741851955,2.45945603483,9.28486053301,17.58931606,64.1203537,car,0.008615023454849359,0,1,1
2025-01-01 00:12:00,-0.23745870208799,2.39577545929,9.51492461267,17.47403943,60.93421936,car,0.005131179733140836,0,1,1
2025-01-01 00:12:01,-0.1995143157620495,2.3438600763267328,9.373968613148516,17.69827013,60.93421936,car,0.006766011806271846,0,1,1
2025-01-01 00:12:02,-0.2741219604485,2.38825060729,9.43365860595,17.54033668,60.84376144,car,0.0013444949852657701,0,1,1
2025-01-01 00:12:03,-0.30649963073511,2.4356390625,9.40230780027,17.58163701,60.84376144,car,0.0027832643698485365,0,1,1
2025-01-01 00:12:04,-0.2193310274946514,2.011742302960396,9.465902682920792,17.6562919,60.53770828,car,0.007581634349634476,0,1,1
2025-01-01 00:12:05,-0.256247630315065,1.834784046935,9.57274936538,17.5564538,60.29033279,car,0.006755949216826452,0,1,1
2025-01-01 00:12:06,-0.2092289062532,1.7883101898172422,9.32056279002,17.10182925,60.66328049,car,0.016413019614555317,0,1,1
2025-01-01 00:12:07,-0.21071381835552,1.909291607661,9.82845362542,16.73418506,60.5029335,car,0.015976641394424916,0,1,1
2025-01-01 00:12:08,-0.0946610720797524,1.869154163,9.374365806920792,16.31529929,62.29785156,car,0.014938620312874958,0,1,1
2025-01-01 00:12:09,-0.17074992370751,1.86936064451,9.58195971216,15.93225117,62.5911293,car,0.005904245384880236,0,1,1
2025-01-01 00:12:10,-0.3253319686927199,2.09298810882,9.46761549239,15.52466364,62.5911293,car,0.005003787835404442,0,1,1
2025-01-01 00:12:11,-0.2811583974063663,2.224996857574258,9.427755771980198,15.33644245,61.21829224,car,0.004837512837719073,0,1,1
2025-01-01 00:12:12,-0.20127594452253,2.27244692228,9.37671402288,15.34132269,60.66724396,car,0.010198891966533515,0,1,1
2025-01-01 00:12:13,-0.3363236114437999,2.2120490204000003,9.49544412232,15.44246329,61.06675339,car,0.00468815434258974,0,1,1
2025-01-01 00:12:14,-0.3248769149796999,2.11203300477,9.50046318521,15.52242638,61.06675339,car,0.00313812080068464,0,1,1
2025-01-01 00:12:15,-0.2977219730682178,2.075137699306931,9.548185534960396,15.61697345,60.27014542,car,0.0031881754322500974,0,1,1
2025-01-01 00:12:16,-0.2026455963051089,2.09486670229,9.55011942421,15.5377614,59.40322113,car,0.005225634736004131,0,1,1
2025-01-01 00:12:17,-0.379317205808,2.0889315445,9.60085342266,15.48633205,59.40322113,car,0.008001911488512231,0,1,1
2025-01-01 00:12:18,-0.3523346430682178,2.1548491660762377,9.490820667534654,15.39879422,59.40322113,car,0.0021674816842350876,0,1,1
2025-01-01 00:12:19,-0.4676844452020999,2.52659891049,9.45125002452,15.17710654,59.01514053,car,0.009423568632859678,0,1,1
2025-01-01 00:12:20,-0.3965912841819999,2.6212006850900003,9.34221226967,15.21147967,59.72438431,car,0.006878133457859845,0,1,1
2025-01-01 00:12:21,-0.41146435546794,2.2689352248700003,9.50075807194,15.7150021,60.52398682,car,0.007423463965948787,0,1,1
2025-01-01 00:12:22,-0.4475692749059703,2.2304612369405943,9.47507074649505,15.77748676,60.33920288,car,0.008210940872657604,0,1,1
2025-01-01 00:12:23,-0.4219335845957,2.21733153535,9.41467807592,15.72173116,59.55879974,car,0.00743909937405296,0,1,1
2025-01-01 00:12:24,-0.16252003785428,2.29944777376,9.51767140053,15.73558575,59.4214592,car,0.015387750046796485,0,1,1
2025-01-01 00:12:25,-0.0279399184449594,2.285942397940594,9.481382867891089,15.76953413,59.65713501,car,0.015778547771493262,0,1,1
2025-01-01 00:12:26,-0.19148929595864,2.193794480874,9.43872706599,15.68081966,62.69932065,car,0.00455658751006246,0,1,1
2025-01-01 00:12:27,-0.22575005034455,2.1915222061099997,9.4961686157,15.59647524,63.15499668,car,0.008267485699021667,0,1,1
2025-01-01 00:12:28,-0.4274383650695049,2.1129392884158413,9.46223012171287,15.53417948,63.38023073,car,0.009224357789850575,0,1,1
2025-01-01 00:12:29,-0.26824817503788,2.148922293097,9.47125741865,15.35692288,63.1610189,car,0.005524203732531515,0,1,1
2025-01-01 00:12:30,-0.178074192813,2.12169092101,9.48089737244,15.29096291,62.75454547,car,0.005519425917502315,0,1,1
2025-01-01 00:12:31,-0.2251258483886,2.11774512643,9.52483699932,15.04616043,62.94089652,car,0.006515801925112154,0,1,1
2025-01-01 00:12:32,-0.3405655526648317,2.1883157107029705,9.456420421039605,14.9500711,63.00265843,car,0.002343989515546233,0,1,1
2025-01-01 00:12:33,-0.3102478363027,2.19032469637,9.44213847175,14.9500711,63.00265843,car,0.0038287635652639518,0,1,1
2025-01-01 00:12:34,-0.1746148864780499,2.16554522554,9.48291367956,14.9500711,63.00265843,car,0.003942739895502126,0,1,1
2025-01-01 00:12:35,-0.2440326305421584,2.0987588758217823,9.464915626455443,14.9500711,63.00265843,car,0.004792487583030825,0,1,1
2025-01-01 00:12:36,-0.32517180176887,2.069103776514,9.4955339353,14.9500711,63.00265843,car,0.0052076415770665775,0,1,1
2025-01-01 00:12:37,-0.29156219330129,2.02604581603,9.54834112227,14.9500711,63.00265843,car,0.003345390113220723,0,1,1
2025-01-01 00:12:38,-0.23571333160375,1.96497431489,9.30715816506,14.9500711,63.00265843,car,0.015387703968765052,0,1,1
2025-01-01 00:12:39,-0.1913851807923594,2.0225450859069305,9.529364771881188,14.9500711,63.00265843,car,0.004419781378031876,0,1,1
2025-01-01 00:12:40,-0.23958577880784,1.99476536404,9.35433705609,14.9500711,63.00265843,car,0.01416978126109058,0,1,1
2025-01-01 00:12:41,-0.18065332946307,2.008235852096,9.41948757467,14.9500711,63.00265843,car,0.007868075446681624,0,1,1
2025-01-01 00:12:42,-0.1021099385183188,1.7090954227425743,9.70283769679208,12.82999992,69.609375,car,0.004034463476316612,0,1,1
2025-01-01 00:12:43,-0.1711900085393,1.8057279693833,9.64693210161,12.82999992,69.60951456,car,0.027466128233609048,0,1,1
2025-01-01 00:12:44,-0.3801913879503,1.95500504612,9.75256443795,12.36831314,61.07570032,car,0.026862384484865456,0,1,1
2025-01-01 00:12:45,-0.20386406249594,2.0212482925399997,9.46535519225,11.98807104,60.99589846,car,0.006724391523230606,0,1,1
2025-01-01 00:12:46,-0.4669784183307029,2.0175016135445545,9.544890901059404,11.77016388,60.88654776,car,0.011190438655047057,0,1,1
2025-01-01 00:12:47,-0.56331308441263,2.0435803528100003,9.5533751541,11.59007223,60.5595594,car,0.02368188139822744,0,1,1
2025-01-01 00:12:48,-0.04099375305486,2.2001787048400003,9.41884541003,11.44616109,59.1042216,car,0.030699674355323756,0,1,1
2025-01-01 00:12:49,-0.0184161588427445,2.231512022108911,9.446893697277227,11.46016625,58.98806009,car,0.031956100363957594,0,1,1
2025-01-01 00:12:50,-0.07584278412783,2.20552259214,9.56025484754,11.20314351,61.10547033,car,0.030020704040872485,0,1,1
2025-01-01 00:12:51,-0.1788615554850099,2.03433707431,9.51662956707,10.99614376,61.98514086,car,0.023442222690333095,0,1,1
2025-01-01 00:12:52,-0.3808530120821,2.07482637633,9.5313559434,11.18613367,63.87290962,car,0.0060344542839607,0,1,1
2025-01-01 00:12:53,-0.9147285053472674,0.5683843752487328,9.893235821039603,10.83586368,67.60229492,car,0.1008242586170355,0,1,1
2025-01-01 00:12:54,-1.96371094208,-0.1301064422631,9.91904823301,9.024633139,66.48886108,car,0.28321681803331694,0,1,1
2025-01-01 00:12:55,-1.771413327028,0.5466557235761,9.7945715835,7.000881008,66.48886108,car,0.34520984253598175,0,1,1
2025-01-01 00:12:56,-1.0124648654960395,0.8339855201633664,9.696577447683168,5.339932894,25.48585164,car,0.3218667289273859,0,1,1
2025-01-01 00:12:57,-1.021165974436,1.71213060604,9.55388559275,4.252636533,4.970051419,car,0.2905942771990346,0,1,1
2025-01-01 00:12:58,-0.968846772775,2.02742295231,9.49331405159,3.667400681,334.5593872,car,0.2296943777292586,0,1,1
2025-01-01 00:12:59,-0.8093818817180001,2.7907680679,9.25668761903,3.867177888,334.5593872,car,0.10410237715678801,0,1,1
2025-01-01 00:13:00,-0.6747137571988119,2.9126623943366337,9.258030993772277,4.650802843,331.4308167,car,0.01975386759799356,0,1,1
2025-01-01 00:13:01,-0.9644489181558,2.84692379151,9.32107322849,5.692244454,331.4308167,car,0.04098324538600008,0,1,1
2025-01-01 00:13:02,-0.4872757049593,2.38294713592,9.53076018213,6.799194617,330.0802917,car,0.01659147342757569,0,1,1
2025-01-01 00:13:03,-0.2353684695399307,2.1728266332871287,9.500234754227725,7.438833374,328.3385925,car,0.012622288845842346,0,1,1
2025-01-01 00:13:04,-0.12288396148963,2.06288271334,9.49528096147,7.543477051,330.0939941,car,0.028144386797913888,0,1,1
2025-01-01 00:13:05,0.06824907531965,1.452815853896,9.69375622999,7.434576326,330.5289917,car,0.03540606273029622,0,1,1
2025-01-01 00:13:06,0.09547595672705,1.447196539294,9.7062387727,6.878446164,330.5289917,car,0.026486513665099427,0,1,1
2025-01-01 00:13:07,0.4191121152391089,2.274407474049505,9.40317421650495,5.784331361,330.5289917,car,0.1397350369670768,0,1,1
2025-01-01 00:13:08,-0.03288960572053,2.2964510055700003,9.66714606628,4.867960794,334.1131592,car,0.1660403204976046,0,1,1
2025-01-01 00:13:09,-0.75551489868588,2.1378348495,9.43200903639,4.942868404,343.8120728,car,0.04142407907802906,0,1,1
2025-01-01 00:13:10,-1.0845555462475247,2.1021157564851483,9.367982546237624,4.578248098,351.209137,car,0.14998544427128704,0,1,1
2025-01-01 00:13:11,-0.7065142959626001,2.6139258133300003,9.28997988743,4.207682038,351.209137,car,0.10395903287212203,0,1,1
2025-01-01 00:13:12,-0.5557059036202,2.44313247992,9.40514739561,4.616339262,331.8142395,car,0.02950854012491959,0,1,1
2025-01-01 00:13:13,-0.7204952224673601,2.70690196835,9.43345053883,5.272881958,331.473877,car,0.041533082550922605,0,1,1
2025-01-01 00:13:14,-0.6177268165896337,2.9424222904158412,9.260836545712872,5.451347701,331.473877,car,0.025050694116387634,0,1,1
2025-01-01 00:13:15,-0.50544791566443,2.86254979706,9.35539535526,6.184288102,330.6034241,car,0.00980626783466747,0,1,1
2025-01-01 00:13:16,-0.40858284760653,2.4916166564899997,9.31739238301,6.747899556,330.6034241,car,0.003774444881051237,0,1,1
2025-01-01 00:13:17,-0.3589120543649208,2.206860809316832,9.532324459217822,7.278408459,330.6034241,car,0.010062085551560115,0,1,1
2025-01-01 00:13:18,-0.4238630721965999,2.1705777603,9.38218813941,7.260719776,330.6221313,car,0.006808718302382969,0,1,1
2025-01-01 00:13:19,-0.4019501403809999,2.19114499056,9.50620374751,7.310754117,330.6221313,car,0.011077397113506677,0,1,1
2025-01-01 00:13:20,-0.33185989379767,2.1926014618,9.38839423345,7.086655033,330.6221313,car,0.01324713527104179,0,1,1
2025-01-01 00:13:21,-0.3294470894589802,2.15879739139604,9.579688341316832,7.019357068,330.6221313,car,0.013540873630468537,0,1,1
2025-01-01 00:13:22,-0.4025234481731,2.025945524556,9.80540455614,6.945052797,330.6221313,car,0.0364438371761146,0,1,1
2025-01-01 00:13:23,-0.7755971374722,1.954785003635,9.15530195126,6.880229638,330.6221313,car,0.07898810637781621,0,1,1
2025-01-01 00:13:24,-0.7436120665799505,2.968088718831683,9.3279741599901,7.015428849,330.7150269,car,0.0532289158472404,0,1,1
2025-01-01 00:13:25,-0.621356382763,2.69138822935,9.39832757727,6.926289743,330.7150269,car,0.005598778167047579,0,1,1
2025-01-01 00:13:26,-0.47722710115093,2.30258075868,9.38999141231,7.561672391,330.7150269,car,0.005578567524679346,0,1,1
2025-01-01 00:13:27,-0.49919092713885,2.26249262241,9.48892667551,7.589281591,330.7150269,car,0.0022037931293102625,0,1,1
2025-01-01 00:13:28,-0.4993067358240594,2.2186239714950493,9.388132722920792,7.806549039,330.7150269,car,0.006222507365906404,0,1,1
2025-01-01 00:13:29,-0.4845648422256999,2.17460438691,9.50330876758,7.544669543,330.7150269,car,0.005344880274414555,0,1,1
2025-01-01 00:13:30,-0.50655860596378,2.076618150322,9.52891901076,7.745066983,330.7150269,car,0.00630584982408754,0,1,1
2025-01-01 00:13:31,-0.4151312844946733,1.965660407920792,9.48764015281188,7.594839898,330.7150269,car,0.006197566744551169,0,1,1
2025-01-01 00:13:32,-0.2601500152543,1.60088793636,9.60439206392,7.442098792,330.8034058,car,0.007667815695142758,0,1,1
2025-01-01 00:13:33,-0.2795302139337,1.272918452486,9.75143129384,7.057045157,330.8034058,car,0.05111931573482227,0,1,1
2025-01-01 00:13:34,-0.00344284058392,1.930526449617,9.54594310907,5.487979177,330.8034058,car,0.0664642469836199,0,1,1
2025-01-01 00:13:35,2.2539816329356435,2.3759127294158415,9.546011343732673,4.997448177,330.8034058,car,0.4741536517922003,0,1,1
2025-01-01 00:13:36,2.218558982838,2.58932297517,9.60127704147,4.184351093,330.8034058,car,0.6317003173658685,0,1,0
2025-01-01 00:13:37,0.5890505630479,2.79996344609,9.3943368761,4.006163747,22.11749189,car,0.3477232121216488,0,1,0
2025-01-01 00:13:38,-0.1443384604780594,3.4203857860099007,9.161947137920793,4.857704836,60.65095901,car,0.11258019712289742,0,1,0
2025-01-01 00:13:39,-0.61874581146513,3.2037427826,9.14205000908,5.379544458,60.65095901,car,0.027421116524598096,0,1,0
2025-01-01 00:13:40,-0.6670294051822,2.57219409481,9.40041723159,6.641955418,60.65095901,car,0.019454719904595866,0,1,0
2025-01-01 00:13:41,-0.4559802841121,2.39713163906,9.46653773346,7.254313927,60.65095901,car,0.019065519844060803,0,1,0
2025-01-01 00:13:42,-0.613714862500594,2.058255479251485,9.476961863247524,7.478633227,60.65095901,car,0.017460646045018926,0,1,0
2025-01-01 00:13:43,-0.41100630797874,2.070289311234,9.48460516187,7.541240872,60.66715622,car,0.01711194261631943,0,1,0
2025-01-01 00:13:44,-0.2806274322588999,2.10140809936,9.44907355046,7.256148516,60.66715622,car,0.008586073782094267,0,1,0
2025-01-01 00:13:45,-0.257373289499591,1.94482621309,9.50998638151,7.007885361,60.66715622,car,0.010638349828496116,0,1,0
2025-01-01 00:13:46,-0.2352825096917228,1.6722734795643563,9.590768270930694,6.759597152,60.66715622,car,0.008849452596317458,0,1,1
2025-01-01 00:13:47,-0.30571526184246,2.07027284547,9.5617322754,6.239330733,60.70149231,car,0.011229257826852928,0,1,1
2025-01-01 00:13:48,-0.69014583438263,2.049040997314,9.55833883221,6.015566242,60.70149231,car,0.029564651966966723,0,1,1
2025-01-01 00:13:49,-0.6674560773601584,1.875516674712871,9.46638139019802,6.39274742,60.70149231,car,0.07751134093398532,0,1,1
2025-01-01 00:13:50,-1.23276744691,1.6533717956449998,9.59622205363,5.429406534,60.44885635,car,0.18083068267114522,0,1,1
2025-01-01 00:13:51,-1.683561016837,1.566785852072,9.46497198934,5.07033987,61.35264206,car,0.3190713565080538,0,1,1
2025-01-01 00:13:52,-1.970131091264,1.370093376157,9.53103560927,4.988567403,61.35264206,car,0.446272951592394,0,1,1
2025-01-01 00:13:53,-2.0860842427435644,1.2826337395178218,9.800330997752477,5.077201964,13.45038169,car,0.4430003156394129,0,1,1
2025-01-01 00:13:54,-0.5725443878163999,1.91462801055,9.53011502364,4.78780164,331.2692871,car,0.17435502431665575,0,1,1
2025-01-01 00:13:55,-0.12943433990108,2.27164309388,9.40618773219,4.55842991,331.2692871,car,0.04646168239049777,0,1,1
2025-01-01 00:13:56,-0.60704852716,2.801735641910891,9.325322743079209,4.405945231,331.2692871,car,0.02461169897244705,0,1,1
2025-01-01 00:13:57,-0.6750347579677001,2.73640112456,9.30678394317,4.791477327,331.2692871,car,0.006932145187890014,0,1,1
2025-01-01 00:13:58,-0.6461687850966,2.56685469815,9.39864342037,5.30948138,330.4141235,car,0.007384035535043569,0,1,1
2025-01-01 00:13:59,-0.50181796416066,2.46720691677,9.35984709769,5.85248993,330.4141235,car,0.00672774545838529,0,1,1
2025-01-01 00:14:00,-0.4077402186603366,2.345466636435644,9.431514292871288,6.128923684,330.4141235,car,0.004690434137084698,0,1,1
2025-01-01 00:14:01,-0.48705416565026,2.3182426895,9.45775399939,6.231649297,330.4141235,car,0.00662273855875877,0,1,1
2025-01-01 00:14:02,-0.5022071548418581,2.24049885866,9.49093849174,6.201401766,330.6200256,car,0.009297151913264703,0,1,1
2025-01-01 00:14:03,-0.4067902140123862,2.232407190336634,9.314179084683168,6.270742825,330.6200256,car,0.020947842999847782,0,1,1
2025-01-01 00:14:04,-0.3627736083998,2.16971705014,9.44902564998,6.131674424,330.6200256,car,0.010361165150298512,0,1,1
2025-01-01 00:14:05,-0.51126032867342,1.97363829803,9.59199783772,6.122947503,330.6200256,car,0.007335236888955918,0,1,1
2025-01-01 00:14:06,-0.33755255584214,1.661513365191,9.54474110881,6.057251947,328.2530518,car,0.022926859796060604,0,1,1
2025-01-01 00:14:07,-1.255655682221782,1.06501301679901,9.742420730039605,5.795888738,328.8406067,car,0.1666627360703868,0,1,1
2025-01-01 00:14:08,-1.737134609996,1.040251286324,9.74421330413,5.181090721,328.8406067,car,0.35788296243466866,0,1,1
2025-01-01 00:14:09,-1.95020003809,0.980000079319,9.67839517393,4.656586188,289.3356628,car,0.4832408223020704,0,1,1
2025-01-01 00:14:10,-1.9665170424059408,1.721498837606931,9.436834911772277,4.041084457,289.3356628,car,0.525870531380036,0,1,0
2025-01-01 00:14:11,-2.674274317956,1.47206133276,9.60727357179,3.962333993,289.3356628,car,0.5898830232128743,0,1,0
2025-01-01 00:14:12,-2.5747567657,1.085639900207,9.65625920579,4.714442823,218.602236,car,0.6048601233554007,0,1,0
2025-01-01 00:14:13,-1.1711989791912,1.882401525855,9.44990881356,5.009867115,190.7638702,car,0.3319847527249331,0,1,0
2025-01-01 00:14:14,-0.485246370502594,2.8683945487821783,9.30027581840594,4.41592158,151.3036194,car,0.04188420885039296,0,1,0
2025-01-01 00:14:15,-0.4561120101846,2.5186145141500003,9.40566980892,4.373750817,150.896637,car,0.013419581662282559,0,1,0
2025-01-01 00:14:16,-0.3449666381815099,2.19981047058,9.48626970027,4.947479183,150.896637,car,0.011605649841123226,0,1,0
2025-01-01 00:14:17,-0.3354212996939504,2.0394984451485145,9.515716421386138,5.049407603,150.896637,car,0.006422650923109835,0,1,0
2025-01-01 00:14:18,-0.055681210326698,1.221681500235,9.7212585388,4.882599057,150.896637,car,0.007471896178695692,0,1,0
2025-01-01 00:14:19,-0.50679511413376,1.377705047623,9.63470402956,4.100134812,150.896637,car,0.05622661804462108,0,1,0
2025-01-01 00:14:20,-1.117183804324,1.529143629481,9.65628016211,2.780773953,150.896637,car,0.25579470071553057,0,0,0
2025-01-01 00:14:21,-0.822315728219802,1.544793525920792,9.554675504277228,2.51742344,150.896637,car,0.3643886566668063,0,0,0
2025-01-01 00:14:22,-0.33496144408747,1.8984376785,9.57817558138,2.157945466,150.896637,car,0.2376820146608752,0,0,0
2025-01-01 00:14:23,-0.205769599915593,2.0505214187600003,9.5085493698,1.591303226,101.5033466,car,0.04835045259511534,0,0,0
2025-01-01 00:14:24,-0.2065570959748613,1.5804342620903369,9.678841557445544,1.351142445,150.896637,car,0.005626136608437887,0,0,0
2025-01-01 00:14:25,-0.4112562881413,2.2637425232263,9.39781414483,0.7906303072,150.896637,car,0.0028677746571955515,0,0,0
2025-01-01 00:14:26,-0.4402015960751,2.34822234649,9.44481939695,0.3843590686,150.896637,car,0.002202752360143112,0,0,0
2025-01-01 00:14:27,-0.469310064701,2.41031322784,9.41948458106,0.1157013749,150.896637,car,0.0005293093234243664,0,0,0
2025-01-01 00:14:28,-0.464697517919802,2.4103930075544553,9.423057621118812,0.08283574531,150.896637,car,0.0004848228520889766,0,0,0
2025-01-01 00:14:29,-0.461726834106,2.39724540249,9.4228780243,0.0,150.896637,car,0.0004989135740903876,0,0,0
2025-01-01 00:14:30,-0.476700196831,2.383324351428,9.4778991073,0.1190600491,150.896637,car,0.047854028656850796,0,0,0
2025-01-01 00:14:31,-1.4711600139752476,8.092075906881188,2.909062454751485,0.1186361773,150.896637,car,1.27005283919102,0,0,0
2025-01-01 00:14:32,-1.347476907339535,5.76402315211,7.207541839585,2.775172655,150.896637,car,0.9460929770014669,0,0,0
2025-01-01 00:00:01,0.3832180938320999,-1.4297667846769,9.95160702653,0.0,6.328125,train,0.3447566936059483,0,0,0
2025-01-01 00:00:02,0.3376355070998019,0.0801116248685148,9.789840930980198,0.0,6.328125,train,0.12736251430528653,0,0,0
2025-01-01 00:00:03,0.236861444114514,0.1177646072533,9.82296603681,0.0,6.328125,train,0.1525952813527743,0,0,0
2025-01-01 00:00:04,0.1786235504165,0.1429332687409999,9.7919370621,0.0,6.328125,train,0.011378062639596382,0,0,0
2025-01-01 00:00:05,0.150394184380495,0.148387466280792,9.798908214019802,0.0,6.328125,train,0.011331880600483757,0,0,0
2025-01-01 00:00:06,0.1702230194089,0.250641787719,9.82431922296,0.0,6.328125,train,0.012250654792538502,0,0,0
2025-01-01 00:00:07,0.14371763763146,0.318103500365,9.82699416056,0.0,6.328125,train,0.012366322135902639,0,0,0
2025-01-01 00:00:08,0.1263713678093168,0.4867328832663366,9.786793802069308,0.0,6.328125,train,0.014622674347733395,0,0,0
2025-01-01 00:00:09,0.2153751251254859,0.532381407167,9.79977027288,0.0,6.328125,train,0.0160906676739234,0,0,0
2025-01-01 00:00:10,0.2244148269683,0.535177592468,9.79966549071,0.0,6.328125,train,0.015201793004881363,1,0,0
2025-01-01 00:00:11,0.2301026871176237,0.5234999900297029,9.80264450379208,0.0,6.328125,train,0.016004793128113596,1,0,0
2025-01-01 00:00:12,0.246261895751,0.513631398008,9.79551462245,0.0,6.328125,train,0.016421920144449077,1,0,0
2025-01-01 00:00:13,0.2196232910122,0.50234636535,9.83322570187,0.0,6.328125,train,0.016188108133130895,1,0,0
2025-01-01 00:00:14,0.2114049356273267,0.4747400008118811,9.789762381366335,0.0,6.328125,train,0.016595892144323197,1,0,0
2025-01-01 00:00:15,0.2211141906794,0.381189811708,9.83216440887,0.0,6.328125,train,0.01567968790629694,1,0,0
2025-01-01 00:00:16,0.2218401809679,0.38174515686,9.76751834107,0.0,6.328125,train,0.015930527964996864,1,0,0
2025-01-01 00:00:17,0.2242752014775247,0.3773163566950495,9.821324470435645,0.0,6.328125,train,0.01718772236957097,1,0,0
2025-01-01 00:00:18,0.1981893630932,0.361460838317,9.81473016361,0.0,6.328125,train,0.015679684969696288,1,0,0
2025-01-01 00:00:19,0.19910545806799,0.3216571105949999,9.82813927925,24.93000031,18.6328125,train,0.01657918711818315,0,0,0
2025-01-01 00:00:20,0.1852835128381188,0.2841077098257425,9.810460922663369,0.0,18.6328125,train,0.01622945055804953,0,0,0
2025-01-01 00:00:21,0.1643267806991299,0.2578283432,9.8248191834,24.93000031,15.46875,train,0.016216603984744834,0,0,0
2025-01-01 00:00:22,0.1470347396858,0.248062651061,9.82606908416,26.75,19.3359375,train,0.01738380385043824,0,0,0
2025-01-01 00:00:23,0.1224735327979505,0.250738981650495,9.87191481189109,26.95000076,15.8203125,train,0.01640993188083272,0,0,0
2025-01-01 00:00:24,0.11963871002413,0.2454505828829999,9.83510130159,27.95000076,14.0625,train,0.01626492610575382,0,0,0
2025-01-01 00:00:25,0.0736587071209306,0.2538439110504951,9.85260496689109,27.90999985,13.7109375,train,0.017194684355371526,0,0,0
2025-01-01 00:00:26,0.033301249692648,0.254207373048,9.86642815701,27.90999985,13.359375,train,0.018369925072957247,0,0,0
2025-01-01 00:00:27,0.08785530395487,0.267067131038,9.77564344479,27.90999985,12.65625,train,0.017324540262317518,0,0,0
2025-01-01 00:00:28,0.0421203311156613,0.3623637873574257,9.815529590277228,27.45999908,11.953125,train,0.018941924394411246,0,0,0
2025-01-01 00:00:29,0.021155506897688,0.442545721435,9.82067130891,27.79999924,9.4921875,train,0.01774079137499407,0,0,0
2025-01-01 00:00:30,-0.0197918426515679,0.461720846558,9.65711991574,27.45999908,8.0859375,train,0.018755104800204016,0,1,1
2025-01-01 00:00:31,0.0149644258723564,0.4159968113663366,9.840176357099011,27.45999908,8.085982108,train,0.018492939289706606,0,1,1
2025-01-01 00:00:32,-0.045845164487458,0.40836430206,9.85054618382,27.47999954,6.679724417,train,0.019480821858197724,0,1,1
2025-01-01 00:00:33,-0.0868299362191,0.40707099151,9.80035405886,27.47999954,4.92190223,train,0.021142895044911004,0,1,1
2025-01-01 00:00:34,-0.0825066443718564,0.3950492828643564,9.880238097623762,28.88999939,4.218774546,train,0.019597386529535,0,1,1
2025-01-01 00:00:35,-0.073699241639974,0.391436004638,9.79230379948,28.88999939,3.867210004,train,0.020686400497608108,0,1,1
2025-01-01 00:00:36,-0.067099465941313,0.373980802922,9.86922134854,28.88999939,4.218774546,train,0.020446494223014422,0,1,1
2025-01-01 00:00:37,-0.0971850313987148,0.3844954870237624,9.90080918122772,29.28000069,2.812516593,train,0.01998551938970797,0,1,1
2025-01-01 00:00:38,-0.093209669495167,0.381911311342,9.82405726787,29.63999939,2.4609522,train,0.020802097951123723,0,1,1
2025-01-01 00:00:39,-0.103361558534117,0.3586197464,9.82667083288,29.23999977,1.75782286,train,0.019773609868087884,0,1,1
2025-01-01 00:00:40,-0.1500577552706138,0.3704781016792079,9.885698030673268,30.97999954,357.8906118,train,0.02101630386543295,0,1,1
2025-01-01 00:00:41,-0.13054952087314,0.362932278445,9.87250551919,30.38999939,356.4843535,train,0.02133279762942362,0,1,1
2025-01-01 00:00:42,-0.12736863555887,0.367737286371,9.86096751255,30.63999939,355.4296593,train,0.02133646649659749,0,1,1
2025-01-01 00:00:43,-0.066211322746495,0.3655413380217822,9.820598257841583,30.63999939,353.671836,train,0.02068652127766099,0,1,1
2025-01-01 00:00:44,-0.0807091644311499,0.366164057921,9.84712130588,30.75,352.9687065,train,0.019070089705004827,0,1,1
2025-01-01 00:00:45,-0.0564685729972,0.36245626831,9.78638959802,32.36999893,351.9140099,train,0.019712204258398484,0,1,1
2025-01-01 00:00:46,-0.0514914378515445,0.3464730698990099,9.826565057752475,32.36999893,350.8593156,train,0.015695248845994585,0,1,1
2025-01-01 00:00:47,-0.0565748519919869,0.3405598022489999,9.82184337183,32.52000046,350.5077506,train,0.014601047623216463,0,1,1
2025-01-01 00:00:48,-0.02164199524015,0.340456517033,9.81951720886,32.83000183,350.1561852,train,0.011149392119149303,0,1,1
2025-01-01 00:00:49,0.0007217664059633,0.3376918256445544,9.81074547949505,33.11000061,350.5077494,train,0.008759093441375267,0,1,1
2025-01-01 00:00:50,0.047238766477564,0.333763934324,9.79464942171,33.11000061,350.1561846,train,0.01031754461562787,0,1,1
2025-01-01 00:00:51,-0.0049634408466316,0.3277768004742574,9.829647756128711,33.28110173,349.7715231,train,0.006579982072583485,0,1,1
2025-01-01 00:00:52,0.019214044190318,0.305466778567,9.8017267044,33.05008915,348.3895792,train,0.0018579983300965805,0,1,1
2025-01-01 00:00:53,0.03792663116378,0.301886224366,9.83758164365,33.32625329,348.1333497,train,0.0009420401073025101,0,1,1
2025-01-01 00:00:54,0.0059430868297752,0.3122966154524753,9.793946255227723,33.43853676,347.7134078,train,0.0012687753198099352,0,1,1
2025-01-01 00:00:55,0.001445993039692,0.309509870911,9.81024698638,33.46883441,347.4465469,train,0.0015181673128158515,0,1,1
2025-01-01 00:00:56,-0.02244732055416,0.304148020933,9.76768599238,33.90268483,347.5130561,train,0.001532130631255717,0,1,1
2025-01-01 00:00:57,0.0630485927463168,0.294031627389703,9.638523419049504,34.01038581,347.3107672,train,0.0024979255177531483,0,1,1
2025-01-01 00:00:58,0.0264170654293,0.289741978453,9.83395318901,34.04209418,347.8952942,train,0.003367956770576705,0,1,1
2025-01-01 00:00:59,-0.0581989746065699,0.2817680603062,9.85056564324,34.17304793,347.9866028,train,0.003156828682627584,0,1,1
2025-01-01 00:01:00,-0.0641883019127227,0.2827501368752475,9.75131905750495,34.68160946,347.9510803,train,0.014551349480947029,0,1,1
2025-01-01 00:01:01,0.0602841384868559,0.283657131964,9.84886817323,34.65792012,348.07901,train,0.013452774739827155,0,1,1
2025-01-01 00:01:02,-0.09100176086691,0.28921806793,9.86268593868,34.9972753,348.0630798,train,0.015475972457728146,0,1,1
2025-01-01 00:01:03,-0.1167838793458811,0.2900270835990099,9.848907211039604,34.89176424,347.4853516,train,0.016846888793195333,0,1,1
2025-01-01 00:01:04,-0.05696104888871,0.2907643524179999,9.76605288839,35.04132449,358.2398071,train,0.020387534790995004,0,1,1
2025-01-01 00:01:05,-0.058240887450783,0.276314900205,9.80998054073,35.01886368,348.4683838,train,0.019678683569781034,0,1,1
2025-01-01 00:01:06,-0.0231217201101584,0.2746610176910891,9.798943783782178,35.32976025,343.2813416,train,0.018913734400839044,0,1,1
2025-01-01 00:01:07,-0.007225474549759,0.2822650268597,9.84798351274,34.91988447,345.2992249,train,0.025814508934533267,0,1,1
2025-01-01 00:01:08,0.025673112490064,0.282205151366,9.78149777073,34.94619057,348.964447,train,0.023966155217412397,0,1,1
2025-01-01 00:01:09,0.0300059191994554,0.3185138845930693,9.82509336578218,35.21453297,348.306366,train,0.014052888156691524,0,1,1
2025-01-01 00:01:10,-0.023583457949783,0.321787339782,9.84931723936,35.47677988,347.9543152,train,0.0010371292441579906,0,1,1
2025-01-01 00:01:11,0.06671027526698,0.315654592893,9.8527256516,35.46253458,348.4412842,train,0.013621319875356743,0,1,1
2025-01-01 00:01:12,0.0758447552671683,0.3073939393287128,9.848969457702973,35.46444307,0.0,train,0.018576592134953093,0,1,1
2025-01-01 00:01:13,0.107885151668956,0.30483958282,9.89651858384,35.81452317,342.9392624,train,0.020664453332393425,0,1,1
2025-01-01 00:01:14,0.1332748337520198,0.3069374628396039,9.849378507910892,35.97308736,342.2573324,train,0.02387457274650831,0,1,1
2025-01-01 00:01:15,0.10182425536922,0.303788768003,9.87211183766,36.40897273,341.6478529,train,0.0265988821133401,0,1,1
2025-01-01 00:01:16,0.135821557617679,0.303817208859,9.92759845257,36.86636442,342.3396282,train,0.025875950783400107,0,1,1
2025-01-01 00:01:17,0.1585529606927821,0.3070634384960396,9.88409888089109,37.02292356,342.7938352,train,0.023443989066337555,0,1,1
2025-01-01 00:01:18,0.133645083619079,0.308794358831,9.92518846444,37.13005098,343.4375057,train,0.0260158263062612,0,1,1
2025-01-01 00:01:19,0.13779894562284,0.293035130312,9.88049440618,37.07602031,344.3250304,train,0.024827008967247224,0,1,1
2025-01-01 00:01:20,0.1382975572661485,0.196781385060792,9.848191372673268,36.52345183,346.1396669,train,0.0260164515473244,0,1,1
2025-01-01 00:01:21,0.14146332549979,0.1558005111697,9.77444294123,36.74286085,347.448242,train,0.025582213380429247,0,1,1
2025-01-01 00:01:22,0.15904426574869,0.1464913696282,9.78743442532,37.69841253,349.8808586,train,0.026966129495491865,0,1,1
2025-01-01 00:01:23,0.1399367228584455,0.1518466095874257,9.782442454772276,37.92431668,351.1960939,train,0.02597963059629177,0,1,1
2025-01-01 00:01:24,0.2041679306041099,0.1464614318801,9.7876005798,37.71669644,352.7341821,train,0.024801653208824118,0,1,1
2025-01-01 00:01:25,0.16408278808742,0.1636202499394,9.71963591326,37.57242284,352.8873596,train,0.02427779956288229,0,1,1
2025-01-01 00:01:26,0.1258867320507524,0.1377225154440316,9.8200484109901,37.80406669,353.471497,train,0.02556267038499076,0,1,1
2025-01-01 00:01:27,0.08890162811289,0.1471724533093,9.76576099542,38.24178733,354.431846,train,0.023686658564174935,0,1,1
2025-01-01 00:01:28,0.09075028381222,0.1430305664053,9.7763005783,38.1832349,355.5671269,train,0.025108924682538083,0,1,1
2025-01-01 00:01:29,0.0854070485948812,0.1381656533425445,9.834049493821782,37.46780587,357.8468188,train,0.02390121224204764,0,1,1
2025-01-01 00:01:30,0.16069383544859,0.1451815933229,9.76881614225,37.21450217,358.9095965,train,0.025895012973518393,0,1,1
2025-01-01 00:01:31,0.17244889068497,0.1394095962554,9.77787680062,37.38486059,2.649751,train,0.025044838016818824,0,1,1
2025-01-01 00:01:32,0.1700389763829108,0.1410601292989109,9.773607856217822,37.4889401,3.27672357,train,0.024933949432761088,0,1,1
2025-01-01 00:01:33,0.19924766235221,0.1364562377918,9.7424709274,37.50888329,4.078472926,train,0.026116179824828997,0,1,1
2025-01-01 00:01:34,0.16828155670558,0.12400063934246,9.83267484745,37.30833376,4.751348344,train,0.024334574721211977,0,1,1
2025-01-01 00:01:35,0.250884224161594,0.0360675713565247,9.769887868990098,37.3032358,5.103545495,train,0.025829572974069046,0,1,1
2025-01-01 00:01:36,0.16219072265839,0.017260606382377,9.97253201292,37.56707475,6.219759922,train,0.02473097013781943,0,1,1
2025-01-01 00:01:37,0.225609061362796,0.0092821827503772,9.910030599237624,37.68336953,9.031183623,train,0.025434023212060158,0,1,1
2025-01-01 00:01:38,0.183033380122242,0.028931835936511,9.84136876848,38.12470624,11.3601177,train,0.02521695129709373,0,1,1
2025-01-01 00:01:39,0.215065269475214,0.024159759522122,9.86628445606,38.43401221,12.93107577,train,0.02572480220121906,0,1,1
2025-01-01 00:01:40,0.1951748249272376,0.0212083722106287,9.910947998366336,38.43632075,14.22477134,train,0.02543796019940593,0,1,1
2025-01-01 00:01:41,0.19954105224632,0.011551478578231,9.93739557942,38.00635033,14.97353088,train,0.025003906979475913,0,1,1
2025-01-01 00:01:42,0.1804108337381,0.02313139801111,9.89762029241,37.65419162,16.929834,train,0.02658739915337575,0,1,1
2025-01-01 00:01:43,0.1785193611363366,0.0112044230549148,9.975358610019802,37.32330615,18.34445614,train,0.025536837616594824,0,1,1
2025-01-01 00:01:44,0.161919786072199,0.01989662475622,9.93125085744,37.74523842,20.76138224,train,0.02531814100650542,0,1,1
2025-01-01 00:01:45,0.17163458404754,0.03246299285852,9.90768087155,38.1539656,22.2931822,train,0.025067597178381074,0,1,1
2025-01-01 00:01:46,0.2284664856534752,0.0205281036681425,9.919511379,38.26763155,23.43312595,train,0.026502994848846325,0,1,1
2025-01-01 00:01:47,0.15694413299814,0.035179843140832,9.86673052828,38.10155652,25.00017747,train,0.02506249550266097,0,1,1
2025-01-01 00:01:48,0.18999989318688,0.0298149993890899,9.91381511534,37.93092176,25.70728099,train,0.025314774987500493,0,1,1
2025-01-01 00:01:49,0.1753032767399505,0.034675910873795,9.809811777455446,37.78077198,26.37955663,train,0.02515675448931888,0,1,1
2025-01-01 00:01:50,0.209564208991268,0.026607170106,9.8801321593,37.76751179,27.61752647,train,0.02513526703117429,0,1,1
2025-01-01 00:01:51,0.18255886688084,0.036613861083306,9.83400258636,37.726103,30.43465948,train,0.02473345031232851,0,1,1
2025-01-01 00:01:52,0.1722472555287129,0.0289180823600663,9.891730041415842,38.23629353,32.67807369,train,0.025626730440828957,0,1,1
2025-01-01 00:01:53,0.1649554733238599,0.0211001220698959,9.90335337073,38.5255575,35.47959693,train,0.02507117143201789,0,1,1
2025-01-01 00:01:54,0.14995217285317,0.03707939300555,9.90179960195,38.33169234,36.52582809,train,0.025381764683797683,0,1,1
2025-01-01 00:01:55,0.1700152633203465,0.0298176967512079,9.904071209544554,38.30014649,37.26479126,train,0.025540779342441648,0,1,1
2025-01-01 00:01:56,0.13831237792569,-0.063126727296127,9.91687325594,38.08000183,41.83623112,train,0.02512779791505869,0,1,1
2025-01-01 00:01:57,0.1333415267470782,-0.2055255776558415,9.909464449554456,48.13000107,41.83630861,train,0.02468151743938961,0,1,1
2025-01-01 00:01:58,0.12156520385856,-0.242441839602,9.79256575463,48.13000107,43.59413366,train,0.024938110010867685,0,1,1
2025-01-01 00:01:59,0.109923912047082,-0.290108715825,9.78134359133,38.34999847,44.64874906,train,0.02422758642237506,0,1,1
2025-01-01 00:02:00,0.0558294466212178,-0.2945384941485148,9.820386322346534,37.65999985,47.10969397,train,0.023883650041807286,0,1,1
2025-01-01 00:02:01,0.0249306564343299,-0.297653027347,9.78499898988,36.0,47.81280837,train,0.023450331839332213,0,1,1
2025-01-01 00:02:02,0.0016899856553999,-0.30311965942,9.78214592286,36.97000122,48.51594518,train,0.0234894343010332,0,1,1
2025-01-01 00:02:03,-0.0344980628923762,-0.2964162724610891,9.772361438029703,36.84000015,50.27376506,train,0.023194433683677667,0,1,1
2025-01-01 00:02:04,-0.05476661224373,-0.3139990356484,9.76250077519,36.84000015,51.68002164,train,0.022891288667713974,0,1,1
2025-01-01 00:02:05,-0.0515542922966699,-0.318688783267,9.77558207268,35.97999954,53.08627007,train,0.01941126262151168,0,1,1
2025-01-01 00:02:06,-0.0955843995321782,-0.326115403890099,9.828275362435644,35.97999954,55.19565405,train,0.017983596996656723,0,1,1
2025-01-01 00:02:07,-0.04700974273712,-0.32108529968,9.81334554284,34.77999878,53.43782296,train,0.015414200781844972,0,1,1
2025-01-01 00:02:08,-0.08812923431417,-0.324653878783,9.82758393391,34.11000061,53.78938068,train,0.014544354785486973,0,1,1
2025-01-01 00:02:09,-0.036817497028798,-0.3603318741287128,9.83618070560396,34.04999924,55.5471996,train,0.010754128189803765,0,1,1
2025-01-01 00:02:10,-0.040912921141514,-0.402777919006,9.86662873986,34.04999924,56.60189115,train,0.009051092398703024,0,1,1
2025-01-01 00:02:11,-0.0023995101933,-0.418896400451,9.89328231351,33.41999817,57.30501266,train,0.0048184308092388915,0,1,1
2025-01-01 00:02:12,-0.0028915118219049,-0.4583424165950495,9.81407864710891,32.63999939,57.65656882,train,0.00031282520227285913,0,1,1
2025-01-01 00:02:13,0.021140538026365,-0.481518676755,9.80488513617,31.71999931,57.30499612,train,0.0018714144281902613,0,1,1
2025-01-01 00:02:14,-0.02774181061013,-0.5394272552439999,9.8581593522,31.71999931,57.30499612,train,0.0005176747728883112,0,1,1
2025-01-01 00:02:15,-0.0026884687058415,-0.6039124743742574,9.81343098380198,31.56999969,56.60186722,train,0.00013018378945219824,0,1,1
2025-01-01 00:02:16,-0.0316127609266499,-0.625192904665,9.73394615492,30.93770888,57.51386502,train,0.0035478288829649176,0,1,1
2025-01-01 00:02:17,0.0113972991958,-0.62857287598,9.89791667624,30.33857835,57.80149403,train,0.0013342010743266895,0,1,1
2025-01-01 00:02:18,0.0752682313831782,-0.518895209280198,9.734050017940596,29.75753533,57.86952859,train,0.002448429438399337,0,1,1
2025-01-01 00:02:19,-0.00540975036927,-0.438043084711,9.89120912477,29.03631738,57.2300206,train,0.0010124937441622144,0,1,1
2025-01-01 00:02:20,-0.0458032664668247,-0.4322402606643564,9.88651464950495,29.01562725,57.32227775,train,0.0029982895383191587,0,1,1
2025-01-01 00:02:21,-0.01399888915913,-0.438200257872,9.80123871927,28.7125361,57.67845456,train,0.001789141972102289,0,1,1
2025-01-01 00:02:22,0.010362950134751,-0.425032141111,9.81531844027,27.45082888,56.68098026,train,0.0030223400858542466,0,1,1
2025-01-01 00:02:23,-0.018078247673792,-0.4293250357742574,9.80035767509901,26.84074204,57.17425938,train,0.005754154301779569,0,1,1
2025-01-01 00:02:24,-0.045006907652964,-0.429087208552,9.83345771941,26.10305481,57.77769806,train,0.0027924434437497613,0,1,1
2025-01-01 00:02:25,-0.02810405731278,-0.432039070132,9.87692432985,26.01732922,58.03638264,train,0.0058129859010806785,0,1,1
2025-01-01 00:02:26,-0.066876770622499,-0.4328612465514851,9.772093183960395,25.23760283,58.14343397,train,0.0075912167296640866,0,1,1
2025-01-01 00:02:27,-0.105115910341339,-0.427452607725,9.83590063928,25.14333943,58.52840681,train,0.0061809372141436,0,1,1
2025-01-01 00:02:28,-0.0984592529293279,-0.434928062437,9.83301613755,24.05213782,58.5599663,train,0.005202166760251853,0,1,1
2025-01-01 00:02:29,-0.1063234536962277,-0.4308693491108911,9.821431179237624,24.10263213,56.93412929,train,0.005476067674568076,0,1,1
2025-01-01 00:02:30,-0.121216429137845,-0.3973666717519999,9.84327430589,22.64237168,57.92768575,train,0.005156038489113064,0,1,1
2025-01-01 00:02:31,-0.1389919647267,-0.377381730649,9.82005758498,21.58872078,58.59736338,train,0.004712776291262224,0,1,1
2025-01-01 00:02:32,-0.1103709774229702,-0.3918361626029703,9.842885574752476,20.72002446,59.84296082,train,0.004498470251780857,0,1,1
2025-01-01 00:02:33,-0.18065482635819,-0.418249745172,9.83381996616,20.12306015,59.54333129,train,0.005257821455992692,0,1,1
2025-01-01 00:02:34,-0.144274479680508,-0.432515080263,9.82267414403,19.53073895,60.2876212,train,0.004961566050937555,0,1,1
2025-01-01 00:02:35,-0.1914666944469307,-0.4589441356089109,9.827111940316833,19.05024953,60.63001762,train,0.0028189451644199345,0,1,1
2025-01-01 00:02:36,-0.1613824035669,-0.4563964187629999,9.86451812897,18.86173272,60.12706405,train,0.004906816120549537,0,1,1
2025-01-01 00:02:37,-0.1581720695878019,-0.4531107217029703,9.754317278049504,18.56059493,59.62488692,train,0.0036519254449203253,0,1,1
2025-01-01 00:02:38,-0.1713606536813,-0.46085265198,9.83730471954,18.2126919,60.73859509,train,0.004537618517809096,0,1,1
2025-01-01 00:02:39,-0.18747614135464,-0.442274784852,9.84228336636,17.97839586,61.26211931,train,0.00391310297631228,0,1,1
2025-01-01 00:02:40,-0.2597914440841584,-0.4237791427772277,9.786675236732671,17.12148133,61.39260125,train,0.004202549411334821,0,1,1
2025-01-01 00:02:41,-0.272888525388,-0.294915220641,9.81109871523,16.37527758,60.58055225,train,0.0028329548437462057,0,1,1
2025-01-01 00:02:42,-0.2777608932444,-0.2861674118059999,9.80788789213,15.68249559,61.10871844,train,0.003978737174882659,0,1,1
2025-01-01 00:02:43,-0.2394130291346633,-0.2844263541356435,9.79032112050495,15.19052013,60.4781283,train,0.0034077140565906463,0,1,1
2025-01-01 00:02:44,-0.2362043106060999,-0.292436375429,9.79618672487,15.19052013,60.4781283,train,0.0034730212901340255,0,1,1
2025-01-01 00:02:45,-0.2212144821216,-0.2933255264279999,9.8001115631,13.42507302,60.53264933,train,0.004139712771107413,0,1,1
2025-01-01 00:02:46,-0.2189101205960396,-0.2959168160326733,9.806468235465346,12.7394099,63.2815793,train,0.0035769730647256274,0,1,1
2025-01-01 00:02:47,-0.215689471434,-0.3002216857899999,9.8168437683,12.37012003,63.21042403,train,0.003078150028697223,0,1,1
2025-01-01 00:02:48,-0.2086600891082499,-0.30273196564,9.81311801606,12.39480701,65.01000407,train,0.0027364919637546388,0,1,1
2025-01-01 00:02:49,-0.1735796333514356,-0.0700083772197128,9.801784905128711,11.79144069,63.2898696,train,0.002880056848364976,0,1,1
2025-01-01 00:02:50,-0.1716690124527,0.0936198165882,9.80738344119,11.6481544,64.58471788,train,0.004235460857551136,0,1,1
2025-01-01 00:02:51,-0.1951985824529,0.0639021148686,9.80261136474,11.52392857,63.77723141,train,0.0030360096302319076,0,1,1
2025-01-01 00:02:52,-0.1781473624351485,-0.1454811337875247,9.818889435108913,11.4576274,63.55484352,train,0.0018503437786448126,0,1,1
2025-01-01 00:02:53,-0.20499421234132,-0.253711903382,9.81421673123,10.58326602,67.79643846,train,0.0032636230765812004,0,1,1
2025-01-01 00:02:54,-0.18130297851528,-0.373346122748,9.79701600039,10.07492862,65.37785456,train,0.0033566001105533576,0,1,1
2025-01-01 00:02:55,-0.2103793455832277,-0.5951371583841585,9.81713911450495,10.12142302,64.7940214,train,0.002798412211264305,0,1,1
2025-01-01 00:02:56,-0.2211680786135,-0.666337843325,9.83193089448,9.461926892,64.1699657,train,0.0028495742969648075,0,1,1
2025-01-01 00:02:57,-0.1897074814593069,-0.6664764313673267,9.81164212971287,9.034488983,64.75735246,train,0.0025678428137265634,0,1,1
2025-01-01 00:02:58,-0.22331910552786,-0.661950466917,9.82463955688,8.908797551,64.25411537,train,0.0016598906448308485,0,1,1
2025-01-01 00:02:59,-0.2063563797037,-0.7194728485090001,9.81363144837,7.985190546,63.80818275,train,0.00150125762018397,0,1,1
2025-01-01 00:03:00,-0.1975239004011881,-0.8537918574287129,9.820583437217822,7.460255995,64.14909897,train,0.0027728175019946124,0,1,1
2025-01-01 00:03:01,-0.2244387771686999,-0.8796307983430001,9.81999920654,6.333820139,63.42678574,train,0.001215478660252866,0,1,1
2025-01-01 00:03:02,-0.219864289856,-0.8283190017709999,9.82100361785,5.751470659,61.84396965,train,0.0008513717382710431,0,1,1
2025-01-01 00:03:03,-0.213711031170297,-0.4716647127386138,9.81908506791089,4.638593346,61.31537123,train,0.001464717369916115,0,1,1
2025-01-01 00:03:04,-0.197699880983,-0.18994899902185,9.80809296568,3.22288871,61.03729804,train,0.0007731282928434603,0,1,1
2025-01-01 00:03:05,-0.208722958373,-0.614166833496,9.8195725937,2.45892979,62.38302465,train,0.0004419248484107063,0,0,0
2025-01-01 00:03:06,-0.2040494393851485,-0.6897137526712871,9.82026479289109,2.045841921,63.31015431,train,0.0010722250179179154,0,0,0
2025-01-01 00:03:07,-0.214331794743,-0.27143055725259,9.81440384218,1.495562703,56.15336181,train,0.000778910965863797,0,0,0
2025-01-01 00:03:08,-0.22390438843,0.13148806914975,9.8084582062,1.236901432,63.23335055,train,0.00036657343130362034,0,0,0
2025-01-01 00:03:09,-0.2236112356663366,0.1085065377094059,9.806325957049506,1.018410177,63.48491772613636,train,0.00016092244018171183,0,0,0
2025-01-01 00:03:10,-0.222076689147,0.1074465637244,9.80753462682,0.5981169993,63.73648490227272,train,0.0003550994269415974,0,0,0
2025-01-01 00:03:11,-0.223307130431,0.1051503387450999,9.81052091672,0.5265426576,63.98805207840909,train,0.0002261927783292475,0,0,0
2025-01-01 00:03:12,-0.2242262932811881,0.1058210331381188,9.808577216118811,0.2513164163,64.23961925454545,train,0.0006008546736228689,0,0,0
2025-01-01 00:03:13,-0.224920774844,0.1075558364848,9.80986977086,0.1144046967,64.49118643068182,train,0.0001787072342264775,0,0,0
2025-01-01 00:03:14,-0.219634851129703,0.106145605710891,9.808429009455446,0.0,64.74275360681818,train,9.089826992855083e-05,0,0,0
2025-01-01 00:03:15,-0.2189826232949999,0.1053988220277,9.80795974271,0.0,64.99432078295455,train,0.0004125445456079007,0,0,0
2025-01-01 00:03:16,-0.2207339813229999,0.1067744613648,9.80965870967,0.0,65.24588795909091,train,0.0005883222027279182,0,0,0
2025-01-01 00:03:17,-0.222690872340594,0.1060433431198019,9.809338998366336,0.0,65.49745513522727,train,0.00011402053905852268,0,0,0
2025-01-01 00:03:18,-0.218199751283,0.1046443908663,9.80917222136,0.0,65.74902231136363,train,0.00026449067123809206,0,0,0
2025-01-01 00:03:19,-0.216777708436,0.1054616912832,9.80927101598,0.0,66.0005894875,train,0.0004240293078623409,0,0,0
2025-01-01 00:03:20,-0.219803806720792,0.1035727381926732,9.80748789720792,0.0,66.25215666363636,train,0.0004598313482853265,0,0,0
2025-01-01 00:03:21,-0.217782119752,0.1035022659308999,9.80707807618,0.0,66.50372383977272,train,0.00027644588645447276,1,0,0
2025-01-01 00:03:22,-0.222364091492,0.1042417282095,9.81083675998,0.0,66.7552910159091,train,0.0001408989357595838,1,0,0
2025-01-01 00:03:23,-0.2184077000386138,0.1039921630295049,9.807090703326732,0.0,67.00685819204546,train,0.00021076018925770648,1,0,0
2025-01-01 00:03:24,-0.220088822933,0.1048225204477,9.80885188751,0.0,67.25842536818182,train,0.0003099120176290329,1,0,0
2025-01-01 00:03:25,-0.2222024276739999,0.1055260574329999,9.80763042758,0.0,67.50999254431818,train,0.00024926839628955106,1,0,0
2025-01-01 00:03:26,-0.2195059113465346,0.1039966092272277,9.80723001759406,0.0,67.76155972045454,train,0.0002478929751231666,1,0,0
2025-01-01 00:03:27,-0.218520085144,0.1043225601206,9.80863633573,0.0,68.0131268965909,train,0.00012957818428606583,1,0,0
2025-01-01 00:03:28,-0.219115846249,0.1039303756728999,9.81023800504,0.0,68.26469407272727,train,0.00022165762484220903,1,0,0
2025-01-01 00:03:29,-0.2207627037742574,0.1064020032240594,9.808141488534654,0.0,68.51626124886363,train,0.00014390402569140084,1,0,0
2025-01-01 00:03:30,-0.221004917909,0.1038001464829,9.8102454895,0.0,68.767828425,train,0.00029032816653996017,1,0,0
2025-01-01 00:03:31,-0.2191309485138613,0.1049718090128712,9.808867701168316,0.0,69.01939560113637,train,0.0002407088767895517,1,0,0
2025-01-01 00:03:32,-0.220727993776,0.1041219772314999,9.80845970307,0.0,69.27096277727273,train,0.00025396079287863375,1,0,0
2025-01-01 00:03:33,-0.2206441680849999,0.104216281126,9.80845521235,0.0,69.52252995340909,train,0.00023095851277503374,1,0,0
2025-01-01 00:03:34,-0.2223099812456435,0.1046220413063366,9.809967394534652,0.0,69.77409712954545,train,3.608034307756452e-05,1,0,0
2025-01-01 00:03:35,-0.220925582886,0.1044782363893,9.80883691866,0.0,70.02566430568181,train,0.00026152731557758544,1,0,0
2025-01-01 00:03:36,-0.2206082427979999,0.1054931259134,9.80675774234,0.0,70.27723148181818,train,0.00014060351673566331,1,0,0
2025-01-01 00:03:37,-0.2195488912762376,0.1036586980526732,9.807069954455446,0.0,70.52879865795454,train,0.0002309365560785644,1,0,0
2025-01-01 00:03:38,-0.218518588256,0.1040755737296,9.80851359099,0.0,70.7803658340909,train,0.00023979070117582336,1,0,0
2025-01-01 00:03:39,-0.219645744324,0.103669917295,9.80797471158,0.0,71.03193301022728,train,0.0004597678381697554,1,0,0
2025-01-01 00:03:40,-0.2184388234326732,0.1038706335679208,9.805055825970298,0.0,71.28350018636364,train,0.00015122121236255297,1,0,0
2025-01-01 00:03:41,-0.22159768524,0.1058688446045,9.809296463,0.0,71.5350673625,train,0.00021364314078753003,1,0,0
2025-01-01 00:03:42,-0.218695220948,0.1032193542471,9.8086797455,0.0,71.78663453863636,train,0.00021065422581231314,1,0,0
2025-01-01 00:03:43,-0.2202158212148514,0.1041136924791089,9.8071485039901,0.0,72.03820171477273,train,0.00010606069694688311,1,0,0
2025-01-01 00:03:44,-0.218002162169,0.1025382705714,9.80846119997,0.0,72.28976889090909,train,0.0004176615397119119,1,0,0
2025-01-01 00:03:45,-0.221319264223,0.1030831375131,9.8096632004,0.0,72.54133606704545,train,0.0002507429491231464,1,0,0
2025-01-01 00:03:46,-0.2172502060693069,0.1048977056812871,9.806205909613862,0.0,72.79290324318181,train,0.00016025840014961308,1,0,0
2025-01-01 00:03:47,-0.219499049373,0.1241638000508,9.80718734898,0.0,73.04447041931817,train,0.0001692777625170057,1,0,0
2025-01-01 00:03:48,-0.219139796447,0.35161581116,9.80530875545,0.0,73.29603759545455,train,0.00033680162954906486,1,0,0
2025-01-01 00:03:49,-0.2238987565742574,0.3975658318534653,9.803730858475246,0.09488694422,73.54760477159091,train,0.0003900184840548216,1,0,0
2025-01-01 00:03:50,-0.226702070617,0.545884826661,9.80231797486,0.0,73.79917194772727,train,0.0005626092949455819,1,0,0
2025-01-01 00:03:51,-0.2261870673178218,0.6071789490366337,9.800842310831683,0.3071779448,74.05073912386364,train,0.00038695381930518315,1,0,0
2025-01-01 00:03:52,-0.224570503234,0.6077107589749999,9.80187190241,0.6134372947,74.3023063,train,0.0008389699336023537,0,0,0
2025-01-01 00:03:53,-0.228140579227,0.607671839902,9.8017431702,0.0,74.64118587,train,0.0009152462813036135,0,0,0
2025-01-01 00:03:54,-0.2143453556465346,0.6061933747851486,9.798995655910892,0.0,74.64118587,train,0.0013644202297897912,0,0,0
2025-01-01 00:03:55,-0.205268142701,0.611027861023,9.80020287322,1.368170318,78.60167017,train,0.0008453887297360941,0,0,0
2025-01-01 00:03:56,-0.222414985661,0.772821908569,9.80620539084,1.759122576,78.32215501,train,0.001108817946989092,0,0,0
2025-01-01 00:03:57,-0.216777426840099,0.9831718203227724,9.789065810118812,2.580797023,78.38857056,train,0.0010197956492871492,0,0,0
2025-01-01 00:03:58,-0.1991428802481999,0.985420307928,9.80073277132,3.234365811,76.08600596,train,0.0013812534848841598,0,0,0
2025-01-01 00:03:59,-0.228709396361,0.991635383591,9.7885735565,3.57683713,75.47090373,train,0.0019009835793740483,0,0,0
2025-01-01 00:04:00,-0.2008200163884158,0.9893386991851484,9.800233181465346,4.581940895,74.38586592,train,0.002134285272687633,0,0,0
2025-01-01 00:04:01,-0.2229478775044,0.984707789626,9.79755188596,5.163446698,72.39822404,train,0.0037487597053358305,0,0,0
2025-01-01 00:04:02,-0.1828133377102999,0.985249662809,9.78238243097,5.652748253,72.32539609,train,0.004157814918260576,0,0,0
2025-01-01 00:04:03,-0.2436428470449505,0.9946578360336634,9.805830946831684,6.485085141,71.29596519,train,0.0025527577290278608,0,0,0
2025-01-01 00:04:04,-0.17882113952692,0.970909483335,9.78985040134,6.876605484,71.49184072,train,0.0041001556379350376,0,0,0
2025-01-01 00:04:05,-0.1802596481336,0.922657324218,9.79359710996,8.236015497,70.00304305,train,0.0031658619258861384,0,0,0
2025-01-01 00:04:06,-0.2073114678425742,0.874198431640594,9.778535727346537,8.890411836,70.19237408,train,0.004196470643790103,0,0,0
2025-01-01 00:04:07,-0.2021740768442,0.821813529967,9.81085621946,9.638394478,69.84083202,train,0.0033473751085687487,0,1,1
2025-01-01 00:04:08,-0.1782422146968316,0.7846267760683168,9.796406485693067,10.4813127,69.31163118,train,0.004084165227508553,0,1,1
2025-01-01 00:04:09,-0.1749471954353,0.75769286957,9.80548089751,10.69160217,68.41702411,train,0.003835633099271738,0,1,1
2025-01-01 00:04:10,-0.2010948211665,0.734794985962,9.801559053,11.42247359,67.79415898,train,0.004516289948397278,0,1,1
2025-01-01 00:04:11,-0.2002064408411881,0.7030212281445544,9.794047035762375,12.20709575,66.98156212,train,0.004576526911961113,0,1,1
2025-01-01 00:04:12,-0.17707576904299,0.672600819398,9.81166453858,12.8468217,65.34215517,train,0.005227640282977157,0,1,1
2025-01-01 00:04:13,-0.1681812652553999,0.660437113947,9.81212108912,13.29179984,65.26628314,train,0.005338021734594684,0,1,1
2025-01-01 00:04:14,-0.1826869322532178,0.64392382479901,9.777317468584158,14.05633762,66.03651006,train,0.004891009839878076,0,1,1
2025-01-01 00:04:15,-0.11632160797241,0.626731704711,9.89242160339,15.53961016,67.88937294,train,0.005607152596776999,0,1,1
2025-01-01 00:04:16,-0.161276124572861,0.617307302853,9.71816147919,16.63923679,68.4605601,train,0.006038135066344519,0,1,1
2025-01-01 00:04:17,-0.1322611002380099,0.5972594776722772,9.800590359633665,17.4345314,69.74535356,train,0.004901287914620139,0,1,1
2025-01-01 00:04:18,-0.1439691146856,0.581485295106,9.80148121492,18.11718606,69.3125556,train,0.0053044808018744595,0,1,1
2025-01-01 00:04:19,-0.1404140075704,0.568832107546,9.7901422943,18.55557406,69.00203554,train,0.0047516921956133416,0,1,1
2025-01-01 00:04:20,-0.1293592139530693,0.5545581764772277,9.82115403280198,18.6820371,69.48196677,train,0.004644582819046882,0,1,1
2025-01-01 00:04:21,-0.1130404312161,0.543087144472,9.79545025638,19.08298081,69.66999921,train,0.005239391609712219,0,1,1
2025-01-01 00:04:22,-0.1100765945434,0.525603501885,9.81819396054,19.50155744,69.54807036,train,0.005011349105015112,0,1,1
2025-01-01 00:04:23,-0.1156352777775247,0.5271206785861386,9.803472978940595,19.80810152,69.69591935,train,0.003813020710477301,0,1,1
2025-01-01 00:04:24,-0.09015003204616,0.515378265384,9.81547561343,20.25141443,70.07984647,train,0.0063851685611977516,0,1,1
2025-01-01 00:04:25,-0.081574365235728,0.510124191282,9.8036157761,20.52588231,70.87474182,train,0.004646154331394836,0,1,1
2025-01-01 00:04:26,-0.0592885899304247,0.4990073583613861,9.795718806821782,20.82907142,71.04431717,train,0.004513219204447448,0,1,1
2025-01-01 00:04:27,-0.044744952393172,0.489570433049,9.80923060001,21.22012741,70.69388326,train,0.004120921942643121,0,1,1
2025-01-01 00:04:28,-0.028704664777891,0.4892731453178217,9.811827388039603,21.93090504,70.92018536,train,0.003584494965505637,0,1,1
2025-01-01 00:04:29,-0.019708016967878,0.481108529658,9.80056062928,22.20549349,71.43071476,train,0.0029536033363497757,0,1,1
2025-01-01 00:04:30,-0.034805621337254,0.472904090874,9.79842606815,22.81387303,71.76248603,train,0.004155275327356796,0,1,1
2025-01-01 00:04:31,0.0205162471341297,0.4625396290376237,9.804009487049504,23.19436175,71.96058626,train,0.0014180704442197383,0,1,1
2025-01-01 00:04:32,0.01504671020308,0.4588408355709999,9.79199394379,23.49218485,71.47591497,train,0.0007890501331569952,0,1,1
2025-01-01 00:04:33,-0.01771116943654,0.443343562315,9.81960402824,23.58892852,71.50983883,train,0.0016708904886941485,0,1,1
2025-01-01 00:04:34,0.010881332548197,0.445110526509901,9.81179922879208,23.74612393,71.51674841,train,0.0028366392129011994,0,1,1
2025-01-01 00:04:35,0.0261985198974439,0.440433613585,9.80341669007,24.71801031,72.29800142,train,0.001384386303034053,0,1,1
2025-01-01 00:04:36,-0.001821711732051,0.442756782529,9.78312488701,25.74878371,72.54487605,train,0.0009404070408837556,0,1,1
2025-01-01 00:04:37,0.0243859228761118,0.4288596668871287,9.803604882851486,26.23125238,72.26486206,train,0.0014190977223301033,0,1,1
2025-01-01 00:04:38,0.01991458740231,0.423137081909,9.80609162755,26.39868075,72.9487915,train,0.0007005146072234757,0,1,1
2025-01-01 00:04:39,-0.017408798219655,0.422110217286,9.81338745574,26.59365834,72.9487915,train,0.0015068434695035744,0,1,1
2025-01-01 00:04:40,0.010144745476491,0.4151120176356436,9.802161350128712,26.79166613,70.98187256,train,0.0011570801769411909,0,1,1
2025-01-01 00:04:41,0.013817765808608,0.429217437744,9.79846798101,27.16244518,70.89804077,train,0.000819028097209103,0,1,1
2025-01-01 00:04:42,-0.00567769317399,0.426298507694,9.73882900086,27.51932148,77.71035004,train,0.002430348031850311,0,1,1
2025-01-01 00:04:43,0.0315828380018217,0.3906134577079208,9.802207293960397,27.99603152,84.44854736,train,0.0035622429129360737,0,1,1
2025-01-01 00:04:44,-0.00033530273179,0.404080210876,9.74375076603,28.11291732,49.48353958,train,0.0009229174012990365,0,1,1
2025-01-01 00:04:45,0.0124760361475544,0.3934634716633663,9.809887362930692,28.22305394,68.25196075,train,0.0002665740487155274,0,1,1
2025-01-01 00:04:46,0.0267448837281,0.3906187042269999,9.80275805968,28.28193535,72.31878662,train,0.0002906966269180027,0,1,1
2025-01-01 00:04:47,0.02592009887729,0.389512504577,9.81487985225,28.49080506,71.18349457,train,0.0003903263317847178,0,1,1
2025-01-01 00:04:48,0.0129725284391207,0.3840819904613861,9.778473480554457,28.75769582,72.32125092,train,0.0008543188460902581,0,1,1
2025-01-01 00:04:49,0.021456381225748,0.3732263717619999,9.80702718202,28.67965935,72.5956192,train,0.001223706060022749,0,1,1
2025-01-01 00:04:50,0.007701484679449,0.375209747314,9.81030835875,30.0045457,71.64012146,train,0.0007878558065888272,0,1,1
2025-01-01 00:04:51,-0.0002430589125415,0.3680534408138614,9.796313115594058,30.11452496,72.21190643,train,0.0005490641865570132,0,1,1
2025-01-01 00:04:52,0.00990939331145,0.3618066192629999,9.79340101775,30.23431424,72.40262604,train,0.0010122528104882975,0,1,1
2025-01-01 00:04:53,0.007658074951117,0.351704127504,9.81801134036,30.69938513,71.68159485,train,0.0006435235198460556,0,1,1
2025-01-01 00:04:54,0.0055859087955742,0.3377407338356435,9.839189300485147,30.83879716,72.16433716,train,0.0013237361327864078,0,1,1
2025-01-01 00:04:55,0.00265398102001,0.3349315063449999,9.92056308285,30.95292972,72.2579422,train,0.0029601212428994645,0,1,1
2025-01-01 00:04:56,0.0148625930811369,0.337375923158,9.86015170895,31.27584229,72.2579422,train,0.0022727311537974527,0,1,1
2025-01-01 00:04:57,0.0240228165729861,0.3347736366217822,9.916367915653463,31.50679672,71.72173309,train,0.00335519844328676,0,1,1
2025-01-01 00:04:58,0.018279986575064,0.328716430665,9.87732699306,31.91304328,72.21483612,train,0.003625399511576309,0,1,1
2025-01-01 00:04:59,0.037797898862862,0.362341007999,9.84103196896,31.97171334,72.74452972,train,0.0013049055589255002,0,1,1
2025-01-01 00:05:00,0.0111673713915138,0.3469236181237624,9.791229627326732,32.21828164,72.74452972,train,0.0017209976485308444,0,1,1
2025-01-01 00:05:01,-0.015850538634315,0.3446043914789999,9.79604302368,33.0,72.74452972,train,0.0012370666653266059,0,1,1
2025-01-01 00:05:02,0.0230905967183762,0.3245029154891089,9.848106894970297,33.84000015,72.74452972,train,0.0021593330871225885,0,1,1
2025-01-01 00:05:03,-0.016651373291463,0.340227493287,9.89064479829,43.11000061,71.48151398,train,0.003032532398553651,0,1,1
2025-01-01 00:05:04,0.000633183288827,0.34775384216,9.81558937689,34.63999939,72.51727295,train,0.0005274195551656614,0,1,1
2025-01-01 00:05:05,-0.0018896348404346,0.3416533895009901,9.80776207949505,35.20000076,72.05564117,train,0.0013562320219562673,0,1,1
2025-01-01 00:05:06,0.01770518188517,0.344727136229,9.79964453424,34.83000183,71.93884277,train,0.000775188035657957,0,1,1
2025-01-01 00:05:07,0.009328601074403,0.348626527403,9.77227245487,35.90999985,72.41602325,train,0.0006605914104805653,0,1,1
2025-01-01 00:05:08,0.0371242848009405,0.3521197434277228,9.736118982910892,34.83000183,71.98058319,train,0.0026170092931545636,0,1,1
2025-01-01 00:05:09,0.024282504272349,0.330791116334,9.72437206422,35.86999893,69.99635315,train,0.0028259819273621484,0,1,1
2025-01-01 00:05:10,0.01491348724325,0.303514837642,9.7214321777,35.72999954,66.27086639,train,0.002427481744325427,0,1,1
2025-01-01 00:05:11,0.0003097519083683,0.2759400411217821,9.795051876782178,35.72999954,66.88580322,train,0.0032036636422629354,0,1,1
2025-01-01 00:05:12,-0.03353027343819,0.265739392093,9.66724635791,35.45000076,66.88580322,train,0.007606459628244742,0,1,1
2025-01-01 00:05:13,-0.00323327637244,0.2382520523062,9.82451681204,35.45000076,66.88580322,train,0.012004374708047981,0,1,1
2025-01-01 00:05:14,-0.0144575591153564,0.1416425814482317,9.817281392970298,37.06000137,70.31290356,train,0.013604246308932326,0,1,1
2025-01-01 00:05:15,0.017721647644501,0.048741641234717,9.80098724211,37.06000137,71.36759365,train,0.01596586112409027,0,1,1
2025-01-01 00:05:16,0.0100261505123799,0.05199886779755,9.81508941654,36.77999878,71.36759058,train,0.0159978515081477,0,1,1
2025-01-01 00:05:17,-0.1056031693525841,0.0431370287592376,9.802190991227722,36.34999847,71.36758587,train,0.01782516017160112,0,1,1
2025-01-01 00:05:18,-0.10112670593149,0.04786745910482,9.69240005027,36.02999878,70.31289234,train,0.016093647722503684,0,1,1
2025-01-01 00:05:19,0.023831941224804,0.01606908416829,9.92968810742,36.02999878,69.2582022,train,0.016405998034784014,0,1,1
2025-01-01 00:05:20,-0.1054683012993465,0.0438261897060811,9.857568407633664,35.6800003,66.79725428,train,0.015750645493738495,0,1,1
2025-01-01 00:05:21,-0.08277486877451,0.03395988006627,9.86927074586,35.48774136,68.50473625,train,0.01677269897844636,0,1,1
2025-01-01 00:05:22,-0.0200716271720039,0.0349500931842356,9.838141479524753,35.35899944,68.40290304,train,0.015692999509039678,0,1,1
2025-01-01 00:05:23,-0.07806117095986,0.04454137573234,9.9005062912,35.09548981,68.58359743,train,0.016977044588489292,0,1,1
2025-01-01 00:05:24,-0.0400252670293,0.0424741744995879,9.80411124568,35.08200804,67.93948186,train,0.016404524270159513,0,1,1
2025-01-01 00:05:25,0.0186443970957158,0.0461233928432079,9.778571296881188,35.01103247,67.39947645,train,0.01725684449424183,0,1,1
2025-01-01 00:05:26,-0.06375691680614,0.00356109466751,9.82244512027,35.48382717,67.02568431,train,0.017235085844230325,0,1,1
2025-01-01 00:05:27,0.03437751159826,-0.1755534347513,9.83240091694,35.93474358,65.36873306,train,0.011410675778414033,0,1,1
2025-01-01 00:05:28,0.0103374141249306,-0.1992875595825742,9.807310049277229,34.93309272,63.18251132,train,0.012962019021634654,0,1,1
2025-01-01 00:05:29,0.025978477475826,-0.218870356753,9.78429694977,34.71354839,62.14215538,train,0.009178365489553687,0,1,1
2025-01-01 00:05:30,-0.0135947296154999,-0.2097438354526,9.79937958536,34.77028036,61.61894088,train,0.005946551573452597,0,1,1
2025-01-01 00:05:31,0.0463975751565049,-0.2330193940737623,9.755142789039605,34.42242067,61.35160011,train,0.004112904509069494,0,1,1
2025-01-01 00:05:32,-0.0019399658224999,-0.23239173888842,9.83390678544,34.344018,60.39390459,train,0.006036381131470001,0,1,1
2025-01-01 00:05:33,-0.025674609373448,-0.2833637420646,9.81006735965,33.79378912,60.20283901,train,0.003508465755242819,0,1,1
2025-01-01 00:05:34,0.0293804871196039,-0.2992707326198019,9.786596687227725,33.48361938,60.24066835,train,0.002391823197353299,0,1,1
2025-01-01 00:05:35,0.0037467086780799,-0.295478050236,9.79082786866,32.80158915,60.48441627,train,0.001850147323473105,0,1,1
2025-01-01 00:05:36,0.024924668881934,-0.306183787535,9.85162543939,32.45279873,60.74772966,train,0.0014868269976485728,0,1,1
2025-01-01 00:05:37,-0.0220205446729178,-0.290683639070297,9.742583757148514,32.14858315,60.88208505,train,0.002203246839011734,0,1,1
2025-01-01 00:05:38,-0.04674030303944,-0.305915844725,9.80365170133,31.91430836,60.35924058,train,0.002016027590696627,0,1,1
2025-01-01 00:05:39,-0.0074370099084158,-0.0154624002302079,9.77019465680198,31.33108669,60.61913338,train,0.004247454311289707,0,1,1
2025-01-01 00:05:40,-0.01516646118387,0.0703432205198009,9.77711488491,31.30583646,60.94202933,train,0.001709206793133027,0,1,1
2025-01-01 00:05:41,-0.05201383667223,0.13595478057675,9.76213553467,30.7933781,60.96296118,train,0.01030195317139831,0,1,1
2025-01-01 00:05:42,-0.0137921112370514,0.2526330626821782,9.72542587280198,30.42337331,60.56447277,train,0.009699348579519911,0,1,1
2025-01-01 00:05:43,-0.09713899841421,0.306290066529,9.76368930364,30.45561359,60.93890737,train,0.011388562756719862,0,1,1
2025-01-01 00:05:44,-0.104656365970542,0.358339828494,9.75702665865,30.51600569,61.15869815,train,0.015064379984776834,0,1,1
2025-01-01 00:05:45,-0.1208239927379207,0.3735178201554455,9.804500051049503,30.55946293,61.28490239,train,0.013511305191888612,0,1,1
2025-01-01 00:05:46,-0.1507979141195,0.371171145631,9.78784008174,30.94483035,61.91199296,train,0.0162626139255978,0,1,1
2025-01-01 00:05:47,-0.20083436278912,0.3682177871679999,9.78560073853,31.37308634,62.47292618,train,0.017783374048939034,0,1,1
2025-01-01 00:05:48,-0.1832634561383168,0.357994655190099,9.77717667230693,31.46390206,62.16266219,train,0.015968096788702254,0,1,1
2025-01-01 00:05:49,-0.189705006410121,0.348428938292,9.82493743735,31.67820384,63.40381756,train,0.017906048468178993,0,1,1
2025-01-01 00:05:50,-0.1722168731663499,0.346180613708,9.81373173981,32.15948401,64.80143963,train,0.016973244794738662,0,1,1
2025-01-01 00:05:51,-0.1609805856845544,0.3427575290811881,9.810890721990098,32.29297758,66.30484773,train,0.016939606511751314,0,1,1
2025-01-01 00:05:52,-0.132642169188715,0.334418074031,9.82294957123,32.4963034,67.31671749,train,0.016669833744852612,0,1,1
2025-01-01 00:05:53,-0.125829835510358,0.317693353275,9.85373305663,32.71236097,67.73004599,train,0.017519993821382425,0,1,1
2025-01-01 00:05:54,-0.1164341116373168,0.3169265913247525,9.907714129029705,33.43431512,68.25406853,train,0.017623553292069376,0,1,1
2025-01-01 00:05:55,-0.11363619232319,0.316663494874,9.88052883444,33.61896912,68.88685765,train,0.018670032976139075,0,1,1
2025-01-01 00:05:56,-0.0907128468147871,0.3096763218049504,9.902454274910893,33.71977317,69.24905953,train,0.017757853282083326,0,1,1
2025-01-01 00:05:57,-0.072494247433377,0.316480874633,9.8933541641,33.95863567,70.08642229,train,0.01794422553709938,0,1,1
2025-01-01 00:05:58,-0.07242239684869,0.313684689332,9.90918075264,34.59426205,70.57891387,train,0.01754845432616534,0,1,1
2025-01-01 00:05:59,-0.0551669628784683,0.3113940369227723,9.898506049831685,34.67884253,71.20403513,train,0.018527858694469813,0,1,1
2025-01-01 00:06:00,-0.0499930389379009,0.310617567439,9.90548643493,34.69791789,72.07323889,train,0.017981721112155527,0,1,1
2025-01-01 00:06:01,-0.065063699340288,0.310777734373,9.89062833247,35.46792415,73.5742524,train,0.017831095416788317,0,1,1
2025-01-01 00:06:02,-0.0371391054674752,0.3104025344059405,9.88849913639604,35.6325152,74.43890053,train,0.018271049519537945,0,1,1
2025-01-01 00:06:03,-0.04672234039201,0.311698320007,9.88629634097,35.51828742,75.37331545,train,0.017583234698346644,0,1,1
2025-01-01 00:06:04,-0.06869814148215,0.311815077206,9.9010885801,35.51541518,76.23628864,train,0.018901304171238753,0,1,1
2025-01-01 00:06:05,-0.0203843432133613,0.3116000441712871,9.886997803,35.8845395,77.60051442,train,0.019000171737685544,0,1,1
2025-01-01 00:06:06,-0.04265978851238,0.316968859869,9.89113877107,0.0,79.93328395,train,0.01823859492854622,0,0,0
2025-01-01 00:06:07,-0.01873204650898,0.317937345877,9.87568640433,37.38000107,82.26605348,train,0.015697930256727614,0,0,0
2025-01-01 00:06:08,-0.0037955724116336,0.3319858694524752,9.815793398138617,37.38000107,79.1019871,train,0.01293645197083569,0,0,0
2025-01-01 00:06:09,-0.01466051330468,0.3281715637239999,9.81322429498,37.66999817,84.72699642,train,0.008080816940622796,0,0,0
2025-01-01 00:06:10,0.0055459671023,0.343620936585,9.71556887057,37.54999924,84.72699504,train,0.012154976435398899,0,0,0
2025-01-01 00:06:11,0.0305053756260495,0.2680806422485148,9.634019418841584,37.84999847,83.67231018,train,0.004003681092432888,0,0,0
2025-01-01 00:06:12,0.014175521850404,0.2260554153427,9.64784370575,37.72000122,84.726997,train,0.003944964056250584,0,0,0
2025-01-01 00:06:13,0.0589062167631089,0.2052069333594059,9.816331388118812,37.84999847,83.67231018,train,0.003346142710993631,0,0,0
2025-01-01 00:06:14,-0.023165826415953,0.2179063613869999,9.76172987821,38.04000091,84.02387515,train,0.0024060426041360643,0,0,0
2025-01-01 00:06:15,-0.02478396148723,0.232999475097,9.71046149135,38.04000091,84.37543793,train,0.0016785305959723994,0,0,0
2025-01-01 00:06:16,0.0342950197708475,0.1924270735662099,9.843057494217822,38.04000091,84.02387515,train,0.0024524934622603975,0,1,1
2025-01-01 00:06:17,0.017913249208246,0.16071928253192,9.80583116914,37.9300003,84.72699942,train,0.0004606651202604329,0,1,1
2025-01-01 00:06:18,-0.0076490936288019,0.04078119506827,9.81702489155,38.11000061,83.67231317,train,0.0009700501255486857,0,1,1
2025-01-01 00:06:19,-0.0073095521819465,0.0593523187946633,9.705835917247525,38.20999908,85.07856538,train,0.0022508205188613434,0,1,1
2025-01-01 00:06:20,0.08347690887883,0.032576756286004,9.75100767528,38.11000061,84.02387596,train,0.0029020031547006744,0,1,1
2025-01-01 00:06:21,-0.034181419374257,0.037785923766224,9.80800764305,38.20999908,85.43012811,train,0.0010092037756346433,0,1,1
2025-01-01 00:06:22,0.0314212927522871,0.0397297577806831,9.766656963980198,38.06999969,83.67231271,train,0.0016410470846758404,0,1,1
2025-01-01 00:06:23,-0.0012933105468699,0.04343517608607,9.7437762131,38.47000122,82.96919168,train,0.001932514649791675,0,1,1
2025-01-01 00:06:24,0.02959495697097,0.039604641722844,9.76162509613,38.47000122,85.07856838,train,0.0015402263969594384,0,1,1
2025-01-01 00:06:25,0.0139625488891069,0.0429502883764108,9.7491507939901,38.47000122,83.67231731,train,0.0017888067463458547,0,1,1
2025-01-01 00:06:26,0.023028112791572,0.0355181396485229,9.76255765689,38.08000183,85.07856389,train,0.0016645675034947893,0,1,1
2025-01-01 00:06:27,0.012082873533197,0.032346235656674,9.76278069303,38.77000046,84.37544634,train,0.0013097935648730455,0,1,1
2025-01-01 00:06:28,0.0269587903908514,0.0418061330059485,9.778787678663369,38.15000153,84.3754392,train,0.0011372854770099361,0,1,1
2025-01-01 00:06:29,0.0032078292845,0.03429368591353,9.64567172241,38.17295991,84.29695693,train,0.004334067930444735,0,1,1
2025-01-01 00:06:30,0.0065922319780574,0.0086878740665297,9.901283442425743,38.37581247,84.50326054,train,0.0013516578076091961,0,1,1
2025-01-01 00:06:31,0.01911075897392,0.0161783569332649,9.89755442958,38.48938545,84.49328425,train,0.0027128065178738067,0,1,1
2025-01-01 00:06:32,0.03997886352379,0.013889616394293,9.90291478272,38.98070135,84.39594586,train,0.0026965610907979964,0,1,1
2025-01-01 00:06:33,-0.0022527411432782,0.0179626464844673,9.90627948878218,38.75214234,84.46180559,train,0.002464789627820856,0,1,1
2025-01-01 00:06:34,0.0337862411488239,0.02323468322743,9.8983073639,38.89742643,84.57252332,train,0.002136505939028781,0,1,1
2025-01-01 00:06:35,0.018437159726225,0.029063562010589,9.91165211339,38.93692413,84.46824714,train,0.0026073438022835905,0,1,1
2025-01-01 00:06:36,0.0271811003748603,0.0215640681789603,9.801882721336634,38.95477986,84.50214629,train,0.0011048065247367118,0,1,1
2025-01-01 00:06:37,0.035362463379745,0.0262194763185069,9.87968159637,38.64348451,84.70891899,train,0.0028876120451742193,0,1,1
2025-01-01 00:06:38,-0.01633253631611,0.033488360596043,9.89174501028,38.41045634,84.801006,train,0.001955891355439045,0,1,1
2025-01-01 00:06:39,0.0380757715239306,0.0341616337842039,9.81367700708911,38.22962,84.79151955,train,0.0017319454655373894,0,1,1
2025-01-01 00:06:40,0.022031185914106,0.036812947082365,9.81699046327,38.34493485,84.41598848,train,0.0019444817519625676,0,1,1
2025-01-01 00:06:41,-0.016109500120059,0.041857456970761,9.78222376101,38.54179521,84.23966307,train,0.0007679818907444833,0,1,1
2025-01-01 00:06:42,0.0323653691332039,0.0323149788728821,9.841573945544557,38.24108597,85.90426636,train,0.002642761743546752,0,1,1
2025-01-01 00:06:43,0.003592529298844,0.0423693923945409,9.80887883146,38.1790403,85.90426636,train,0.0012799790581581572,0,1,1
2025-01-01 00:06:44,-0.0112903829156435,0.0445879719043069,9.772441469861386,38.04442907,85.96167755,train,0.0009472905718498296,0,1,1
2025-01-01 00:06:45,0.00835562438577,0.04308490448132,9.85813540208,37.929689,86.1373291,train,0.0008339322709025132,0,1,1
2025-01-01 00:06:46,0.01827699279713,0.03389850769147,9.83637215878,37.91998161,86.1373291,train,0.010496282644123287,0,1,1
2025-01-01 00:06:47,-0.027390071752297,0.0489897095321257,9.787300668930692,38.0000521,84.92186737,train,0.010860330089436935,0,1,1
2025-01-01 00:06:48,-0.0107551345820189,0.04425846405054,9.77385915524,37.89580144,84.52433014,train,0.01235275232919436,0,1,1
2025-01-01 00:06:49,-0.051329759216026,0.033497341919441,9.84045117638,37.43705299,82.5637207,train,0.014698566015755315,0,1,1
2025-01-01 00:06:50,-0.0393281177488415,0.0373732719803069,9.84377926059406,37.93629443,81.13352966,train,0.017381709441033972,0,1,1
2025-01-01 00:06:51,-0.062176203916066,0.036407290649226,9.84182382213,37.74659011,80.02414703,train,0.017599192679362132,0,1,1
2025-01-01 00:06:52,-0.05174739074534,0.03277733917272,9.82266965327,37.72585639,77.73925018,train,0.018452376280577963,0,1,1
2025-01-01 00:06:53,-0.0561555012618019,0.0352287216933405,9.832354009722772,37.79706049,77.19219971,train,0.018726666287570703,0,1,1
2025-01-01 00:06:54,-0.041890388486313,0.029792546081635,9.83233804777,37.53778744,75.94693756,train,0.01973440608500262,0,1,1
2025-01-01 00:06:55,-0.05124593352925,0.0348954345701,9.84386108548,37.37550776,74.54409027,train,0.01889647142601975,0,1,1
2025-01-01 00:06:56,-0.0330708328076732,0.0348137430625148,9.830033093425742,37.20872699,71.98010254,train,0.019308197869015966,0,1,1
2025-01-01 00:06:57,-0.08104446716067,0.033388069154324,9.84680845632,36.8703048,71.7146759,train,0.020176628855899065,0,1,1
2025-01-01 00:06:58,-0.023070025633889,0.03518583068774,9.83668949894,36.8748934,70.23568726,train,0.01855115550945842,0,1,1
2025-01-01 00:06:59,-0.0026914328426633,0.0398335024393267,9.82070644880198,36.91361213,69.11699677,train,0.018252421814033568,0,1,1
2025-01-01 00:07:00,-0.02501148834179,0.04154011688119,9.81107626194,36.52043029,68.98378754,train,0.018875929975056664,0,1,1
2025-01-01 00:07:01,-0.0205103188703168,0.0348137430625336,9.78144205980198,36.88228856,68.51646423,train,0.017570367485621203,0,1,1
2025-01-01 00:07:02,-0.0285246826157899,0.035122961425488,9.84413651283,37.26591647,68.51646423,train,0.019191714681234276,0,1,1
2025-01-01 00:07:03,-0.04277355194103,0.09798623657477,9.91404563586,36.97525858,69.09068298,train,0.019159424603979725,0,1,1
2025-01-01 00:07:04,-0.0534403553605742,0.1304248197927723,9.8269281639802,36.72091041,69.59062958,train,0.018813525537089613,0,1,1
2025-01-01 00:07:05,0.05439987488073,0.1461605575559,9.87704408107,36.63432237,70.93800354,train,0.01739748247057487,0,1,1
2025-01-01 00:07:06,0.020332218936004,0.1849913085956999,9.80050524453,36.7263007,72.47390747,train,0.01786194018541362,0,1,1
2025-01-01 00:07:07,-0.0842391801626128,0.1884462428319802,9.85372837330693,36.34961969,73.06442261,train,0.019801236902524676,0,1,1
2025-01-01 00:07:08,-0.034620007326825,0.17329163818652,9.73504187626,36.42468603,74.94833374,train,0.019393738389547183,0,1,1
2025-01-01 00:07:09,-0.010630892944134,0.1665017578132999,9.84540886699,36.58373246,75.91758728,train,0.01936606273635272,0,1,1
2025-01-01 00:07:10,-0.2222996067743366,0.1703828158263366,9.927883573128714,36.8259478,77.87477112,train,0.020545410738138384,0,1,1
2025-01-01 00:07:11,-0.06718029785416,0.16400045928575,9.77391004958,36.82845424,79.27358246,train,0.01812723744074185,0,1,1
2025-01-01 00:07:12,-0.055643788145156,0.164445034792,9.82636097712,36.82909294,79.27358246,train,0.018677187338449967,0,1,1
2025-01-01 00:07:13,-0.1355927858265346,0.1637876197139604,9.837081802039604,36.82909382,79.27358246,train,0.019273136332966026,0,1,1
2025-01-01 00:07:14,-0.081986009213914,0.145596231079,9.94571228485,36.83102287,63.70437395,train,0.020233299594460165,0,1,1
2025-01-01 00:07:15,-0.041978704833001,0.2071916427613,9.82312171318,36.83394878,63.68689355,train,0.020018649113302842,0,1,1
2025-01-01 00:07:16,0.0079320201349574,0.1977076766486138,9.669340028633664,36.01142269,62.24319524,train,0.01978502566292486,0,1,1
2025-01-01 00:07:17,-0.022641915891688,0.168071992495,9.70125264129,37.20252292,61.83578729,train,0.02043394726672767,0,1,1
2025-01-01 00:07:18,-0.0346744288051386,0.1444347948121782,9.961664315415842,37.00482682,57.78036028,train,0.019353646926457264,0,1,1
2025-01-01 00:07:19,-0.084780697633668,0.1677351928684,9.94390404529,36.87033329,56.22239309,train,0.02148874642698199,0,1,1
2025-01-01 00:07:20,-0.0577903244045479,0.1751747222910999,9.83134261775,37.13464157,53.74224836,train,0.018715455636364873,0,1,1
2025-01-01 00:07:21,-0.094429869703093,0.1752528864773267,9.845344322930693,37.44036242,52.35001588,train,0.019884213670995212,0,1,1
2025-01-01 00:07:22,-0.0248064147971,0.1718112167398,9.81606688384,37.67345659,51.93074294,train,0.018270276786929888,0,1,1
2025-01-01 00:07:23,-0.07718249816941,0.1824226501455,9.79983912969,38.80099528,50.92023923,train,0.020099239174678454,0,1,1
2025-01-01 00:07:24,-0.0467962510490792,0.1680159555551485,9.856302722980198,38.87057294,49.80530605,train,0.01928629965065539,0,1,1
2025-01-01 00:07:25,-0.04464166717469,0.1712409027129,9.82066382446,38.78432269,48.91271448,train,0.01887651546112409,0,1,1
2025-01-01 00:07:26,-0.070912037657302,0.178035273745,9.82568288711,38.59723215,47.92467733,train,0.019865736110190907,0,1,1
2025-01-01 00:07:27,-0.0683217855063861,0.1613851898489109,9.871892580940594,38.69106849,46.56535812,train,0.020478649792139814,0,1,1
2025-01-01 00:07:28,-0.02839894408919,0.1689596466046,9.76164605258,38.76340138,45.26868009,train,0.015159370962798215,0,1,1
2025-01-01 00:07:29,-0.02246228942793,0.1532632873561,9.82401984537,38.0644622,44.02026119,train,0.015306041471174472,0,1,1
2025-01-01 00:07:30,0.0198448709909544,0.1171855193793267,9.860522166475247,38.44455724,43.16751353,train,0.0120394945774839,0,1,1
2025-01-01 00:07:31,-0.054729190062168,0.00187709655726,9.9818037322,38.24000395,42.58058976,train,0.012294753275758994,0,1,1
2025-01-01 00:07:32,0.0129102816442277,0.0117320387431732,9.991855492851483,38.35281397,41.76591127,train,0.007964820050160778,0,1,1
2025-01-01 00:07:33,-0.014765295410702,0.031633717346602,9.99836229839,38.50375169,41.65943687,train,0.00695987727724512,0,1,1
2025-01-01 00:07:34,-0.03026705932437,0.0537831573483399,9.7993646164,38.11897216,41.43031729,train,0.0016970203594761086,0,1,1
2025-01-01 00:07:35,-0.0034117171793069,0.0434171393371089,9.845273183663366,37.90615961,41.33576083,train,0.001969493148080086,0,1,1
2025-01-01 00:07:36,-0.006876699827446,0.053780163574722,9.77404177551,37.57657498,41.28331573,train,0.0016333233645269662,0,1,1
2025-01-01 00:07:37,-0.01196761321994,0.037074902343685,9.83698139206,37.74154868,41.3455289,train,0.0020527698824304775,0,1,1
2025-01-01 00:07:38,0.0113037215128584,0.0661994662146039,9.795852192762377,37.65415269,41.50365362,train,0.0018619742175443913,0,1,1
2025-01-01 00:07:39,-0.007135661315023,0.069442094421286,9.66719396666,37.32210203,40.98917997,train,0.0037932424277549045,0,1,1
2025-01-01 00:07:40,-0.03044369201558,0.066509692383,9.7027330628,37.46419783,41.45125552,train,0.0035045798163463268,0,1,1
2025-01-01 00:07:41,0.0070131388757227,0.0580451361021782,9.675995989534654,37.03347711,41.09988422,train,0.003935653873379037,0,1,1
2025-01-01 00:07:42,-0.0195403656006509,0.03992946624828,9.80460821233,36.98132753,41.08115555,train,0.001731757973984532,0,1,1
2025-01-01 00:07:43,0.00790805511483,0.07896678772009,9.85440515903,37.00535396,40.89038906,train,0.001428005184816069,0,1,1
2025-01-01 00:07:44,-0.0105093338471594,0.1077936637048514,9.831439574534652,36.87133468,40.75420664,train,0.001151310924370276,0,1,1
2025-01-01 00:07:45,-0.012942086792754,0.14809752960088,9.63996409126,36.7933224,40.68555875,train,0.005846163642158142,0,1,1
2025-01-01 00:07:46,0.0548127489743168,0.18396891981149,9.59109580781188,36.55183663,41.137713,train,0.006809790899015521,0,1,1
2025-01-01 00:07:47,-0.043870770265048,0.153662956241,9.85319717077,36.54031455,40.75914817,train,0.003923935026595202,0,1,1
2025-01-01 00:07:48,-0.02887794799751,0.1595801513646,9.84220552823,36.4605042,41.05671717,train,0.0021668662866165937,0,1,1
2025-01-01 00:07:49,0.0392391937566138,0.1799895711489109,9.796977081267327,36.27693498,41.3220137,train,0.004121396548719971,0,1,1
2025-01-01 00:07:50,0.0442704391497099,0.1864492767322,9.65602868499,36.64063611,41.38330106,train,0.0042957693537675114,0,1,1
2025-01-01 00:07:51,0.02594554595882,0.166254771425,9.67243157505,36.51888028,41.56999116,train,0.004330574715768968,0,1,1
2025-01-01 00:07:52,0.0477418095057108,0.1520289037722772,9.813949707356436,36.61023641,41.65780534,train,0.0011741270449880528,0,1,1
2025-01-01 00:07:53,0.060282641604449,0.1569935302727,9.81636775818,36.73753203,41.47433496,train,0.0026777637989988355,0,1,1
2025-01-01 00:07:54,0.02850372619466,0.15914156342179,9.73196277923,36.62532528,41.36775541,train,0.006491726503167238,0,1,1
2025-01-01 00:07:55,0.0583741548746336,0.1363204804954653,9.809184863237624,36.90444628,41.99092486,train,0.0013057660825699254,0,1,1
2025-01-01 00:07:56,-0.0273421417235589,0.16635506286535,9.84737128637,36.84446645,42.08023975,train,0.003100511102341264,0,1,1
2025-01-01 00:07:57,-0.0043768981955439,0.104083058165408,9.93101584637,37.12666034,41.74542085,train,0.003938843152747097,0,1,1
2025-01-01 00:07:58,0.0461056080455346,0.1189803019613168,9.983698198683168,37.31098117,41.71561496,train,0.006452068581610177,0,1,1
2025-01-01 00:07:59,0.00692909088167,0.13682746582228,9.98818346568,37.32706316,41.8239658,train,0.006959604651544814,0,1,1
2025-01-01 00:08:00,0.036574942018845,0.150535958862,9.88114555205,37.31891959,41.91513043,train,0.0037940928311675118,0,1,1
2025-01-01 00:08:01,0.0432363272170495,0.0434541910005376,9.756700441019802,37.5064939,41.74304799,train,0.004117663969893734,0,1,1
2025-01-01 00:08:02,-0.0083107177718199,0.02493365020775,9.84397185515,37.41501685,41.33285672,train,0.0034986600973570155,0,1,1
2025-01-01 00:08:03,0.0364869961864455,0.0435623818566633,9.834264393247526,37.50278909,41.54427477,train,0.0022256681458138364,0,1,1
2025-01-01 00:08:04,0.017655784606708,0.037395236207379,9.77343703313,37.47480661,41.56331666,train,0.0016214094845868143,0,1,1
2025-01-01 00:08:05,0.01384920043969,0.034699342346986,9.83083816675,37.59431394,41.28499321,train,0.0015565360091936687,0,1,1
2025-01-01 00:08:06,0.0287935887744306,0.0307469524725316,9.810930737732674,38.90226536,39.78422688,train,0.0018230033064934618,0,1,1
2025-01-01 00:08:07,0.0161454254160199,0.040088136291015,9.80313377835,38.76580165,40.01759844,train,0.0008948512516269591,0,1,1
2025-01-01 00:08:08,0.0114511871321379,0.036456687927774,9.8136179763,38.62214549,40.34646722,train,0.0013409104551076762,0,1,1
2025-01-01 00:08:09,0.0336577311570752,0.0339763754659891,9.82992193849505,38.5914853,40.97253222,train,0.0002247642852590913,0,1,1
2025-01-01 00:08:10,-0.0391645568829039,0.038269418334668,9.79883172476,38.57817797,40.98078055,train,0.000448458050724016,0,1,1
2025-01-01 00:08:11,0.06641838226434,0.0418873947135799,9.80584763488,38.39793806,41.01647339,train,0.0008207912435788349,0,1,1
2025-01-01 00:08:12,0.0041468221841891,0.0410443508042277,9.782592143465347,38.19585658,41.23147103,train,0.0012876640711401283,0,1,1
2025-01-01 00:08:13,0.009439370727846,0.03643872528048,9.80804805909,38.34923766,41.6280287,train,0.002408274412606067,0,1,1
2025-01-01 00:08:14,0.0005029541024399,0.038706509399687,9.83282004545,38.05435827,41.76397275,train,0.0015890024307403264,0,1,1
2025-01-01 00:08:15,0.0411480954597722,0.0338059378147207,9.83915373082178,37.59988597,41.43920558,train,0.0013582864992177542,0,1,1
2025-01-01 00:08:16,0.00034129028419,0.04319268035794,9.81425265658,37.36157004,41.48278901,train,0.0006321922235033496,0,1,1
2025-01-01 00:08:17,0.0205488526014851,0.0408220408208415,9.794101872435643,37.16978009,41.09562792,train,0.001505492855020853,0,1,1
2025-01-01 00:08:18,0.011942166138081,0.03861968994141,9.77698615253,37.09797704,41.11301508,train,0.0013929735562485776,0,1,1
2025-01-01 00:08:19,0.01056802367817,0.045388613893257,9.83395169238,36.9607011,40.95330511,train,0.0012157131210426982,0,1,1
2025-01-01 00:08:20,-0.0195039956880683,0.0380609508559168,9.810496492326733,36.98745455,40.92324704,train,0.002117061758660219,0,1,1
2025-01-01 00:08:21,0.00258811798132,0.040110589598802,9.82036744078,37.00364391,40.74354979,train,0.0013721769729930441,0,1,1
2025-01-01 00:08:22,0.0272523284880499,0.03560645599283,9.78844931502,37.08302009,40.75760108,train,0.004795891431024714,0,1,1
2025-01-01 00:08:23,-0.0233188349637425,0.0585786800560495,9.783330212346534,37.47239797,40.96145724,train,0.004527780735108649,0,1,1
2025-01-01 00:08:24,0.10341544646895,0.034572106932865,9.8360173965,37.45341551,41.3471212,train,0.0021153342172640487,0,1,1
2025-01-01 00:08:25,0.038752912905488,0.03646566924999,9.76480149074,37.2328116,41.28051899,train,0.0032737497731046023,0,1,1
2025-01-01 00:08:26,-0.1050622150712594,0.0419573037949168,9.86082450779208,37.01689991,41.44534708,train,0.0023536009808146447,0,1,1
2025-01-01 00:08:27,0.0244396774288619,0.0265203506471429,9.84648512889,36.93710566,41.46216375,train,0.003090064754103311,0,1,1
2025-01-01 00:08:28,0.00646505584606,0.04498146057124,9.79643071754,36.75557809,41.67397847,train,0.002439103035813005,0,1,1
2025-01-01 00:08:29,-0.0052331769552128,0.0457825175366514,9.792714657930691,36.95474562,41.78314315,train,0.001903670298983848,0,1,1
2025-01-01 00:08:30,0.000910107424171,0.027102639771485,9.7963947922,36.72600807,41.49178894,train,0.002476669189587729,0,1,1
2025-01-01 00:08:31,-0.0148102909494801,-0.1457286389077425,9.79465764718812,36.11724192,41.72278955,train,0.0009110453880266211,0,1,1
2025-01-01 00:08:32,0.00338446197482,-0.335904483033,9.86082830197,36.11815865,41.74760069,train,0.002151202046023607,0,1,1
2025-01-01 00:08:33,0.0011166778550199,-0.340020922852,9.75178006915,36.30529026,41.95872319,train,0.002613486119065063,0,1,1
2025-01-01 00:08:34,-0.0240628323679257,-0.3524858138584158,9.888540634336634,36.05628338,41.64457295,train,0.000910566439624892,0,1,1
2025-01-01 00:08:35,0.004911286926116,-0.339314392094,9.75158846732,36.09994929,41.64396017,train,0.0020615463628444065,0,1,1
2025-01-01 00:08:36,0.047943800356155,-0.351472109986,9.82805844732,35.99736862,41.61958651,train,0.0019383483524991324,0,1,1
2025-01-01 00:08:37,0.0047752183935643,-0.3511356512425742,9.825177843485148,35.75488098,41.81075434,train,0.0015092651709266778,0,1,1
2025-01-01 00:08:38,0.009942324830358,-0.344560981751,9.80685054948,35.48971621,41.6322937,train,0.0010349009816600005,0,1,1
2025-01-01 00:08:39,0.0002948867829399,-0.384367703246,9.86867348812,34.65270955,41.89446257,train,0.0013642014059215997,0,1,1
2025-01-01 00:08:40,0.0510690488928465,-0.399341347570297,9.842051171178218,34.27985833,41.81851024,train,0.0012379536640070574,0,1,1
2025-01-01 00:08:41,-0.02012864227386,-0.3984339523319999,9.78186001718,33.84383347,41.72766705,train,0.0018792922640552916,0,1,1
2025-01-01 00:08:42,0.0068856811543099,-0.404632562257,9.79140566713,33.44917733,41.08707653,train,0.0015136747839526183,0,1,1
2025-01-01 00:08:43,0.0013486805505633,-0.4168430713594059,9.782082312475248,32.76358023,41.14713576,train,0.000553298705897267,0,1,1
2025-01-01 00:08:44,0.018006056215448,-0.421453083804,9.85661306764,32.2506228,41.33871464,train,0.0009810390719505822,0,1,1
2025-01-01 00:08:45,-0.0157617776712158,-0.4226972341990099,9.79925798170297,31.72073591,41.67945684,train,0.002053021064956183,0,1,1
2025-01-01 00:08:46,0.026658064269511,-0.433089884946,9.79610289913,31.47503088,41.86215043,train,0.00043441173753509734,0,1,1
2025-01-01 00:08:47,0.037386254881229,-0.447301332087,9.86019960947,31.12388245,41.86295579,train,0.0008647790244591853,0,1,1
2025-01-01 00:08:48,-0.0119128508605148,-0.4606559224683168,9.83083340940594,30.80152956,41.69018547,train,0.002056572885172345,0,1,1
2025-01-01 00:08:49,-0.00425265655628,-0.459005493161,9.88537126464,30.39152536,41.81523033,train,0.002336397257226529,0,1,1
2025-01-01 00:08:50,0.027623556518677,-0.467115628053,9.79912361764,29.85074231,41.70017496,train,0.0011821281858613024,0,1,1
2025-01-01 00:08:51,0.0112147975211178,-0.4764265925336634,9.882889514534654,29.36410736,42.15499344,train,0.0012263727796066506,0,1,1
2025-01-01 00:08:52,-0.0082194076516829,-0.491085282896,9.83841840363,28.51927081,42.05601544,train,0.0019229778479041035,0,1,1
2025-01-01 00:08:53,0.04471351776074,-0.470606369017,9.85239184575,27.91321001,41.84887526,train,0.002497145041400684,0,1,1
2025-01-01 00:08:54,0.0058986248367029,-0.4126636437128713,9.833873127633664,27.2131722,41.11270822,train,0.002742902242168533,0,1,1
2025-01-01 00:08:55,-0.00067509613217,-0.3647614746099999,9.74860517115,26.83182495,41.45026549,train,0.003950526458169286,0,1,1
2025-01-01 00:08:56,0.0023905288700399,-0.340740925593,9.88051536267,26.09172656,40.96180093,train,0.0012652692968039335,0,1,1
2025-01-01 00:08:57,-0.0323060864733247,-0.312483355830693,9.802619308643564,25.39788796,41.62788573,train,0.0017236993897676795,0,1,1
2025-01-01 00:08:58,0.0180015655511849,-0.3448723342899999,9.84222947852,24.67740892,42.34820859,train,0.002058173102579797,0,1,1
2025-01-01 00:08:59,-0.0088345986547901,-0.3306623840336634,9.831186141277229,24.18237967,42.68825942,train,0.0011825736992613295,0,1,1
2025-01-01 00:09:00,0.01355131988602,-0.3412543579159999,9.81413140868,23.69915394,42.50515331,train,0.0007812742155825036,0,1,1
2025-01-01 00:09:01,-0.002106120299518,-0.37337905426,9.8513769562,23.19766455,42.62672497,train,0.0007195580798040848,0,1,1
2025-01-01 00:09:02,-0.0047648439320693,-0.4457759743910891,9.794004055792078,22.77597839,42.9277351,train,0.0006779097860500224,0,1,1
2025-01-01 00:09:03,0.00978964233261,-0.508769508363,9.79292051694,21.92277011,42.09634091,train,0.002412579382296403,0,1,1
2025-01-01 00:09:04,0.00296832733355,-0.572173159789,9.82904040544,21.12806216,41.50757737,train,0.001296185425791393,0,1,1
2025-01-01 00:09:05,0.0065181286539415,-0.6058169298831683,9.839951082722772,20.46507711,41.47435579,train,0.0017394467876876935,0,1,1
2025-01-01 00:09:06,0.025993446350238,-0.500797087098,9.79342496796,19.88367816,41.25711926,train,0.001234855869905572,0,1,1
2025-01-01 00:09:07,0.032534843446513,-0.446702577212,9.82727557523,18.75567295,41.27659803,train,0.00066304734450275,0,1,1
2025-01-01 00:09:08,0.0189141332035148,-0.3427249236069307,9.812279418366336,18.42161557,41.62271499,train,0.001053624911897985,0,1,1
2025-01-01 00:09:09,0.008084687805229,-0.325692718508,9.8508784927,17.96366361,42.18227966,train,0.0010468695590509015,0,1,1
2025-01-01 00:09:10,0.032012429808309,-0.317720297242,9.80298708341,17.53353075,42.7931352,train,0.00107703809966368,0,1,1
2025-01-01 00:09:11,0.0265245448945544,-0.3162581793217822,9.81521835630693,17.53353075,42.7931352,train,0.000763865889124781,0,1,1
2025-01-01 00:09:12,0.018574873353001,-0.318218760685,9.84131338341,17.53353075,42.7931352,train,0.0007926201813199423,0,1,1
2025-01-01 00:09:13,0.0366322387089237,-0.2264405006963366,9.806330403267328,17.53353075,42.7931352,train,0.0010811617411610203,0,1,1
2025-01-01 00:09:14,0.0036464172368189,-0.1081066909776,9.80615749052,14.94486975,42.99818204,train,0.0008912594740580721,0,1,1
2025-01-01 00:09:15,0.0206794967654,-0.1022493713399999,9.813131488,14.58507334,44.34691993,train,0.0009207787586472411,0,1,1
2025-01-01 00:09:16,0.0117231463450297,-0.0983277047022772,9.811284951673269,14.34195534,44.75372464,train,0.0005736835693061217,0,1,1
2025-01-01 00:09:17,0.0059471328732849,-0.0988828720092,9.80450941772,14.48593644,44.91336997,train,0.0007781430499135407,0,1,1
2025-01-01 00:09:18,0.007213499450265,-0.0977347595240999,9.81381556553,14.1081275,44.8752663,train,0.002008282243307567,0,1,1
2025-01-01 00:09:19,0.0079068249997425,-0.1001906623465346,9.787119856762375,13.6736054,44.31231261,train,0.0012711252357458075,0,1,1
2025-01-01 00:09:20,-0.014209950252473,-0.1010458740234,9.83708168333,13.32332388,43.94700664,train,0.0018463986884384445,0,1,1
2025-01-01 00:09:21,0.015293696594714,-0.1015847534169,9.80729662169,13.0941757,43.86210665,train,0.003276119008220397,0,1,1
2025-01-01 00:09:22,0.0268757946654712,-0.098920531320198,9.80646082508911,12.44360169,43.51330437,train,0.0030784745574892677,0,1,1
2025-01-01 00:09:23,0.018979032897192,-0.0955223602302,9.81594413908,12.03288338,42.49467444,train,0.0011925149600545799,0,1,1
2025-01-01 00:09:24,0.01993255004928,-0.0955029006989,9.79854432222,11.61173639,42.21332331,train,0.0024931475490071425,0,1,1
2025-01-01 00:09:25,0.0186844128898217,-0.0943809615080197,9.79848878919802,11.421181,42.55964801,train,0.0020708366012540053,0,1,1
2025-01-01 00:09:26,0.05375920715406,-0.098561041259,9.79125148776,11.16108089,42.79340585,train,0.0010084788096014234,0,1,1
2025-01-01 00:09:27,0.0001630273200089,-0.1177220274669307,9.822735397772275,11.11804954,43.81230606,train,0.0008685182879422032,0,1,1
2025-01-01 00:09:28,0.035736685180137,-0.2009705795269999,9.8069957474,10.61350427,43.69102392,train,0.002234621912046568,0,1,1
2025-01-01 00:09:29,0.031424153136453,-0.228926445008,9.80970661008,10.58191261,42.90320622,train,0.001120831737861687,0,1,1
2025-01-01 00:09:30,0.017254218677397,-0.2265620301455445,9.814509928475246,10.30666474,43.36377629,train,0.000931553503681153,0,1,1
2025-01-01 00:09:31,0.034001792909368,-0.225509051513,9.8091153397,10.14293636,43.77322425,train,0.0011036252042675697,0,1,1
2025-01-01 00:09:32,0.013636642455997,-0.239428605651,9.8184903442,9.855216359,43.35155461,train,0.000879939036875912,0,1,1
2025-01-01 00:09:33,0.027662772000692,-0.2865797968148514,9.818197310059404,9.476138163,44.20320337,train,0.0003905216112868114,0,1,1
2025-01-01 00:09:34,0.016497193908705,-0.283419126892,9.81253423001,8.650788731,43.06428077,train,0.0005912583819007003,0,1,1
2025-01-01 00:09:35,0.025882676696542,-0.273542665098,9.81519120481,8.1759891,43.24938886,train,0.00047002108291596825,0,1,1
2025-01-01 00:09:36,0.0274938164126514,-0.1779072676575247,9.820779069970296,7.798941064,41.53131654,train,0.00011488276633102516,0,1,1
2025-01-01 00:09:37,0.018676661681789,-0.1207044937098,9.81564775543,7.835719615,41.35564358,train,0.0007588418413673661,0,1,1
2025-01-01 00:09:38,0.0305724243175759,-0.1122006774899,9.82142274625,6.826053911,43.11009664,train,0.0005318773378384598,0,1,1
2025-01-01 00:09:39,0.0106249350351792,-0.1090712050654455,9.792907326554456,6.269422073,43.75549126,train,0.0016942039989164635,0,1,1
2025-01-01 00:09:40,0.01727108459477,-0.2044373703,9.81313148801,5.63289283,43.12568145,train,0.0012508993776595898,0,1,1
2025-01-01 00:09:41,0.0211816950142178,-0.2738547734930693,9.813392450306932,5.049017147,42.52146327,train,0.0007406919088092255,0,1,1
2025-01-01 00:09:42,0.00522713012773,-0.3935810440059999,9.8231142288,4.662933261,41.82855606,train,0.001426539407617536,0,1,1
2025-01-01 00:09:43,0.006551875306037,-0.422482942201,9.81966839447,4.408484389,41.82855606,train,0.0007557754627037178,0,1,1
2025-01-01 00:09:44,0.0037540745501217,-0.4401752449227723,9.819316270326732,4.339580464,41.82855606,train,7.49159558639412e-05,0,1,1
2025-01-01 00:09:45,0.010208770751259,-0.4642865112309999,9.81538879395,3.80525669,47.54644394,train,0.0005757264389090115,0,1,1
2025-01-01 00:09:46,0.016845968627968,-0.628791421512,9.8214646591,3.280614774,47.54644394,train,0.0006208300362022608,0,1,1
2025-01-01 00:09:47,0.0229898161935455,-0.5902878366554456,9.81540806081188,2.410772231,47.54644394,train,0.0002047881041985662,0,0,0
2025-01-01 00:09:48,0.018649717712577,-0.4089750320389499,9.81499361572,1.756839015,47.54644394,train,0.0004051671606723813,0,0,0
2025-01-01 00:09:49,0.010918295288401,0.18102605438651,9.81030985561,1.001652816,47.54644394,train,0.00031626898450352767,0,0,0
2025-01-01 00:09:50,0.0111688534570772,0.1130861233263366,9.808700227673269,0.3788418049,311.3206482,train,0.0001489023245242035,0,0,0
2025-01-01 00:09:51,0.012075389099295,0.1178648986771,9.8130177246,0.3451019448,311.3206482,train,0.0004543190921943207,0,0,0
2025-01-01 00:09:52,0.010301577758606,0.1167377426116999,9.81270786898,0.04839135712,310.203949,train,0.00011094333045187581,0,0,0
2025-01-01 00:09:53,0.0105078517804059,0.1182022170247524,9.810492046059409,0.6316330517,310.203949,train,0.00020023613502427218,0,0,0
2025-01-01 00:09:54,0.010937754821715,0.1164847686802,9.81235011293,3.167264827,315.5262146,train,0.000563164109167972,0,0,0
2025-01-01 00:09:55,0.010407071255195,0.1175560360127722,9.810613575623762,3.149933714,310.4989319,train,0.0002921042425149761,0,0,0
2025-01-01 00:09:56,0.008840615844209,0.1197315170258,9.80969313818,0.7919870197,310.4989319,train,0.0002944481269224834,0,0,0
2025-01-01 00:09:57,0.0080517562869689,0.1178678924572,9.80943567356,0.07296224097,310.4989319,train,0.0002601682402154834,0,0,0
2025-01-01 00:09:58,0.00943038940449,0.1166238161593069,9.809851793366336,0.1389444364,311.0780334,train,0.000256621879743277,0,0,0
2025-01-01 00:09:59,0.009750723266637,0.1197659454383,9.80731907501,0.0,311.0780334,train,0.00012887302334708492,0,0,0
2025-01-01 00:10:00,0.0083316741944,0.1188633224471,9.80917072455,0.0,311.0780334,train,0.00024120798022242738,0,0,0
2025-01-01 00:10:01,0.0090791396340118,0.1176449600042574,9.811366465386138,0.0,311.0780334,train,0.0004661587632297171,0,0,0
2025-01-01 00:10:02,0.0105545516965799,0.1196911010728,9.80598235476,0.0,311.0780334,train,0.00029783327581762715,0,0,0
2025-01-01 00:10:03,0.00905167694073,0.1181343383824,9.80373253325,0.0,310.203949,train,0.00022098435639077615,0,0,0
2025-01-01 00:10:04,0.0099639333590693,0.1183148540831683,9.802906829514852,0.0,310.203949,train,0.00020153472993267877,0,0,0
2025-01-01 00:10:05,0.002570155334351,0.1178454391490999,9.80403191076,0.0,310.8722534,train,0.00039713898807111224,0,0,0
2025-01-01 00:10:06,0.003863465880937,0.117839451605,9.80292870479,0.0,310.8722534,train,0.0001281390124238984,1,0,0
2025-01-01 00:10:07,0.0024765331911653,0.11983545435,9.802174688653466,0.0,310.8722534,train,0.0002913726225224575,1,0,0
2025-01-01 00:10:08,-0.001157093811252,0.1176762908936,9.80287481693,0.0,310.8722534,train,0.0003549788318995198,1,0,0
2025-01-01 00:10:09,0.000526904296905,0.1167302581807,9.80195722507,0.0,310.8722534,train,0.0003100747412532655,1,0,0
2025-01-01 00:10:10,0.0007262126057079,0.1171958938396039,9.80313654980198,0.0,310.8722534,train,0.0001764630492849641,1,0,0
2025-01-01 00:10:11,-0.000169148254374,0.1201012481656,9.80343315576,0.0,310.8722534,train,0.00031200123828472014,1,0,0
2025-01-01 00:10:12,0.0017962646484029,0.1171899655822772,9.803120247138612,0.0,310.8722534,train,0.00024293940656673326,1,0,0
2025-01-01 00:00:01,-0.7661750476438614,2.745262978382673,9.474388995950497,22.75984901,239.8831022,train,0.2604627586076091,0,0,0
2025-01-01 00:00:02,-0.901474873363,0.8865943176213,9.9036841826,22.81030963,240.0189957,train,0.04002130265606885,0,0,0
2025-01-01 00:00:03,-1.0096698806638,0.73766152496,9.68375103625,22.88016412,239.9739588,train,0.05348403629397204,0,0,0
2025-01-01 00:00:04,-1.115587055480198,0.7465183990871287,9.720689188227723,16.96402595,271.316413,train,0.021747845114466962,0,0,0
2025-01-01 00:00:05,-1.003947280884,0.7776179351829999,9.75384128262,16.86671832,272.3510696,train,0.010367612444477984,0,0,0
2025-01-01 00:00:06,-1.15401920473,0.614422801203,9.69707333211,16.82611583,272.5109786,train,0.012382863594354724,0,0,0
2025-01-01 00:00:07,-0.8989059629415841,1.0229089884544555,9.745552336514852,38.61999893,221.8356394,train,0.02517124795584989,0,0,0
2025-01-01 00:00:08,-0.87656667025,0.967128346247,9.60235480046,38.77999878,222.5387591,train,0.02390197405159564,0,0,0
2025-01-01 00:00:09,-1.006463548244,0.841801464843,9.58687998063,38.97000122,222.1875,train,0.01024774335739834,0,0,0
2025-01-01 00:00:10,-0.965560423558416,0.7745012974475248,9.667459286168317,38.97000122,222.1871919,train,0.016378365486264996,0,1,1
2025-01-01 00:00:11,-0.9692090194554,0.786103788751,9.74225387867,38.97000122,222.1871919,train,0.007202229302619275,0,1,1
2025-01-01 00:00:12,-0.948435218781,0.617756369015,9.68459827419,38.97000122,222.1871919,train,0.02267835662885092,0,1,1
2025-01-01 00:00:13,-0.941401256869307,0.5487277267039604,9.685654617049504,38.97000122,222.1871919,train,0.016131356579169837,0,1,1
2025-01-01 00:00:14,-1.1241907333449,0.4035308532723,9.54370077191,38.97000122,222.1871919,train,0.056714337935172644,0,1,1
2025-01-01 00:00:15,-1.374625950624,0.146883554079801,9.67803442383,38.97000122,222.1871919,train,0.0037046933879188696,0,1,1
2025-01-01 00:00:16,-1.0555930018554456,0.3816469551326732,9.83097568768317,38.97000122,222.1871919,train,0.03666056297710758,0,1,1
2025-01-01 00:00:17,-1.211297593742,0.356757618712,9.69862859782,38.97000122,222.1871919,train,0.02135165900848536,0,1,1
2025-01-01 00:00:18,-1.1818265374633663,0.2836675360705941,9.595463457752476,38.97000122,222.1871919,train,0.01006301349273312,0,1,1
2025-01-01 00:00:19,-1.184801193233,0.321148168948,9.59140956123,38.97000122,222.1871919,train,0.012762676625013788,0,1,1
2025-01-01 00:00:20,-1.176159663354,0.2718392074576,9.61053528896,38.97000122,222.1871919,train,0.01590857879989711,0,1,1
2025-01-01 00:00:21,-1.259895874648515,0.2719325331881188,9.785507368376235,38.655000685000005,222.18734595,train,0.0069393660184008474,0,1,1
2025-01-01 00:00:22,-1.177141621423,0.328816722106,9.68685408337,38.655000685000005,222.18734595,train,0.02288665296851115,0,1,1
2025-01-01 00:00:23,-1.161761105345,0.392554179377,9.74253978434,38.655000685000005,222.18734595,train,0.020005252310402136,0,1,1
2025-01-01 00:00:24,-1.0901384909059406,0.5435597606633663,9.787711201356435,38.655000685000005,222.18734595,train,0.007929784472350772,0,1,1
2025-01-01 00:00:25,-1.145976429765,0.3689093490589999,9.73295072514,38.34000015,222.1875,train,0.02382826533792588,0,1,1
2025-01-01 00:00:26,-0.973545501695,0.4716856246965,9.97295114136,38.34000015,222.1872021,train,0.052391164439920646,0,1,1
2025-01-01 00:00:27,-1.0461077760336632,0.3928661988534653,9.999909042574258,38.34000015,222.1872023,train,0.04810451634184752,0,1,1
2025-01-01 00:00:28,-0.84508114469734,0.5505476303,9.8591577758,38.27000046,222.1871962,train,0.009843541497814268,0,1,1
2025-01-01 00:00:29,-0.877692329391,0.501933224489,9.7098313018,38.27000046,222.1871962,train,0.05376774542553662,0,1,1
2025-01-01 00:00:30,-0.8794642140425744,0.4911983497514851,9.800245037722773,38.27000046,222.1871962,train,0.02293571118156834,0,1,1
2025-01-01 00:00:31,-0.8686855590827,0.473787254331,9.77445791011,38.27000046,222.1871962,train,0.03027181932352133,0,1,1
2025-01-01 00:00:32,-0.8101572693015,0.4916196716258,9.81725690934,38.27000046,222.1871962,train,0.0850590117955239,0,1,1
2025-01-01 00:00:33,-1.2408557657551782,0.5623523644065347,9.709318773940591,38.27000046,222.1871962,train,0.11400398736226652,0,1,1
2025-01-01 00:00:34,-1.1216056091285,1.1491064208607,9.71726933478,38.27000046,222.1871962,train,0.19127194261750569,0,1,1
2025-01-01 00:00:35,-0.79946201022267,1.986969575515,9.57290653849,38.27000046,222.1871962,train,0.12027969497001557,0,1,1
2025-01-01 00:00:36,-1.324914133810891,2.026801581009901,9.545013912712871,38.27000046,222.1871962,train,0.03615463442336993,0,1,1
2025-01-01 00:00:37,-1.408795394863,2.06413860172,9.51315080088,38.27000046,222.1871962,train,0.01796585031105632,0,1,1
2025-01-01 00:00:38,-1.285443737679208,1.997068362089109,9.552096708534654,38.79000092,228.8671875,train,0.028391463210534994,0,1,1
2025-01-01 00:00:39,-1.468733752421,1.92175319368,9.55478671866,38.79000091,228.8668495,train,0.03435057491803165,0,1,1
2025-01-01 00:00:40,-1.411500270097,1.98333663025,9.64878524768,38.79000091,230.2730923,train,0.010605165097364495,0,1,1
2025-01-01 00:00:41,-1.4764969355435644,1.9168515104851485,9.529724914178216,37.86000061,232.0309047,train,0.02103371993164973,0,1,1
2025-01-01 00:00:42,-1.421417147834,1.91099656219,9.37279068134,37.86000061,233.7887091,train,0.05382959111809945,0,1,1
2025-01-01 00:00:43,-1.4520988448975,1.73588620603,9.66836453254,38.77000046,224.9996828,train,0.03235091172680822,0,1,1
2025-01-01 00:00:44,-1.320685797940594,1.8122991263564356,9.61530832890099,39.09999847,224.9996801,train,0.019273123273974627,0,1,1
2025-01-01 00:00:45,-1.472555305477,1.6460011230200002,9.51536469719,39.45000076,230.2730865,train,0.03544854518004977,0,1,1
2025-01-01 00:00:46,-1.401857322685,1.53046538088,9.64192501367,39.49265842,232.2144228,train,0.03865918446444355,0,1,1
2025-01-01 00:00:47,-1.1982018906821783,1.6679043473069306,9.631960828485148,39.43999863,230.2730821,train,0.01317018188981739,0,1,1
2025-01-01 00:00:48,-1.154487730409,1.678913182087,9.57611736137,39.43999863,230.2730821,train,0.10788380890775207,0,1,1
2025-01-01 00:00:49,-1.527140794377,1.101689524868,9.63934587712,39.57461368,231.5553323,train,0.12467529993061162,0,1,1
2025-01-01 00:00:50,-2.518490494848515,0.6624629951815841,9.568612858049503,39.57942337,231.5631632,train,0.059968776360546865,0,1,1
2025-01-01 00:00:51,-2.09173970488,1.321869657865,9.52138068686,39.57942337,231.5631632,train,0.09364449546054415,0,1,1
2025-01-01 00:00:52,-1.826519732663,1.57295901489,9.53223311922,39.57942337,231.5631632,train,0.03761490854156252,0,1,1
2025-01-01 00:00:53,-1.8207587622079209,1.5105251833861384,9.56530784990099,39.91999817,241.171875,train,0.027219882034922985,0,1,1
2025-01-01 00:00:54,-1.7854241913000002,1.56508538821,9.53936878048,39.91999817,241.1714704,train,0.024251693876369707,0,1,1
2025-01-01 00:00:55,-1.8103235316237625,1.5815087603069309,9.600914498465349,39.03101564,246.1211425,train,0.031619766655691356,0,1,1
2025-01-01 00:00:56,-1.72630912169,1.67387765347,9.57603952325,38.92926333,246.3140561,train,0.021482053673751094,0,1,1
2025-01-01 00:00:57,-1.83078436428,1.7152980194,9.51592153933,38.43265284,248.3445591,train,0.025057221744456244,0,1,1
2025-01-01 00:00:58,-1.741394098890099,1.7782338269227724,9.450652218069306,38.41076908,249.2705212,train,0.02928795854891802,0,1,1
2025-01-01 00:00:59,-1.56586376955,1.83580791775,9.56476646582,38.55985684,249.736697,train,0.02379819264827805,0,1,1
2025-01-01 00:01:00,-1.5434059707672,1.77619139101,9.55059693149,38.33922868,250.2164074,train,0.024569108968659017,0,1,1
2025-01-01 00:01:01,-1.5729498260623762,1.7666173893069308,9.550552395445544,38.23153381,250.9416781,train,0.030877729287776722,0,1,1
2025-01-01 00:01:02,-1.58264387511,1.71995333863,9.57419236435,38.7635356,253.7486244,train,0.01817422112229481,0,1,1
2025-01-01 00:01:03,-1.6561709747200002,1.65147224574,9.56143589184,38.71305857,254.7926838,train,0.021439488529632865,0,1,1
2025-01-01 00:01:04,-1.6014055037029704,1.6311846667227723,9.56917159730693,38.9103378,255.7979292,train,0.03377245771416072,0,1,1
2025-01-01 00:01:05,-1.5895071029569998,1.59610238798,9.5742612214,38.62824028,256.5072306,train,0.013107911994340755,0,1,1
2025-01-01 00:01:06,-1.623649603279,1.60416162874,9.56946369782,38.56298918,256.5307926,train,0.027108808153310526,0,1,1
2025-01-01 00:01:07,-1.703229403329703,1.515627938427723,9.599156767524752,38.68456746,256.8592758,train,0.025071606014884052,0,1,1
2025-01-01 00:01:08,-1.618364094562,1.58296869964,9.58266923684,39.17604533,258.3083513,train,0.023028476286537317,0,1,1
2025-01-01 00:01:09,-1.56085967555,1.6088633515,9.52950279704,39.87774223,259.2397768,train,0.023305570930719468,0,1,1
2025-01-01 00:01:10,-1.5862143216752471,1.6743039106633664,9.526636287504951,40.24464856,259.8756206,train,0.010921637129569879,0,1,1
2025-01-01 00:01:11,-1.7330091889,1.542888047783,9.53739887691,40.24379032,260.050421,train,0.05805251165466089,0,1,1
2025-01-01 00:01:12,-1.91582252656,1.356754614249,9.54150034785,40.24839241,260.3986522,train,0.09310359691800321,0,1,1
2025-01-01 00:01:13,-1.5856496542960394,1.506087876118812,9.49607903970297,39.59663313,263.2575269,train,0.06307542760747453,0,1,1
2025-01-01 00:01:14,-1.4780937882090002,1.149663262963,9.68085306237,39.59974252,263.5944812,train,0.021980911174408937,0,1,1
2025-01-01 00:01:15,-1.3124010459881188,1.211983627460396,9.669302977059406,39.8130888,263.63964,train,0.028345280405560128,0,1,1
2025-01-01 00:01:16,-1.158946957438,1.31673982545,9.66053581275,39.80607248,263.6731933,train,0.020672338749980566,0,1,1
2025-01-01 00:01:17,-1.144817839025,1.22082677761,9.58810293748,39.70416379,263.5653835,train,0.09969144745604698,0,1,1
2025-01-01 00:01:18,-1.9948660112673269,0.2124572028738613,9.688243787633663,39.67454122,263.6440126,train,0.037678490341983575,0,1,1
2025-01-01 00:01:19,-1.92983937835,0.48019393157597,9.68306845527,39.49716264,263.7385427,train,0.043341677380403044,0,1,1
2025-01-01 00:01:20,-1.98343243109,0.6984041610699999,9.67701803744,39.39844671,263.9560215,train,0.032663829557783304,0,1,1
2025-01-01 00:01:21,-1.856193491118812,0.9636870914881188,9.643129682049503,39.18545898,264.2502974,train,0.01328003475478263,0,1,1
2025-01-01 00:01:22,-1.86301983031,1.021418948362,9.67017277252,39.01303313,264.082673,train,0.024362179193272045,0,1,1
2025-01-01 00:01:23,-1.7033408844300002,1.103901924205,9.69628746651,38.93349315,264.150377,train,0.00634041634773326,0,1,1
2025-01-01 00:01:24,-1.8212033821287128,1.118800175746535,9.666088374544556,38.7834595,264.4335821,train,0.024422767279461792,0,1,1
2025-01-01 00:01:25,-2.02652631682,1.26585613865,9.62448029024,38.64667787,264.8232971,train,0.05122728966479891,0,1,1
2025-01-01 00:01:26,-2.32778235167,0.9320443038519,9.51963082592,38.75864988,264.859793,train,0.20837298951898708,0,1,1
2025-01-01 00:01:27,-3.4745390153564357,0.0677986160120217,9.231089988178216,38.76658639,265.4978362,train,0.11955904779615381,0,1,1
2025-01-01 00:01:28,-3.16552126466,0.6039026779229301,9.12734458915,38.49273079,265.0076499,train,0.1828200210261346,0,1,1
2025-01-01 00:01:29,-1.853775054926,1.86819307253,9.42220891573,38.35033487,264.9224016,train,0.06321915796985775,0,1,1
2025-01-01 00:01:30,-1.7768718077326733,1.9209701734752476,9.44092245110891,38.07230761,264.7193574,train,0.02326660248153902,0,1,1
2025-01-01 00:01:31,-1.66605342406,1.84217866974,9.41764041585,37.9561044,264.3026514,train,0.00888331235119732,0,1,1
2025-01-01 00:01:32,-1.6674878866039604,1.8428341433069304,9.436024221297028,38.1006387,264.1709161,train,0.008640799853008162,0,1,1
2025-01-01 00:01:33,-1.62218265375,1.81299984744,9.43585753326,38.33261784,264.2480586,train,0.016240212563288378,0,1,1
2025-01-01 00:01:34,-1.61108323515,1.77797268681,9.46792235413,38.27965591,264.1885879,train,0.01133796216430549,0,1,1
2025-01-01 00:01:35,-1.5401131597623765,1.832643453762376,9.50779773978218,38.34026041,264.1655799,train,0.01889368234886241,0,1,1
2025-01-01 00:01:36,-1.688162448085,1.7694149826,9.43609553821,38.32374329,264.3087235,train,0.02692512179971427,0,1,1
2025-01-01 00:01:37,-1.802304588345,1.53337982025,9.4206761032,38.44655055,264.1723864,train,0.10536718367356625,0,1,1
2025-01-01 00:01:38,-2.5076402856956435,1.0773008304584155,9.405275786762376,38.40226779,264.4054631,train,0.0791402604532622,0,1,1
2025-01-01 00:01:39,-1.274017167657,1.3596675567790002,9.56862095011,38.35654137,264.4853291,train,0.10932508477997378,0,1,1
2025-01-01 00:01:40,-0.898523011786,1.125115809631,9.74447076885,38.33188037,264.5832649,train,0.03076697320332944,0,1,1
2025-01-01 00:01:41,-1.3240604634821784,1.0375043797158416,9.606530048633664,38.84711082,265.0626056,train,0.1116714646820043,0,1,1
2025-01-01 00:01:42,-1.563106503311,1.0451955048,9.59550055393,38.79949017,265.0514971,train,0.023379491353862088,0,1,1
2025-01-01 00:01:43,-1.796022152681,1.122361537197,9.58550434113,38.81207143,265.0546009,train,0.01376278538470925,0,1,1
2025-01-01 00:01:44,-1.659077159039604,1.3097496289742574,9.55095403540594,38.77638689,265.0322196,train,0.018429295652689838,0,1,1
2025-01-01 00:01:45,-1.62956530154,1.30368996282,9.42737167962,38.48797932,264.9898648,train,0.022998186772259288,0,1,1
2025-01-01 00:01:46,-1.62093574675,1.27721900937,9.45607299501,38.39252654,264.9777729,train,0.012374368994827335,0,1,1
2025-01-01 00:01:47,-1.6218921094851484,1.3140713350396038,9.492158973782178,38.39255689,264.0984804,train,0.011446861836616735,0,1,1
2025-01-01 00:01:48,-1.620429798846,1.338824899311,9.5837709458,38.728118,264.9942097,train,0.028963759243273022,0,1,1
2025-01-01 00:01:49,-1.552707761227723,1.4158996808841586,9.66015418021782,39.02192369,264.3540187,train,0.022835760233667776,0,1,1
2025-01-01 00:01:50,-1.570162829559,1.397314270027,9.69570368045,39.02788331,264.434828,train,0.011680384613628109,0,1,1
2025-01-01 00:01:51,-1.612749270639,1.4509612106,9.68066894514,39.24535307,264.499456,train,0.02775374972386655,0,1,1
2025-01-01 00:01:52,-1.4448592610485147,1.4464850880693068,9.682179171316832,39.30578759,264.1746425,train,0.015237708261698766,0,1,1
2025-01-01 00:01:53,-1.470613842725,1.473603126562,9.67003954943,39.32197544,263.9528224,train,0.037403418357852686,0,1,1
2025-01-01 00:01:54,-1.586947425859,1.5210035568199998,9.67657645569,39.50736755,263.4715928,train,0.014703090723551637,0,1,1
2025-01-01 00:01:55,-1.4671258287772275,1.5207381038712873,9.677978994227722,39.58284374,263.2370966,train,0.012242858355886461,0,1,1
2025-01-01 00:01:56,-1.4732019607709,1.55994807134,9.66570606093,39.53728973,262.8075316,train,0.0067587743228913495,0,1,1
2025-01-01 00:01:57,-1.524419453394,1.47528562774,9.73866284632,39.16977737,262.7424192,train,0.036007608034298255,0,1,1
2025-01-01 00:01:58,-1.5853384202346534,1.545107724039604,9.6531128820198,38.20161031,260.7558456,train,0.025928996522213064,0,1,1
2025-01-01 00:01:59,-1.4775638901208,1.38451887814,9.70856343859,38.13417071,260.726977,train,0.011015778886095985,0,1,1
2025-01-01 00:02:00,-1.7829333709330002,1.106301434306,9.71354358191,38.18413725,260.5883792,train,0.04476263659916526,0,1,1
2025-01-01 00:02:01,-1.7560665576435643,1.1131698049633665,9.709453641663366,38.90109608,258.9723278,train,0.019991387627122645,0,1,1
2025-01-01 00:02:02,-1.735672151177,1.139105717482,9.69512288815,39.0970244,256.6453915,train,0.03049777888320143,0,1,1
2025-01-01 00:02:03,-1.545057037374,1.291219395453,9.67560347917,39.04264363,256.4544744,train,0.03518640939714908,0,1,1
2025-01-01 00:02:04,-1.46249437089901,1.3351729983930691,9.645051922029705,38.23498282,253.7751549,train,0.014374464228001534,0,1,1
2025-01-01 00:02:05,-1.573195523064,1.268168829362,9.60697569128,38.0653636,253.4013109,train,0.030480778861456264,0,1,1
2025-01-01 00:02:06,-1.650800143423,1.2072889297579998,9.6262930207,37.92467232,251.4013848,train,0.023430640144910392,0,1,1
2025-01-01 00:02:07,-1.6667127657930694,1.3141454382772275,9.528453301079209,37.90419408,250.7743319,train,0.0196703681656604,0,1,1
2025-01-01 00:02:08,-1.7360074539,1.22478155362,9.55048017423,37.96212618,250.000223,train,0.02597242006517087,0,1,1
2025-01-01 00:02:09,-1.566490980109901,1.3097096131564356,9.576552288762375,37.864843,250.0362814,train,0.006933940988306316,0,1,1
2025-01-01 00:02:10,-1.5870492141669998,1.32174242243,9.60646525276,37.76690725,249.2506013,train,0.04242296161025654,0,1,1
2025-01-01 00:02:11,-1.567299284336,1.172362060557,9.5158901045,37.21815354,248.6942568,train,0.03357019149801473,0,1,1
2025-01-01 00:02:12,-1.392173277609901,1.024348075020792,9.60012455718812,37.28839543,246.6542574,train,0.006224728054693354,0,1,1
2025-01-01 00:02:13,-1.463309033183,1.038962466461,9.57567877333,37.56580827,243.9204704,train,0.04524052599050748,0,1,1
2025-01-01 00:02:14,-1.433113824448,1.117243679785,9.58079962465,37.46514507,243.5326126,train,0.0073706931098674825,0,1,1
2025-01-01 00:02:15,-1.311264300939604,0.9345985714623762,9.693829696247525,37.47885481,242.2569898,train,0.03313518882184982,0,1,1
2025-01-01 00:02:16,-1.5498545607649998,0.93854977569,9.61531784365,37.85715181,241.3795511,train,0.041754565730249216,0,1,1
2025-01-01 00:02:17,-1.482659294122,1.113654144243,9.59291992015,37.40354717,241.0163959,train,0.04456934576832847,0,1,1
2025-01-01 00:02:18,-1.6744980613821785,1.071468898661386,9.629278288,37.25377687,241.157361,train,0.021637592075262797,0,1,1
2025-01-01 00:02:19,-1.616081341558,1.304519238263,9.56194782711,37.11380573,240.966993,train,0.019686387084740787,0,1,1
2025-01-01 00:02:20,-1.66487986454,1.54609288332,9.42177631537,37.11927805,240.8983451,train,0.026396381815951265,0,1,1
2025-01-01 00:02:21,-1.6694205013762378,1.4762346097643564,9.63036316090099,36.99863611,240.882836,train,0.05080734520078572,0,1,1
2025-01-01 00:02:22,-1.591665614296,1.54007988736,9.50344947514,36.95571016,241.1365972,train,0.020348944299943834,0,1,1
2025-01-01 00:02:23,-1.59690771331,1.6827751510600002,9.49971174771,36.85850501,241.1983568,train,0.02315047786315746,0,1,1
2025-01-01 00:02:24,-1.7432585385574255,1.8022714641485147,9.448537309148517,36.82651762,241.1049768,train,0.03185525308347297,0,1,1
2025-01-01 00:02:25,-2.040954812629,1.718184017934,9.49133367006,36.88573127,241.1394447,train,0.06568230909493378,0,1,1
2025-01-01 00:02:26,-2.2313401024267328,1.6858077112079208,9.467835297504951,36.72808622,241.1020116,train,0.019806570011090797,0,1,1
2025-01-01 00:02:27,-2.0662746596900003,1.7263375625800002,9.53977593347,36.55103594,241.6405774,train,0.03178105858615758,0,1,1
2025-01-01 00:02:28,-2.24436232453,1.71766310118,9.34602783501,36.52410989,241.6544324,train,0.024446156815257213,0,1,1
2025-01-01 00:02:29,-2.064283043920792,1.6858862606435645,9.546435214613862,36.51518011,241.6675106,train,0.05392052624935717,0,1,1
2025-01-01 00:02:30,-2.065309167487,1.662279771348,9.53600078444,36.50435088,241.6778328,train,0.009797394249153924,0,1,1
2025-01-01 00:02:31,-2.10310257563,1.72297854768,9.48261280532,36.50617661,241.6760586,train,0.023343321281820154,0,1,1
2025-01-01 00:02:32,-1.8556969987524752,1.8097722029108911,9.566730633772275,36.53132989,241.6820452,train,0.045270077476753975,0,1,1
2025-01-01 00:02:33,-1.72903645018,1.94367660372,9.47560437918,36.53428749,241.6816161,train,0.03308023209836102,0,1,1
2025-01-01 00:02:34,-1.810633268689,1.84692529905,9.47726592395,36.53230604,241.670716,train,0.029412760834834344,0,1,1
2025-01-01 00:02:35,-1.9186937192277227,1.8041388679900991,9.372845206673269,36.53712966,241.6818206,train,0.026785804910541496,0,1,1
2025-01-01 00:02:36,-1.88052143553,1.79838873143,9.50383567218,37.2696349,241.9094473,train,0.02662158710297033,0,1,1
2025-01-01 00:02:37,-1.84457817992,1.92773475496,9.43944257812,37.61216287,244.3245118,train,0.03788105352603582,0,1,1
2025-01-01 00:02:38,-1.77073160609901,1.8433973285940597,9.463580284613862,38.12933458,246.6956846,train,0.0496123368452874,0,1,1
2025-01-01 00:02:39,-1.62063187865,1.384738920586,9.46474895329,38.90701403,248.9138763,train,0.024086458807712787,0,1,1
2025-01-01 00:02:40,-1.76252032012,1.70276158906,9.41887085708,38.69794036,249.3233905,train,0.0549214825022571,0,1,1
2025-01-01 00:02:41,-1.9176444161782176,1.7132037111980198,9.324329758445543,38.69420272,249.5416866,train,0.005934296242792388,0,1,1
2025-01-01 00:02:42,-1.93588380882,1.83905466612,9.40264010945,38.98298614,249.7716282,train,0.028134515541964333,0,1,1
2025-01-01 00:02:43,-1.7652985427460002,1.8911882538,9.45987059789,38.96208173,250.1412357,train,0.05075566888917572,0,1,1
2025-01-01 00:02:44,-1.7955428820237622,1.9929585915742576,9.397159990346534,38.69224551,250.859355,train,0.04119682681994766,0,1,1
2025-01-01 00:02:45,-1.819792721593,1.92806257323,9.44272824551,39.3191575,251.7582574,train,0.02034203114222772,0,1,1
2025-01-01 00:02:46,-1.809373527020792,1.9676804646633663,9.479164214049506,39.46113967,251.8718586,train,0.021968347305109406,0,1,1
2025-01-01 00:02:47,-1.769641012579,2.10043961334,9.4768872115,39.62140934,251.7107507,train,0.029229637458796188,0,1,1
2025-01-01 00:02:48,-1.727686257958,2.0291608383599997,9.44320724942,39.64097182,251.8859226,train,0.008805345808881029,0,1,1
2025-01-01 00:02:49,-2.0497691662574256,1.3482107377623762,9.564654258683168,38.94631102,252.0123389,train,0.09310133160871392,0,1,1
2025-01-01 00:02:50,-2.40950790254,1.001954924008,9.56573794591,38.88181819,251.8818681,train,0.0363349829587639,0,1,1
2025-01-01 00:02:51,-2.097403926128,1.019252952566,9.69205426943,38.80687707,251.8190252,train,0.031189943801937053,0,1,1
2025-01-01 00:02:52,-2.1524571106960395,1.1342018112445544,9.567929625623762,38.89565381,251.7223793,train,0.0490412919617855,0,1,1
2025-01-01 00:02:53,-1.949700077839,1.235086125184,9.56754768212,38.65554526,251.6866639,train,0.0649884267313427,0,1,1
2025-01-01 00:02:54,-1.705198521426,1.19773579564,9.77062438199,38.45400833,251.7860959,train,0.03778348608076627,0,1,1
2025-01-01 00:02:55,-1.7969982714069308,1.232252369529703,9.608071397920792,38.21892077,252.4267625,train,0.006868662399250193,0,1,1
2025-01-01 00:02:56,-1.664914292892,1.163930094907,9.61720092775,37.98504425,252.6163731,train,0.0454433785591527,0,1,1
2025-01-01 00:02:57,-1.486319183426,1.39351067959,9.5913422012,37.68975585,253.1109969,train,0.042482259706395964,0,1,1
2025-01-01 00:02:58,-1.4945499880564357,1.5038232784752474,9.626026633980198,36.97784759,252.8971537,train,0.006660387821451491,0,1,1
2025-01-01 00:02:59,-1.594526165825,1.49039071654,9.57398130341,36.28779325,252.868544,train,0.017286245057210388,0,1,1
2025-01-01 00:03:00,-1.5508754379199998,1.4719670288200002,9.56951758552,35.31579277,252.5479211,train,0.009467765321116506,0,1,1
2025-01-01 00:03:01,-1.6280189725584158,1.533858838970297,9.6084285760099,34.75057086,252.2945338,train,0.025758010972036872,0,1,1
2025-01-01 00:03:02,-1.724424540737,1.4480826965399998,9.50309171884,33.89901459,252.0797851,train,0.014148724208442324,0,1,1
2025-01-01 00:03:03,-1.651704263255,1.47342050633,9.50888766633,33.24118028,251.6131203,train,0.002988325621232282,0,1,1
2025-01-01 00:03:04,-1.603151378051485,1.455461965108911,9.53654093810891,32.43292982,251.3957984,train,0.020919571806606436,0,1,1
2025-01-01 00:03:05,-1.30886619873,1.539011109934,9.59044406898,31.28689671,250.4292848,train,0.03284258556272086,0,1,1
2025-01-01 00:03:06,-1.398841094953465,1.529448208910891,9.58734766128713,30.19437904,252.8877258,train,0.03417431768157753,0,1,1
2025-01-01 00:03:07,-1.54534893038,1.4945520630300002,9.59235559385,30.83395129,250.9801483,train,0.004596581097457038,0,1,1
2025-01-01 00:03:08,-1.49863257755,1.48294220582,9.61947170573,30.57554231,252.9472351,train,0.013078906569283717,0,1,1
2025-01-01 00:03:09,-1.6606511136445543,1.4654673963267326,9.592361492504953,30.12260376,252.9472351,train,0.016835671208573738,0,1,1
2025-01-01 00:03:10,-1.6530050583,1.49656837005,9.54401062761,30.18524164,252.2632446,train,0.014888332580256118,0,1,1
2025-01-01 00:03:11,-1.67851650693,1.52876491701,9.56229809865,29.68291874,252.2632446,train,0.01133742970715764,0,1,1
2025-01-01 00:03:12,-1.6300419933861383,1.520966342148515,9.553429086514852,29.16842681,252.3065338,train,0.01569615526465794,0,1,1
2025-01-01 00:03:13,-1.53612361452,1.54738170317,9.61341230616,29.00071621,252.3065338,train,0.004556136685671433,0,1,1
2025-01-01 00:03:14,-1.62881985167,1.42776993713,9.57582546843,29.07448534,254.0097961,train,0.016247323192264743,0,1,1
2025-01-01 00:03:15,-1.553813382891089,1.498330739792079,9.58244943140594,27.43415502,240.7979279,train,0.018764858548123403,0,1,1
2025-01-01 00:03:16,-1.70384832914,1.49816405182,9.58499090878,26.73824612,241.1188049,train,0.008574678857732821,0,1,1
2025-01-01 00:03:17,-1.459282406639,1.514002615274,9.58653120571,26.49835389,241.0042877,train,0.0430616291166035,0,1,1
2025-01-01 00:03:18,-1.2655247634118811,1.4996394046138617,9.616203497089108,26.06000685,241.0042877,train,0.012100941827013784,0,1,1
2025-01-01 00:03:19,-1.2950903457570002,1.47814767606,9.65008454594,25.50937592,241.0042877,train,0.023379297502312813,0,1,1
2025-01-01 00:03:20,-1.301971536222,1.49637377468,9.61187649991,24.59443934,250.8334751,train,0.013477674894019206,0,1,1
2025-01-01 00:03:21,-1.3331188542079206,1.4369198306237625,9.662270571237624,24.12949038,251.0660724,train,0.014857404783496734,0,1,1
2025-01-01 00:03:22,-1.300414773597,1.48948809354,9.62551912986,23.61058422,251.0033958,train,0.006998070936396952,0,1,1
2025-01-01 00:03:23,-1.423581231720792,1.3628313242079206,9.631680717782178,23.08296669,250.9552876,train,0.015821905054317076,0,1,1
2025-01-01 00:03:24,-1.40058796232,1.4201822158900002,9.63119532625,22.59534953,250.4458277,train,0.004596376748217674,0,1,1
2025-01-01 00:03:25,-1.3499976653988,1.26274261324,9.66906357888,21.94726796,250.2157219,train,0.08716577012200012,0,1,1
2025-01-01 00:03:26,-1.11845781834,0.9546598241585148,9.70232490158416,21.59220158,249.4647208,train,0.14862720574140034,0,1,1
2025-01-01 00:03:27,-2.21716238706,0.42049507599148,9.59959753427,21.38715307,248.8965506,train,0.0336983307013454,0,1,1
2025-01-01 00:03:28,-2.1756761581090003,0.484708543397,9.62247895199,20.25609779,248.0255672,train,0.04147461082361901,0,1,1
2025-01-01 00:03:29,-2.2462822972871286,0.5315224162207921,9.564580155108912,19.53101552,247.0008918,train,0.02330136523130098,0,1,1
2025-01-01 00:03:30,-2.27282563475,0.690549993898,9.66139652253,18.74921145,246.3237837,train,0.03418192873898781,0,1,1
2025-01-01 00:03:31,-2.1525687104,0.701535649108,9.56881404892,17.66324407,245.3999152,train,0.02294162235359031,0,1,1
2025-01-01 00:03:32,-2.257396314227723,1.053875286740594,9.51598763959406,16.73766246,244.4441608,train,0.02121630586119823,0,1,1
2025-01-01 00:03:33,-1.89086642303,1.264128730785,9.46711403506,15.20567266,244.637582,train,0.2774372753306898,0,1,1
2025-01-01 00:03:34,-1.2424088973821,1.3106849166982,9.7745297607,13.76073182,245.6675383,train,0.14833871374425486,0,1,1
2025-01-01 00:03:35,-1.1024707665574258,1.532255242990099,9.671640195970298,12.85392665,245.9026118,train,0.05948793302904834,0,1,1
2025-01-01 00:03:36,-1.007448500046,1.6038233322,9.63040796355,11.99506684,247.1875689,train,0.06809484415853558,0,1,1
2025-01-01 00:03:37,-1.127968876609,2.04589004974,9.52938753667,11.37345671,246.5341826,train,0.04158961749931473,0,1,1
2025-01-01 00:03:38,-1.1662218588306932,2.196023938762376,9.492701409960397,10.88454876,246.4750319,train,0.13702490103014922,0,1,1
2025-01-01 00:03:39,-0.5624583618038,2.02478244325,9.54519915609,10.80451244,247.7057523,train,0.13190843100122895,0,1,1
2025-01-01 00:03:40,-1.0338940063495,0.934773129247,9.74111025701,10.85550001,247.1947704,train,0.0753145025248089,0,1,1
2025-01-01 00:03:41,-0.755489347833505,1.050614740361386,9.703343081376238,10.66746892,248.0671052,train,0.07833737182046098,0,1,1
2025-01-01 00:03:42,-0.42009091644367,0.566998420713,9.82287023606,10.38269871,248.137467,train,0.053859580586538856,0,1,1
2025-01-01 00:03:43,-0.0280495913654257,0.4191936288964357,9.84423721910891,10.04800358,248.7940149,train,0.04241394566269648,0,1,1
2025-01-01 00:03:44,-0.3375660278302,0.295175679018,9.84573518835,9.367508137,248.4508618,train,0.08496102658824613,0,1,1
2025-01-01 00:03:45,-0.387816531372,0.398412995911,9.85098477165,8.423171289,248.6708005,train,0.024123268383018565,0,1,1
2025-01-01 00:03:46,-0.4994994044524752,0.4272990508158416,9.859006012227722,7.509625701,248.7817606,train,0.049322306881722955,0,1,1
2025-01-01 00:03:47,-0.531673379517,0.471284458921,9.84107687524,6.304986158,250.4819463,train,0.0169515293129122,0,1,1
2025-01-01 00:03:48,-0.520157826231,0.409013951107,9.84516786799,5.067577448,251.5755556,train,0.014249171925149087,0,1,1
2025-01-01 00:03:49,-0.4197538500465346,0.4925396199772277,9.846704859930693,4.194932254,253.9045788,train,0.009404431144176191,0,1,1
2025-01-01 00:03:50,-0.6135411346527,0.873116345248,9.79029497684,3.044783744,261.9546915,train,0.08077105627718534,0,1,1
2025-01-01 00:03:51,-1.102249360655,1.543950837664,9.62394440466,1.578871682,259.2442987,train,0.07677241911398412,0,0,0
2025-01-01 00:03:52,-1.257168872218812,0.7725182924207921,9.757368852960395,0.4678760071,259.2443286,train,0.07798472014389864,0,0,0
2025-01-01 00:03:53,-1.598130670156,1.823719056653,9.4353590697,0.0,259.2443324,train,0.08454721654092662,0,0,0
2025-01-01 00:03:54,-1.1862935897921,2.094016470329,9.47495772388,0.1704098621,259.2443302,train,0.07709650958865492,0,0,0
2025-01-01 00:03:55,-1.4212706899910892,2.3865850905544552,9.450342466257425,0.2556937422,259.2443303,train,0.11973165255615215,0,0,0
2025-01-01 00:03:56,-1.076121194471,2.36862491909,9.45062731936,0.3273498983,259.2443363,train,0.013371789955520805,0,0,0
2025-01-01 00:03:57,-0.994542338577,2.44201729887,9.44539869235,0.0,259.2443357,train,0.023234486328432762,0,0,0
2025-01-01 00:03:58,-0.8446949329950495,2.3830918597326733,9.48414247568317,0.0,259.2443357,train,0.02374910636203811,0,0,0
2025-01-01 00:03:59,-0.5674444931009,2.5886867980800004,9.42953767545,0.0,259.2443357,train,0.04732181659019564,0,0,0
2025-01-01 00:04:00,-0.55756204377192,2.39235357513,9.50285670776,0.0,259.2443357,train,0.059192191840307044,0,0,0
2025-01-01 00:04:01,-0.5498615076256436,2.0788413835346535,9.532822433376236,0.0,259.2443357,train,0.03295863545093305,1,0,0
2025-01-01 00:04:02,-0.66872537843117,2.10867698368,9.5742013459,0.0,259.2443357,train,0.06054717790516851,1,0,0
2025-01-01 00:04:03,-0.8848900596613861,2.0461899755742574,9.5625274930099,0.0,259.2443414,train,0.02457005580469105,1,0,0
2025-01-01 00:04:04,-0.78262951355,2.03640876616,9.55842116085,0.0,259.2443414,train,0.015648778388222893,1,0,0
2025-01-01 00:04:05,-0.70114196777,2.0721798797599997,9.55883729559,0.0,259.2443414,train,0.0024234729727139383,1,0,0
2025-01-01 00:04:06,-0.7047537639376238,2.0717200537920792,9.561739033623764,0.0,259.2443414,train,0.003524862810110673,1,0,0
2025-01-01 00:04:07,-0.671743103029,2.03114720763,9.57275984349,0.0,259.2443414,train,0.015604322569573904,1,0,0
2025-01-01 00:04:08,-0.611152102658,1.95440030366,9.59184365847,0.0,259.2443414,train,0.00886064915906535,1,0,0
2025-01-01 00:04:09,-0.7693466700207922,1.9503936404356437,9.582038899039604,0.0,259.2443414,train,0.016109942397397915,1,0,0
2025-01-01 00:04:10,-0.6892566833479999,2.02434834593,9.57017022854,0.1822174339,259.244326,train,0.008880448353214034,1,0,0
2025-01-01 00:04:11,-0.642505902095,2.0550195648600003,9.5680506363,0.138366696,259.2443095,train,0.006620726098250131,1,0,0
2025-01-01 00:04:12,-0.6345127022633663,2.0403965774356436,9.573462179950496,0.1546091025,259.2443067,train,0.008697744332881096,1,0,0
2025-01-01 00:04:13,-0.7502009491,1.97257850185,9.58179206078,0.0,259.2443093,train,0.007665045805228911,1,0,0
2025-01-01 00:04:14,-0.751084112547,1.9695218582,9.57591677858,0.1605446918,259.2443087,train,0.010165298204307352,1,0,0
2025-01-01 00:04:15,-0.7470267478980197,1.945393147970297,9.588119818029703,0.0,259.2443109,train,0.0019145944009122003,1,0,0
2025-01-01 00:04:16,-0.756477397152,1.9122000595,9.59584783172,0.0,259.2443109,train,0.010923655437902238,1,0,0
2025-01-01 00:04:17,-0.6709931625359999,1.90942632754,9.5925756363,0.0,259.2443109,train,0.018226589791459098,1,0,0
2025-01-01 00:04:18,-0.5718123951514852,1.9074729934158416,9.605384411207922,0.0,259.2443109,train,0.005649458726835108,1,0,0
2025-01-01 00:04:19,-0.629586268619,1.85701431883,9.61026285553,0.0,259.2443109,train,0.01575524046930263,1,0,0
2025-01-01 00:04:20,-0.622773934936,1.82280745243,9.61669797363,0.0,259.2443109,train,0.004903170733527008,1,0,0
2025-01-01 00:04:21,-0.6076220869356436,1.78120092409901,9.626546839356436,0.0,259.2443109,train,0.011102585783586793,1,0,0
2025-01-01 00:04:22,-0.6047618911739999,1.73695947415,9.63888184206,0.0,259.2443109,train,0.008894108556599866,1,0,0
2025-01-01 00:04:23,-0.545033097839,1.73888147734,9.6364763443,0.0,259.2443109,train,0.009721250537034766,1,0,0
2025-01-01 00:04:24,-0.663067678329703,1.6387520984455446,9.648035322128711,0.0,259.2443109,train,0.0390769525196839,1,0,0
2025-01-01 00:04:25,-0.769001852412,1.5961817230400002,9.65138085019,0.0,259.2443109,train,0.020677424291419493,1,0,0
2025-01-01 00:04:26,-0.7315184036108912,1.572356999504951,9.650111697316833,0.009126891585,259.2443122,train,0.016496952614515177,1,0,0
2025-01-01 00:04:27,-0.7134538650560001,1.4613660736,9.67725304873,0.009760428886,259.2443117,train,0.022659934609714907,1,0,0
2025-01-01 00:04:28,-0.6584597259599999,1.37092265169,9.69823940731,0.01347615787,259.2443116,train,0.0072492536445531814,1,0,0
2025-01-01 00:04:29,-0.6581175760742574,1.321578001970297,9.696675263950494,0.01394064915,259.2443124,train,0.010770718207692702,1,0,0
2025-01-01 00:04:30,-0.588875427248,1.38429584194,9.6906277359,0.0,259.2443126,train,0.003005778714245107,1,0,0
2025-01-01 00:04:31,-0.6036003067,1.33781300358,9.69675599209,0.01745267738,259.2443141,train,0.013617034927582608,1,0,0
2025-01-01 00:04:32,-0.669572468370297,1.330541540465347,9.697173238366336,0.0,259.2443144,train,0.020988282610006827,1,0,0
2025-01-01 00:04:33,-0.5822412231362,1.40933876491,9.67661836856,0.0153066505,259.2443163,train,0.05509388485366475,1,0,0
2025-01-01 00:04:34,-0.42465043487659,1.092348948686,9.74560241541,0.01759805537,259.2443176,train,0.04748351684141722,1,0,0
2025-01-01 00:04:35,-1.282441070829703,1.3261131256326733,9.621399622227722,0.01689073697,259.244318,train,0.1536293282856187,1,0,0
2025-01-01 00:04:36,-1.0452404113730198,1.231167274465,9.68732709964,0.02436144385,259.2443177,train,0.16486828801045314,1,0,0
2025-01-01 00:04:37,-0.2289668609585,1.5993191986100002,9.64205075225,0.03150837172,259.2443189,train,0.044809062121828405,1,0,0
2025-01-01 00:04:38,-0.337619204380198,1.4467548242277226,9.696307711475248,0.03922894052,259.2443197,train,0.0322846148873821,1,0,0
2025-01-01 00:04:39,-0.3751244247449999,1.34443523256,9.71332204283,0.05158242091,259.2443181,train,0.008200660039428436,1,0,0
2025-01-01 00:04:40,-0.2367416931164,1.39964492338,9.70288424839,0.07125713618,259.2443103,train,0.010645617959790825,1,0,0
2025-01-01 00:04:41,-0.2299307674020792,1.3686677022475249,9.709628525564357,0.07051828415,259.2443119,train,0.01485480418428243,1,0,0
2025-01-01 00:04:42,-0.279846057126,1.30368696901,9.71935150445,0.0,259.2443123,train,0.0035121266631234303,1,0,0
2025-01-01 00:04:43,-0.305549107361,1.2887151031900002,9.7189952453,0.0500506645,259.2443137,train,0.011535283979309618,1,0,0
2025-01-01 00:04:44,-0.4006677971217822,1.2620315325247524,9.722113454079208,0.0,259.2442804,train,0.01152757595661521,1,0,0
2025-01-01 00:04:45,-0.290599694827,1.34870285798,9.70871163029,0.5454050048,259.2442593,train,0.012696301493935632,0,0,0
2025-01-01 00:04:46,-0.3422506623227722,1.3136533921980198,9.721959319158415,0.464866616,259.2442628,train,0.007779215441858631,0,0,0
2025-01-01 00:04:47,-0.45363466186634,1.14683264926,9.71338191839,0.564131331,259.2442541,train,0.11928661029619543,0,0,0
2025-01-01 00:04:48,-0.7329598022647,1.129765141275,9.73452994109,0.6254039794,259.2442491,train,0.08967675798839156,0,0,0
2025-01-01 00:04:49,-1.0086826317107922,2.1832529713564357,9.434476943861386,0.8206466659,259.2442247,train,0.0504828527417141,0,0,0
2025-01-01 00:04:50,-1.350835922247,1.830980456568,9.62786924292,1.141148445,259.2442167,train,0.12335463741319518,0,0,0
2025-01-01 00:04:51,-1.234786747747,2.82826509246,9.34847374876,1.640969705,259.2442364,train,0.09181776973146957,0,0,0
2025-01-01 00:04:52,-1.2446305892920793,3.0617656987722772,9.273505250623764,1.986931267,259.2442679,train,0.017524505902790522,0,0,0
2025-01-01 00:04:53,-1.25544977877,3.10516527557,9.2601813538,3.191260793,212.133441,train,0.00617148624425882,0,0,0
2025-01-01 00:04:54,-1.232291436723,3.13912216188,9.23843757016,3.765247026,217.4519354,train,0.025045132976658748,0,0,0
2025-01-01 00:04:55,-1.3734636695935645,2.6896484314752476,9.30647678490099,4.588400314,221.9929574,train,0.17615896376515083,0,0,0
2025-01-01 00:04:56,-2.059435382034,1.67623225711,9.5332360336,5.400098227,223.6553008,train,0.03935434248164104,0,0,0
2025-01-01 00:04:57,-1.77082355346,1.69456164095,9.525694716,6.313045956,224.2540716,train,0.030870773041908856,0,0,0
2025-01-01 00:04:58,-1.6837431924752473,1.729257455930693,9.54885098290099,7.197376089,224.6574462,train,0.014841424577412082,0,0,0
2025-01-01 00:04:59,-1.5451348755,1.77910433345,9.56024736335,7.999244977,226.1702443,train,0.019377455722255937,0,0,0
2025-01-01 00:05:00,-1.55946457671,1.78754977106,9.55349191135,8.767991029,227.1528798,train,0.014291716313952665,0,0,0
2025-01-01 00:05:01,-1.6898507886435643,1.759307837128713,9.545465942970296,9.199019769,233.8011617,train,0.017213108575674645,0,0,0
2025-01-01 00:05:02,-1.66203877259,1.6800208786,9.54158417362,9.919556731,235.7054444,train,0.013356272861291558,0,1,1
2025-01-01 00:05:03,-1.741484564235,1.2898707000620002,9.59933857274,10.66373232,241.108954,train,0.09047035071981378,0,1,1
2025-01-01 00:05:04,-1.8185578933663369,1.0780670588683168,9.62824973390099,11.25318573,241.3145893,train,0.0651480036485594,0,1,1
2025-01-01 00:05:05,-1.74288565064,1.131425189225,9.61524599297,11.9117402,241.4297466,train,0.006957374728137069,0,1,1
2025-01-01 00:05:06,-1.72813532408,1.135439840647,9.61241987006,12.46193563,241.2973687,train,0.015901883007022923,0,1,1
2025-01-01 00:05:07,-1.6655182202277228,1.0997748875425744,9.630818155138613,12.90732351,241.3272168,train,0.016268321517957277,0,1,1
2025-01-01 00:05:08,-1.52523675391,1.239466017085,9.62665975792,13.35963736,241.3788704,train,0.013269576042724917,0,1,1
2025-01-01 00:05:09,-1.5581884433267326,1.185158223049505,9.634109824861383,13.60247188,241.7603358,train,0.018230496344705683,0,1,1
2025-01-01 00:05:10,-1.57773408509,1.270447091669,9.62932122352,14.11956287,241.9712899,train,0.011691016862246927,0,1,1
2025-01-01 00:05:11,-1.61829374086,1.231068479947,9.60337717446,14.45096528,242.1173176,train,0.01810106178914037,0,1,1
2025-01-01 00:05:12,-1.554475866633663,1.14531138200099,9.599118233861386,15.13118389,242.3156335,train,0.020104726969795622,0,1,1
2025-01-01 00:05:13,-1.51372269743,1.158692486578,9.60045225674,15.89794203,241.8570817,train,0.005016163774983865,0,1,1
2025-01-01 00:05:14,-1.44735970001,1.110901368708,9.61876068407,16.2653003,241.7902855,train,0.029099586143688235,0,1,1
2025-01-01 00:05:15,-1.3133243734653466,1.1439612193920792,9.656478655257429,16.71577708,241.5336482,train,0.013715614318922065,0,1,1
2025-01-01 00:05:16,-1.4272235732799998,1.091850485212,9.64698748625,17.56196406,242.0849518,train,0.007717754330363894,0,1,1
2025-01-01 00:05:17,-1.392012295569,1.077185481271,9.67180886997,18.47240504,242.7239274,train,0.019615062242275497,0,1,1
2025-01-01 00:05:18,-1.371941587269307,1.08967905030099,9.6559851269901,19.35725886,243.294951,train,0.004869111453652141,0,1,1
2025-01-01 00:05:19,-1.449913389617,1.0006601165470002,9.68242928477,19.75350048,243.4929902,train,0.01893248904273942,0,1,1
2025-01-01 00:05:20,-1.4632761017120002,1.176668605013,9.64877626637,20.09047702,243.4618726,train,0.033821249221276196,0,1,1
2025-01-01 00:05:21,-1.4095430974444556,1.1820147598613862,9.642181159405942,20.38259071,243.5113512,train,0.029499734871515488,0,1,1
2025-01-01 00:05:22,-0.978817538462,1.5097724121799998,9.67655100862,20.70992798,243.7191644,train,0.12910618914279035,0,1,1
2025-01-01 00:05:23,-0.685429142762,1.63762603908,9.68268824625,20.83177762,243.7596468,train,0.19440162160565702,0,1,1
2025-01-01 00:05:24,-1.281860100770297,1.7566164043316832,9.438090222168317,22.11502142,242.562362,train,0.3059812370276932,0,1,1
2025-01-01 00:05:25,-2.203786203026,0.6228502761791,9.64987348497,23.26920711,240.7499495,train,0.21974106157985937,0,1,1
2025-01-01 00:05:26,-0.6762577148652901,0.83454754944,9.75931390231,23.47736783,239.4183134,train,0.12334149218368859,0,1,1
2025-01-01 00:05:27,-0.5961805332238317,0.8788565667811882,9.745996956178216,23.65867373,238.3684577,train,0.18387638715248736,0,1,1
2025-01-01 00:05:28,-0.79800853273412,1.4713742614899998,9.67381320192,23.9646901,238.2172132,train,0.05835652590471118,0,1,1
2025-01-01 00:05:29,-1.0355035899168317,1.5119568596435644,9.648542188861386,24.70343059,236.878841,train,0.044686941368831716,0,1,1
2025-01-01 00:05:30,-0.777676313777,1.57735387573,9.66694698033,25.61593268,237.6521374,train,0.01769298300014658,0,1,1
2025-01-01 00:05:31,-0.782578619378,1.48157554777,9.66731371765,25.87700685,237.5063868,train,0.008729627873497165,0,1,1
2025-01-01 00:05:32,-0.711151845219802,1.6148300624752474,9.654538630079209,26.69076532,237.2285815,train,0.014377077181627673,0,1,1
2025-01-01 00:05:33,-0.701020719895,1.49884513548,9.69793703612,26.63531633,237.4592777,train,0.05173171204053286,0,1,1
2025-01-01 00:05:34,-0.58221427917515,1.60652371674,9.67491341372,27.30319661,237.6661333,train,0.057159534322821504,0,1,1
2025-01-01 00:05:35,-0.6417214739316831,1.7127798401386138,9.668544158653464,28.33890321,237.7993391,train,0.0375779018862291,0,1,1
2025-01-01 00:05:36,-0.7175777892948101,1.6635685913,9.63621139511,28.71067811,237.987168,train,0.04913067687939944,0,1,1
2025-01-01 00:05:37,-0.5674400024373,1.388773031636,9.71749386728,29.28757107,238.1274846,train,0.09465411954470768,0,1,1
2025-01-01 00:05:38,-0.4003447066370891,1.2603390124623763,9.73677998469307,29.27881019,233.9797681,train,0.06957071929583442,0,1,1
2025-01-01 00:05:39,-0.3045731369015,1.56670801393,9.69036428389,29.2814094,232.7804533,train,0.04868340857334212,0,1,1
2025-01-01 00:05:40,-0.0817524948094,1.68124982301,9.63404689628,29.01003026,236.6695247,train,0.02929610608364431,0,1,1
2025-01-01 00:05:41,0.0529201500008811,1.7032471881881188,9.65414736439604,29.23921596,237.0011169,train,0.00239818252775897,0,1,1
2025-01-01 00:05:42,-0.03385360107231,1.65435225678,9.72445589001,29.22198106,238.1417871,train,0.012059523790230545,0,1,1
2025-01-01 00:05:43,0.0056327865575,1.6449727615399998,9.74789714353,29.43175047,239.0166345,train,0.013158323567316162,0,1,1
2025-01-01 00:05:44,0.0231884131080198,1.7352672358217824,9.716887687534651,29.63893959,238.9632003,train,0.022799488976873037,0,1,1
2025-01-01 00:05:45,-0.072375993341477,1.70108806912,9.68262687352,29.90929184,239.7377423,train,0.014577166261139108,0,1,1
2025-01-01 00:05:46,-0.05823789367723,1.80270725101,9.6466446993,30.00679174,240.4954196,train,0.027054560661228855,0,1,1
2025-01-01 00:05:47,0.0599481095440148,1.8642292559405944,9.63957420421782,29.99704639,240.5010275,train,0.009938605427814077,0,1,1
2025-01-01 00:05:48,0.077760296632385,1.89493645933,9.62477966781,30.08260065,240.4797035,train,0.01694365080972813,0,1,1
2025-01-01 00:05:49,0.16716188507336,1.91341104126,9.56864639738,30.22189996,240.2395196,train,0.025456153061005994,0,1,1
2025-01-01 00:05:50,0.1971919174957524,1.925653503762376,9.58156315579208,30.36948134,240.0206453,train,0.010000418518542002,0,1,1
2025-01-01 00:05:51,0.18083295593433,1.84641486054,9.59556342316,30.4237773,239.6090041,train,0.04062495836934542,0,1,1
2025-01-01 00:05:52,0.20395836639618,1.89759193726,9.60358224802,30.4652147,238.5603284,train,0.03119895136085836,0,1,1
2025-01-01 00:05:53,-0.3236240500166337,1.373683015440594,9.657605025633664,30.24968197,237.5828054,train,0.14149235513790212,0,1,1
2025-01-01 00:05:54,-0.7038692962597,1.53056417541,9.63190934142,30.5371869,235.7594775,train,0.03406999697464777,0,1,1
2025-01-01 00:05:55,-0.7476833033742574,1.3299012877623764,9.71394430320792,30.5521406,234.3491145,train,0.03919694501639267,0,1,1
2025-01-01 00:05:56,-0.739583528133,1.206883273309,9.68164341909,30.52900614,233.7133476,train,0.013063995607250618,0,1,1
2025-01-01 00:05:57,-0.7824603653072999,1.167742666659,9.68547095953,31.58100044,230.3156837,train,0.032480693570721954,0,1,1
2025-01-01 00:05:58,-0.5838112058911882,1.2834725891475247,9.77471199558416,31.79465153,227.0863284,train,0.051485784236290466,0,1,1
2025-01-01 00:05:59,-0.35675163116898,1.403581736673,9.77299245776,32.03758973,226.2246505,train,0.03298410939339207,0,1,1
2025-01-01 00:06:00,-0.6724526275717,1.262470179764,9.7784785494,32.45670512,225.0095695,train,0.05697113336020412,0,1,1
2025-01-01 00:06:01,-0.649269638811089,1.2657174320356437,9.801195042742574,32.97862765,223.7530028,train,0.033845806210536136,0,1,1
2025-01-01 00:06:02,-0.696344444269,1.237096444626,9.78847027142,33.16245737,222.431555,train,0.020188457953242814,0,1,1
2025-01-01 00:06:03,-0.713130537419,1.24044049069,9.76070151676,33.36478962,220.8602691,train,0.03095977379696546,0,1,1
2025-01-01 00:06:04,-0.7579214190330692,1.2853696343287129,9.743280328633665,33.68553976,219.4065377,train,0.04736249141883099,0,1,1
2025-01-01 00:06:05,-0.947849935927,1.199362911974,9.73332644332,33.82411602,218.1326869,train,0.025939466158088908,0,1,1
2025-01-01 00:06:06,-0.982905537438,1.2402204482819998,9.71275322581,34.01779618,216.8355221,train,0.024801373537732176,0,1,1
2025-01-01 00:06:07,-1.088706814588119,1.2755272304158416,9.727447411435644,34.32396596,215.5223921,train,0.016791732425587964,0,1,1
2025-01-01 00:06:08,-1.054250175464,1.23872356107,9.71363339565,34.48371362,214.2469441,train,0.026419446152081437,0,1,1
2025-01-01 00:06:09,-1.089000411988,1.19716398468,9.71858659525,34.66231186,212.5234407,train,0.0275294434639174,0,1,1
2025-01-01 00:06:10,-1.1345663996425743,1.0648722204643564,9.739692245425744,34.7280677,211.0454499,train,0.017177863253069824,0,1,1
2025-01-01 00:06:11,-1.015504747029,1.094044921843,9.79649059288,34.81446167,210.0004856,train,0.02229036053675789,0,1,1
2025-01-01 00:06:12,-1.061061012268,1.020835162368,9.8181460603,34.91341297,208.6646145,train,0.023360463051804236,0,1,1
2025-01-01 00:06:13,-1.0161359443514852,1.0610218116663368,9.807559036435643,34.92416183,207.6877984,train,0.027901851598801573,0,1,1
2025-01-01 00:06:14,-1.341411520362,1.106602308678,9.79305673359,34.90161492,206.420655,train,0.06595487238506582,0,1,1
2025-01-01 00:06:15,-1.702126908923,1.063613204973,9.68147427062,35.50811571,204.6576449,train,0.022837414351815136,0,1,1
2025-01-01 00:06:16,-1.3662889854326732,0.9572993847366336,9.79393588078218,35.47679632,203.3850885,train,0.05136992762599017,0,1,1
2025-01-01 00:06:17,-1.563911828653,0.8853489074780001,9.74377022552,35.80025971,202.084733,train,0.042694823162327825,0,1,1
2025-01-01 00:06:18,-1.5414811072177226,0.7808074905851485,9.683702735643564,35.79685567,200.779183,train,0.05798309254253588,0,1,1
2025-01-01 00:06:19,-1.677953677363,0.908100096137,9.71289243635,36.1790548,199.1331606,train,0.06592585096327788,0,1,1
2025-01-01 00:06:20,-1.504967404162,0.928058093254,9.68213439794,36.27349815,197.5500712,train,0.05651275358069247,0,1,1
2025-01-01 00:06:21,-1.0666981264346531,0.860132138089604,9.803710109445545,36.54783047,196.4689145,train,0.06374798708915795,0,1,1
2025-01-01 00:06:22,-0.8111796432124,1.000996916191,9.73489518131,36.54266306,195.2059522,train,0.08808636359814205,0,1,1
2025-01-01 00:06:23,-0.9015078048564,1.332503544601,9.67727849605,36.53384579,194.0876247,train,0.026771012942119303,0,1,1
2025-01-01 00:06:24,-0.9294928522347524,1.0977548308183167,9.711141715168315,36.59085632,192.8153741,train,0.060325293278018464,0,1,1
2025-01-01 00:06:25,-0.29514873504673,1.38886583862,9.71101983039,36.67179384,191.1695774,train,0.07546405259317492,0,1,1
2025-01-01 00:06:26,-0.330509701545361,1.61066859744,9.59122694096,36.72553521,189.9866163,train,0.03211595960480032,0,1,1
2025-01-01 00:06:27,-0.2150804606509603,1.678538174782178,9.63906585539604,36.79533395,188.7579953,train,0.019305851695078546,0,1,1
2025-01-01 00:06:28,-0.126359733582209,1.6300428085499998,9.59264449286,36.87849208,187.6680467,train,0.023803260810540856,0,1,1
2025-01-01 00:06:29,-0.0884121459983,1.6847914581,9.69879624931,36.87849208,187.6680467,train,0.014160267032571082,0,1,1
2025-01-01 00:06:30,-0.4430756491387228,1.7409880126039603,9.642087789118811,37.10357299,185.206233,train,0.09176614206387601,0,1,1
2025-01-01 00:06:31,-0.311928840644235,1.65531176151,9.55030952918,37.38149787,182.9374732,train,0.031884412120358994,0,1,1
2025-01-01 00:06:32,-0.29339438323702,1.506428366102,9.68555029431,37.62006939,181.353376,train,0.021015246759195184,0,1,1
2025-01-01 00:06:33,-0.2942405987678217,1.3778076066079208,9.702806573237623,37.80674048,179.6974015,train,0.022555374388890912,0,1,1
2025-01-01 00:06:34,-0.4215384063705,1.272526267983,9.72016581129,37.8697847,178.2062457,train,0.04433530616328661,0,1,1
2025-01-01 00:06:35,-0.43419458771669,1.34147588651,9.66202222142,38.02576439,177.0736242,train,0.051825212127204735,0,1,1
2025-01-01 00:06:36,-0.8159961964736772,1.3531237883316831,9.646230165,38.2395158,175.6613844,train,0.06984725436948437,0,1,1
2025-01-01 00:06:37,-0.6742099731402,1.291473866252,9.7341048247,38.66435613,173.4234556,train,0.04303245636944059,0,1,1
2025-01-01 00:06:38,-0.20813917236214,1.079306570465,9.79271394642,38.70739066,172.6561454,train,0.07004466417969132,0,1,1
2025-01-01 00:06:39,-0.1083998289215752,1.0811038132148516,9.8641650860099,38.74281931,171.329874,train,0.13761040548101433,0,1,1
2025-01-01 00:06:40,-0.38393659973227,1.161283598307,9.74406960327,38.79797144,170.0199565,train,0.045688866664731126,0,1,1
2025-01-01 00:06:41,-0.3496046765045544,1.1926960135089109,9.88869180521782,38.69392758,168.4860291,train,0.04335855757842142,0,1,1
2025-01-01 00:06:42,-0.28516599426395,1.2630434875499998,9.82582359463,38.74100741,166.4607655,train,0.03341992625177883,0,1,1
2025-01-01 00:06:43,-0.28636799468975,1.244941630563,9.76506793695,38.87687702,165.4579555,train,0.03570442314450969,0,1,1
2025-01-01 00:06:44,-0.2250369836783485,1.276641744406931,9.80451635379208,38.85180667,164.7217666,train,0.040684669104892844,0,1,1
2025-01-01 00:06:45,-0.1641980484013999,1.278391072083,9.73312885409,38.97763054,164.0246811,train,0.05781533095310686,0,1,1
2025-01-01 00:06:46,-0.771040612779,0.754488034069,9.87895710291,39.2277166,163.848137,train,0.08202857516204663,0,1,1
2025-01-01 00:06:47,-0.4947982893939208,0.691864231239307,9.780380899960395,39.65709541,163.6904332,train,0.00812020249382337,0,1,1
2025-01-01 00:06:48,-0.634320922853,0.4295617218026,9.8141912841,39.84359934,163.7748746,train,0.01660145023823095,0,1,1
2025-01-01 00:06:49,-0.4494119430503,0.95542717895,9.74146202551,39.75332437,163.9328238,train,0.0482229284455286,0,1,1
2025-01-01 00:06:50,-0.3849075015239604,1.1046004961653464,9.770492552227722,40.57141385,164.4493724,train,0.02205986325360127,0,1,1
2025-01-01 00:06:51,-0.45126658630746,0.84638044279,9.79944694476,41.21815892,165.2975782,train,0.07021841045732218,0,1,1
2025-01-01 00:06:52,-0.356580986024142,0.819246368419,9.64694856709,41.53918032,170.8130493,train,0.037111098246037796,0,1,1
2025-01-01 00:06:53,-0.5300892578712871,0.5314142253718713,9.924657113673268,42.84809704,167.4860992,train,0.02862725618456761,0,1,1
2025-01-01 00:06:54,-0.30640981750641,0.501343450926,9.83405048682,42.20017076,168.063797,train,0.018034681315598215,0,1,1
2025-01-01 00:06:55,-0.42386756286241,0.3846640869099,9.79426172793,42.63050081,169.0097011,train,0.019187342375324715,0,1,1
2025-01-01 00:06:56,-0.4727940474411287,0.4981596163009406,9.8462617220099,43.66112661,169.8099223,train,0.02090330510239303,0,1,1
2025-01-01 00:06:57,-0.6048038040117,0.4029859863254,9.77035943288,42.67564214,170.2060086,train,0.034883233124527575,0,1,1
2025-01-01 00:06:58,-0.5028852447434999,0.6202202453716,9.71971075725,41.42687349,169.9046558,train,0.06339778395390372,0,1,1
2025-01-01 00:06:59,-0.5898861966269306,0.7782064638009901,9.720542463534652,38.54378933,170.2204392,train,0.025948441249228703,0,1,1
2025-01-01 00:07:00,-0.7222869964842,0.6145171050984399,9.68757408595,38.82231368,159.1323395,train,0.020293531938258644,0,1,1
2025-01-01 00:07:01,-0.6518943786581187,0.6890008786643564,9.728591567029705,38.81141585,170.1908787,train,0.031302382982786925,0,1,1
2025-01-01 00:07:02,-0.6798816787685,0.746253657526,9.75293267218,38.54025831,170.0641181,train,0.023755219533117797,0,1,1
2025-01-01 00:07:03,-0.669871994037,0.714598983763,9.73689502259,38.55323644,170.2409717,train,0.03101775259362582,0,1,1
2025-01-01 00:07:04,-0.4907048215899405,0.9444098519831684,9.737163839871286,38.70660266,170.0233757,train,0.011997345802836991,0,1,1
2025-01-01 00:07:05,-0.4063000945991,0.908183921835,9.75797418807,38.32991986,169.4902068,train,0.015699573561836502,0,1,1
2025-01-01 00:07:06,-0.4985382842985,0.8856348129030001,9.75880645736,38.27838284,169.4503844,train,0.02138512157420173,0,1,1
2025-01-01 00:07:07,-0.3972634902759208,0.8259601298455446,9.81785791691089,38.19082937,169.8333663,train,0.018266473809817368,0,1,1
2025-01-01 00:07:08,-0.40489451751739,0.738637495423,9.77836927653,38.20278088,170.4397993,train,0.045465742940827884,0,1,1
2025-01-01 00:07:09,-0.22006187897724,0.564223191831,9.81743803244,38.39415679,169.6676654,train,0.06004017686260237,0,1,1
2025-01-01 00:07:10,0.206822385884,0.2566805864140594,9.85209217181188,38.28032552,170.3678747,train,0.021528536901309958,0,1,1
2025-01-01 00:07:11,-0.11480975188231,0.31079420013608,9.91836116167,38.03493597,171.4626327,train,0.1325861591862696,0,1,1
2025-01-01 00:07:12,-0.847118408196,0.4029081481944,9.83568059679,37.76165253,172.8142366,train,0.04211703953741838,0,1,1
2025-01-01 00:07:13,-0.7886876383841585,0.2525396924928416,9.9154757119901,37.42776814,174.0809654,train,0.07691455915446706,0,1,1
2025-01-01 00:07:14,-0.8921133407690001,0.21821771392757,9.83409838707,37.13695908,175.4821417,train,0.01454814108785341,0,1,1
2025-01-01 00:07:15,-0.5801545623759999,0.2200678665197,9.86092260579,36.61492536,176.9996735,train,0.06740343589252587,0,1,1
2025-01-01 00:07:16,-0.492093517940594,0.3059681913141584,9.903577681049503,35.94214825,178.5918159,train,0.02185025483624078,0,1,1
2025-01-01 00:07:17,-0.5108651504489999,0.3727623367286209,9.87679410092,35.43721454,179.8339932,train,0.019205857333584087,0,1,1
2025-01-01 00:07:18,-0.49708630371355,0.3779685104339,9.82598525868,34.86058343,181.2764486,train,0.023506652295766546,0,1,1
2025-01-01 00:07:19,-0.4519102478029703,0.3993902557668317,9.859521771326731,34.26764494,182.4153315,train,0.01396463135737797,0,1,1
2025-01-01 00:07:20,-0.72626422579,0.3330663848887999,9.78684764591,33.79896056,184.125389,train,0.07178434870165191,0,1,1
2025-01-01 00:07:21,-1.109802653468,0.05329966278248,9.78580281842,33.23343357,185.9234966,train,0.07486621109356821,0,1,1
2025-01-01 00:07:22,-1.4093711777504951,-0.1251679297708613,9.679650765475248,32.74118309,187.2860574,train,0.013522755393932846,0,1,1
2025-01-01 00:07:23,-1.2153601455825,-0.21888682250865,9.72313264153,32.04246521,188.8010819,train,0.026704385592301337,0,1,1
2025-01-01 00:07:24,-1.1805993863970297,0.0624928177935148,9.79170388849505,31.41509698,190.3507274,train,0.019629097477737598,0,1,1
2025-01-01 00:07:25,-1.087750511208,0.06788832550178,9.78210401003,30.90308729,191.1472482,train,0.03001732318882487,0,1,1
2025-01-01 00:07:26,-1.021092626952,-0.05919290771157,9.80797022082,30.30067927,192.3956275,train,0.022857333306029615,0,1,1
2025-01-01 00:07:27,-1.002905536307921,0.1156767756397425,9.823055524158416,29.69712382,193.7331335,train,0.033384393385001654,0,1,1
2025-01-01 00:07:28,-1.052579649344,0.06813381500129,9.83004631345,29.02086929,195.0905604,train,0.020342444216358717,0,1,1
2025-01-01 00:07:29,-1.173421856658,0.18380128326203,9.8078624449,28.29394403,196.4195358,train,0.01761180551440424,0,1,1
2025-01-01 00:07:30,-1.1772454697574255,0.0967255907716534,9.808488291752475,27.64532254,197.0541954,train,0.017096631543553793,0,1,1
2025-01-01 00:07:31,-1.143213176,0.2088606719931,9.75062746589,26.82642404,198.5194977,train,0.0174651148954919,0,1,1
2025-01-01 00:07:32,-1.182025964375,0.1724129653908,9.77047319626,25.62504105,198.1081865,train,0.0034910574185539065,0,1,1
2025-01-01 00:07:33,-1.220782656559406,0.1340840420854257,9.77846607017822,24.53425588,198.505893,train,0.03488062187016475,0,1,1
2025-01-01 00:07:34,-1.147648452762,0.1586026840222399,9.76967535543,23.63877944,198.5285404,train,0.0070022754121211546,0,1,1
2025-01-01 00:07:35,-1.160885426312,0.0554686523387,9.75891722717,22.85642231,199.4732687,train,0.07807439818103726,0,1,1
2025-01-01 00:07:36,-1.0404714768950496,-0.0463664517526237,9.781511716821782,22.18139092,200.0647739,train,0.027593717228602217,0,1,1
2025-01-01 00:07:37,-0.998010626185,-0.10907667388842,9.77452077941,21.18078333,201.7195387,train,0.030159531977521685,0,1,1
2025-01-01 00:07:38,-1.006900639332,-0.1727093490509,9.81519419855,20.44219016,203.1444825,train,0.036274898487924014,0,1,1
2025-01-01 00:07:39,-2.788893535329109,0.2579996256197029,9.330346948455446,19.55708942,204.295937,train,0.19709927285267112,0,1,1
2025-01-01 00:07:40,-3.52989654239,-0.90121591187167,9.04758145753,19.24099632,205.3205806,train,0.13578444561448702,0,1,1
2025-01-01 00:07:41,-3.27537482298,-0.8167570449843999,9.23972489308,19.06749537,205.6876153,train,0.15622803281882428,0,1,1
2025-01-01 00:07:42,-3.745780905534654,-0.6662333724564357,9.074334774287127,18.86648745,206.0436312,train,0.024778260867961876,0,1,1
2025-01-01 00:07:43,-3.92924958342,-0.5270584762536,8.98002095032,18.70030911,206.8538047,train,0.05588602715490604,0,1,1
2025-01-01 00:07:44,-4.237674344524752,-0.2560240309344554,8.88425529390099,18.54310604,207.1175464,train,0.11329318130259247,0,1,1
2025-01-01 00:07:45,-2.759086450202,1.538617428601,9.22252416225,18.27311156,207.479924,train,0.21130986867555304,0,1,1
2025-01-01 00:07:46,-2.52662435763,1.6278872909500002,9.31490755006,18.26593391,207.1440688,train,0.04445696007991016,0,1,1
2025-01-01 00:07:47,-2.6506967586039605,1.308704772,9.38132114520792,18.35941261,206.4347321,train,0.030287977884052627,0,1,1
2025-01-01 00:07:48,-2.57662787474,1.222310192836,9.41450144341,18.58293153,208.3060826,train,0.04256378561005967,0,1,1
2025-01-01 00:07:49,-2.36446656645,1.185735250846,9.42590023956,18.69214011,209.695067,train,0.057722552939349095,0,1,1
2025-01-01 00:07:50,-2.364684593277228,1.186287557788119,9.49143720719802,18.4007264,210.0588229,train,0.05267214669112606,0,1,1
2025-01-01 00:07:51,-2.435525299066,1.17194891969,9.44065355979,18.46681116,210.9601321,train,0.06724741613674107,0,1,1
2025-01-01 00:07:52,-2.36509076841,1.57373140871,9.34989279785,18.70988316,212.3269378,train,0.07550797060315402,0,1,1
2025-01-01 00:07:53,-3.926345518514851,1.037842290889109,9.007690688079208,18.80383606,213.6514582,train,0.10636147187857874,0,1,1
2025-01-01 00:07:54,-3.64624808806,1.217032168591,9.00792891542,18.53843339,214.312155,train,0.01679373911401732,0,1,1
2025-01-01 00:07:55,-3.59304871671,1.09351352695,9.02123624267,18.34045484,214.467497,train,0.054732618525707856,0,1,1
2025-01-01 00:07:56,-3.386493888267327,1.0612055878574258,9.132079050762377,18.08418368,215.3276691,train,0.028405889447429628,0,1,1
2025-01-01 00:07:57,-3.0316935607800004,1.076806768821,9.31307536008,18.21253354,215.9577667,train,0.03260157620155177,0,1,1
2025-01-01 00:07:58,-2.8507977355999996,1.16173715518,9.31039742886,18.24034586,216.4059553,train,0.030586431859742372,0,1,1
2025-01-01 00:07:59,-2.3284791897425743,0.7318474223871287,9.499138024950495,18.2142436,216.5200977,train,0.23139879623727194,0,1,1
2025-01-01 00:08:00,-1.3262929595714998,0.6760526413001,9.63950155334,18.27234024,216.4960768,train,0.05598529611859711,0,1,1
2025-01-01 00:08:01,-1.2741863159259998,0.6856701416007001,9.70503377834,17.6269748,216.3758678,train,0.1266407862644445,0,1,1
2025-01-01 00:08:02,-1.312746367541584,0.8705984920089109,9.71381536359406,17.14895008,216.7769075,train,0.02003538528042994,0,1,1
2025-01-01 00:08:03,-0.913876583859,1.054353460698,9.71188952184,16.6651395,217.6574425,train,0.043543001725999717,0,1,1
2025-01-01 00:08:04,-0.7402122207649999,1.09564958494,9.73885295101,16.30345535,217.5407707,train,0.025829513862960184,0,1,1
2025-01-01 00:08:05,-0.068890899051792,1.3450124381663366,9.727760127653465,15.95737209,217.5453016,train,0.05977265572496495,0,1,1
2025-01-01 00:08:06,-0.5727644302403401,0.5993326812615,9.7668956361,15.56813971,217.9711229,train,0.17079002522895323,0,1,1
2025-01-01 00:08:07,-1.0199982097515845,-0.01108437567029,9.758013551742572,15.15623214,218.66846,train,0.10484004726484211,0,1,1
2025-01-01 00:08:08,-1.513809516899,-0.13795162811429,9.67955077064,14.91249342,219.3644174,train,0.17352637232236248,0,1,1
2025-01-01 00:08:09,-2.450528599487,0.08240962828198,9.33994598235,14.40296951,220.0511416,train,1.6652487507752927,0,1,0
2025-01-01 00:08:10,-1.2466269328726731,-0.4279674628216831,10.141095147386135,13.50218793,219.74233,train,1.253834183689058,0,1,0
2025-01-01 00:08:11,-3.75526338961,-1.852499706985,8.57341698759,13.4647811,220.0809012,train,0.5527624145124093,0,1,0
2025-01-01 00:08:12,-3.90858505557,-3.35414701535,8.542777203370001,13.30929625,218.9811262,train,0.5831890950353272,0,1,0
2025-01-01 00:08:13,-4.304865313287129,-2.581650242572277,8.322764010257426,13.04320267,219.1687485,train,0.07119759821268731,0,1,0
2025-01-01 00:08:14,-4.72026316223,-2.72130202333,8.192305014,12.69613578,217.7527045,train,0.12813876689498843,0,1,0
2025-01-01 00:08:15,-3.86135527039,-3.00577944951,8.67831584936,12.14697314,218.1044748,train,0.43047713288639045,0,1,0
2025-01-01 00:08:16,-1.8629443041633664,0.7528497873426733,9.448734423990098,11.8413549,218.2269434,train,0.23007461869573062,0,1,0
2025-01-01 00:08:17,-1.809145362839,0.5399257186941699,9.70266420606,11.55197157,217.9198971,train,0.22419895379335603,0,1,0
2025-01-01 00:08:18,-1.5933271591283,0.6719227294908799,9.67804639902,11.03525527,216.5101423,train,0.296010520646278,0,1,0
2025-01-01 00:08:19,-0.5322693777670099,0.7144375867237623,9.723761512128712,10.67002586,217.0176165,train,0.1297558561071334,0,1,0
2025-01-01 00:08:20,0.5989225341772201,1.4785413574508,9.66325565643,10.21146183,217.3454277,train,0.07671949102229104,0,1,0
2025-01-01 00:08:21,0.56129677734713,0.938783290082,9.71932905135,10.04410792,217.9604368,train,0.11742640932006476,0,1,0
2025-01-01 00:08:22,0.4033310707005732,1.1505134356247524,9.69911326349505,9.732615151,222.7048645,train,0.1151387876237211,0,1,1
2025-01-01 00:08:23,0.5491405563522,1.5577431564400002,9.68904702328,9.895799711,224.9315948,train,0.027167428807908945,0,1,1
2025-01-01 00:08:24,0.613681842037,1.66924329071,9.6538447266,8.981048505,224.9315948,train,0.016823689063455757,0,1,1
2025-01-01 00:08:25,0.6150561327,1.6756110933663366,9.650753432178218,8.771602214,224.9315948,train,0.004294843907997197,0,1,1
2025-01-01 00:08:26,0.4123744628937,1.6987649002,9.61670695491,8.745964732,224.9315948,train,0.019176249437431094,0,1,1
2025-01-01 00:08:27,0.20347636871306,1.65511117858,9.66976561893,8.720677347,224.2313538,train,0.04273809264159457,0,1,1
2025-01-01 00:08:28,0.0072680543190297,1.6527235397227722,9.68765837118812,8.762986255,224.2313538,train,0.015378717161101473,0,1,1
2025-01-01 00:08:29,-0.04752616882564,1.70126919251,9.6825759796,8.782111362,224.2313538,train,0.01416167580832239,0,1,1
2025-01-01 00:08:30,0.0223347427809504,1.6654307782970297,9.66453813310891,8.779065432,220.3851624,train,0.009095564091179932,0,1,1
2025-01-01 00:08:31,-0.0679272445701,1.67684149021,9.64446074071,8.773989248,219.2904205,train,0.004437726598223564,0,1,1
2025-01-01 00:08:32,-0.106752008053755,1.7136544372399998,9.6658946686,8.858107571,205.7827759,train,0.010659103170666437,0,1,1
2025-01-01 00:08:33,-0.1937105431914851,1.713669080108911,9.649643364336637,8.733384652,205.7827759,train,0.02884774835548639,0,1,1
2025-01-01 00:08:34,-0.3622601760835,1.70096981506,9.65837879793,9.038205972,192.6388702,train,0.013792120183772011,0,1,1
2025-01-01 00:08:35,-0.48099177246,1.73168893439,9.61485979618,9.402135123,180.0,train,0.0029285395487526466,0,1,1
2025-01-01 00:08:36,-0.4167422908376237,1.7069538365940595,9.643778827009902,10.000789,213.1794213,train,0.005147425479903201,0,1,1
2025-01-01 00:08:37,-0.480205906679,1.69051405789,9.66566414794,10.47434268,212.2756691,train,0.005731658849930478,0,1,1
2025-01-01 00:08:38,-0.521647229004,1.69822901463,9.6040298172,10.77101793,211.6181754,train,0.015917097809422038,0,1,1
2025-01-01 00:08:39,-0.478378474170297,1.6471109537623765,9.726289917613862,10.77130808,211.0969404,train,0.01938445635408541,0,1,1
2025-01-01 00:08:40,-0.00651295623884,1.6914870345700002,9.61080472872,10.76941776,210.6448161,train,0.06854464063328332,0,1,1
2025-01-01 00:08:41,0.2454550735507789,1.6295518295900002,9.66290388788,10.8162524,210.4564689,train,0.007206383485742696,0,1,1
2025-01-01 00:08:42,0.2416702164728119,1.585649654247525,9.68594954839604,10.81708283,209.9134887,train,0.012106567013146557,0,1,1
2025-01-01 00:08:43,0.03346441040299,1.59640775298,9.65394651487,10.8958297,209.5088379,train,0.014848905479850334,0,1,1
2025-01-01 00:08:44,0.03390449523771,1.53143087308,9.72277039495,10.89541568,209.9937299,train,0.03334283625833252,0,1,1
2025-01-01 00:08:45,-0.0360779458237485,1.4388524453663365,9.712733454970296,10.80116756,210.4609161,train,0.01733336498367059,0,1,1
2025-01-01 00:08:46,-0.1759516067466,1.44823238532,9.68647836456,10.83883878,211.6500148,train,0.013093917761469166,0,1,1
2025-01-01 00:08:47,0.01313967590085,1.4765639694,9.69652547149,10.70120844,212.787781,train,0.02587258932886946,0,1,1
2025-01-01 00:08:48,0.1217517663913366,1.4453616816336634,9.704448703039604,10.61486215,214.8981014,train,0.027379993572888794,0,1,1
2025-01-01 00:08:49,0.18980978851278,1.48879802856,9.6989923416,10.6114578,215.86008,train,0.0020127041191252667,0,1,1
2025-01-01 00:08:50,0.20102147369224,1.47746359865,9.6932832138,10.53605848,216.4410418,train,0.01572917772118041,0,1,1
2025-01-01 00:08:51,0.2409143625386435,1.3023615271881188,9.733565382415842,10.30245171,216.398685,train,0.02083276836288254,0,1,1
2025-01-01 00:08:52,0.2710099319488,1.49228128508,9.6695096512,10.18883267,217.2721909,train,0.01039615806027096,0,1,1
2025-01-01 00:08:53,0.4706079992930693,1.495578542267327,9.67271914039604,9.994448348,217.8238477,train,0.018440944721013413,0,1,1
2025-01-01 00:08:54,0.460470945739,1.48556924282,9.68797824549,9.830295566,218.3745778,train,0.028109891412241936,0,1,1
2025-01-01 00:08:55,0.3479649032599999,1.36453244019,9.70038594354,9.839949458,218.1711278,train,0.014060718205452453,0,1,1
2025-01-01 00:08:56,0.434361097880198,1.2166447267326732,9.721539894425742,9.650062933,218.3265521,train,0.015041995553401816,0,1,1
2025-01-01 00:08:57,0.41065753326,1.196714918546,9.7542604111,9.382292798,218.8448925,train,0.01747893463136144,0,1,1
2025-01-01 00:08:58,0.2491823226939,1.141372004745,9.74836716625,9.207758897,219.3541308,train,0.01921393756354481,0,1,1
2025-01-01 00:08:59,0.2515511541117822,1.0265474617732673,9.75905989091089,9.220843498,219.6247134,train,0.015492827884220345,0,1,1
2025-01-01 00:09:00,0.22258263702252,1.102321211202,9.66453998568,9.158043241,220.6459807,train,0.03210531517453309,0,1,1
2025-01-01 00:09:01,0.23528971252837,0.876749290485,9.83152823194,9.174505755,220.9500487,train,0.042618171653585044,0,1,1
2025-01-01 00:09:02,0.2984081698892079,0.9451123515168316,9.76626569839604,9.173039859,222.5045456,train,0.018473871049843504,0,1,1
2025-01-01 00:09:03,0.363626834106,1.051184550456,9.72608899389,9.186944656,223.0249835,train,0.02284728390807509,0,1,1
2025-01-01 00:09:04,0.421180650332,1.13832134857,9.72799752499,9.392047063,223.8346792,train,0.010757151223013937,0,1,1
2025-01-01 00:09:05,0.4233019173435643,1.1115854757950494,9.733578720871288,9.331618372,224.2566326,train,0.0074581662006145315,0,1,1
2025-01-01 00:09:06,0.2694890945408,0.8202762268070001,9.78001734913,9.317730614,224.087833,train,0.036347313858892207,0,1,1
2025-01-01 00:09:07,0.2819955871611,0.8541253372200001,9.76404705963,9.321115945,223.5314238,train,0.012178150511941386,0,1,1
2025-01-01 00:09:08,0.3335049876591089,0.9467959791,9.75237428870297,9.288691215,223.7237199,train,0.01264349344691961,0,1,1
2025-01-01 00:09:09,0.393181375121,0.974428665116,9.75834841001,9.224142117,224.8369517,train,0.006788546696006271,0,1,1
2025-01-01 00:09:10,0.3607587982199999,0.955049963405,9.75798616334,9.231466857,224.5973129,train,0.004905717443758853,0,1,1
2025-01-01 00:09:11,0.3199529711980198,0.9917218621881188,9.717338235722773,9.243704297,223.5958563,train,0.008632918577334808,0,1,1
2025-01-01 00:09:12,0.3766332870483,0.931396151727,9.78822029115,9.229494706,224.2836208,train,0.00797365264616486,0,1,1
2025-01-01 00:09:13,0.3335962829609999,0.990571096765,9.74972633972,9.277739789,224.529549,train,0.006152500153908448,0,1,1
2025-01-01 00:09:14,0.3573469921168317,0.9558780828722772,9.76411373780198,9.251419632,224.6989785,train,0.005650420524147573,0,1,1
2025-01-01 00:09:15,0.3606944320649999,0.941429786688,9.74029145963,9.184204434,224.5656627,train,0.0024481088254751458,0,1,1
2025-01-01 00:09:16,0.33073124085,0.9381635788,9.77150455173,9.090761055,224.1543452,train,0.0036887454468947614,0,1,1
2025-01-01 00:09:17,0.3593522281465346,0.9403756668524752,9.765002977722771,9.041721252,223.6967899,train,0.0052166674749362435,0,1,1
2025-01-01 00:09:18,0.341637561031,0.911959071345,9.75844720461,8.93983862,223.5599196,train,0.008611353868275749,0,1,1
2025-01-01 00:09:19,0.3823064747487129,1.043044344430693,9.758443351257426,8.935413521,216.5392761,train,0.043712498449347714,0,1,1
2025-01-01 00:09:20,0.2632455780029999,1.37008589172,9.6557323013,9.08789023,216.5392761,train,0.04187429162848369,0,1,1
2025-01-01 00:09:21,0.3496893173179999,1.133425030548,9.76521163783,8.667082905,216.5392761,train,0.0070385664305594444,0,1,1
2025-01-01 00:09:22,0.2478282029586138,1.1834271692960396,9.733826225950494,8.94714916,216.5392761,train,0.012001489455865742,0,1,1
2025-01-01 00:09:23,0.288201681519,1.166479293804,9.71457942812,8.958995162,214.1082001,train,0.01545159933103847,0,1,1
2025-01-01 00:09:24,0.161289596553034,1.089572222934,9.75038347327,8.848904568,214.1082001,train,0.013278447621430094,0,1,1
2025-01-01 00:09:25,0.2479986406042574,0.9905139779584158,9.717163352029702,8.730111897,215.0359802,train,0.028588031989713658,0,1,1
2025-01-01 00:09:26,-0.3089560226502399,0.8611622039700001,9.94078004138,8.595186849,216.3061371,train,0.07093273349009914,0,1,1
2025-01-01 00:09:27,0.25662185210503,0.97378949432,9.52774844532,8.477376128,216.3061371,train,0.2091638927607695,0,1,1
2025-01-01 00:09:28,-0.1973312317498514,-0.4113357120993663,10.04709655930693,8.317880417,217.4625854,train,0.2187048608364317,0,1,1
2025-01-01 00:09:29,-1.0830278320387,-0.32636482085545,9.64551754322,7.885298875,217.4625854,train,0.4161855337256782,0,1,1
2025-01-01 00:09:30,-1.373718836968,-0.2921265197754,9.78286442886,7.723460417,217.4625854,train,0.2841851195347325,0,1,1
2025-01-01 00:09:31,-1.3753266272702969,1.336447575623493,9.714313337574255,7.430920269,216.3843689,train,0.2148178006878793,0,1,1
2025-01-01 00:09:32,-0.41779020081619,1.904209675549,9.40331071472,7.294045669,216.3843689,train,0.3273527022868977,0,1,1
2025-01-01 00:09:33,-0.44723546905039,0.00311202849764,9.8524831558,6.672706811,218.4449921,train,0.026558677654291388,0,1,1
2025-01-01 00:09:34,-0.4082263364901188,0.2648853067758019,9.730177377980198,6.144284323,220.5534363,train,0.15017743695420652,0,1,1
2025-01-01 00:09:35,-1.12517418820952,0.32980317079154,9.7402899628,5.602714212,220.5534363,train,0.17400831903252043,0,1,1
2025-01-01 00:09:36,-1.50446744389,0.799771865835,9.6750391526,5.254055038,231.2890472,train,0.022882356541687993,0,1,1
2025-01-01 00:09:37,-1.7416994045643563,0.78672093609099,9.669362259643565,4.713605789,237.3043671,train,0.06908939268411136,0,1,1
2025-01-01 00:09:38,-1.942330902067,1.142165354937,9.52929921996,4.025096162,241.6739502,train,0.11417337622946505,0,1,1
2025-01-01 00:09:39,-1.47720014652,1.126373194915,9.688051593,3.358910297,252.2333679,train,0.12930269861845584,0,1,1
2025-01-01 00:09:40,-1.5438035054756436,2.550080743171287,9.314051626881188,2.903139895,252.2333679,train,0.1532779578657055,0,0,0
2025-01-01 00:09:41,-1.885306983932,2.18112632448,9.38643630527,2.282031718,220.4314744,train,0.1510503936235508,0,0,0
2025-01-01 00:09:42,-3.19186001769307,1.7400943265386135,9.147498471089108,1.464936262,229.5300664,train,0.2646194179616141,0,0,0
2025-01-01 00:09:43,-2.5562327865331,1.02002684324433,9.20336700004,0.8739548182,278.5057068,train,0.5517166247783151,0,0,0
2025-01-01 00:09:44,3.827552563466,2.406949722231,8.55570432144,0.3399795003,278.5057068,train,0.2155217514704082,0,0,0
2025-01-01 00:00:01,-1.608993580601,5.391917948960001,8.07847272947,0.5699999928,158.5546875,walking,0.08300148249868682,0,0,0
2025-01-01 00:00:02,-1.7216103927500002,5.06270754549,8.21677013853,0.5699999928,158.5546875,walking,0.09647732252833939,0,0,0
2025-01-01 00:00:03,-0.4022980703013861,5.294211422752475,8.173244245257425,0.0,158.5546875,walking,0.19638414295580653,0,0,0
2025-01-01 00:00:04,-0.0037871246295899,5.15732877961,8.259230841019999,0.3100000024,158.5546875,walking,0.21153857573832222,0,0,0
2025-01-01 00:00:05,-1.757229979860396,2.9355025217920794,9.141857725722772,0.3100000024,158.5546875,walking,0.25736097255002377,0,0,0
2025-01-01 00:00:06,-0.59464143677566,3.12855413817,9.33721566016,0.0,158.5546875,walking,0.21627197938855938,0,0,0
2025-01-01 00:00:07,0.3210703307981999,4.553098283400001,8.56071440278,0.2199999988,158.5546875,walking,0.06773753783531905,0,0,0
2025-01-01 00:00:08,0.1889916433237624,4.679685869910891,8.602283242049506,0.0,150.732421875,walking,0.08615389008526199,0,0,0
2025-01-01 00:00:09,0.031972013858365,4.74157733919,8.54629638522,0.0,142.91015625,walking,0.03502838491957361,0,0,0
2025-01-01 00:00:10,1.9297016647168,2.009130990648,7.42020460507,0.0,135.087890625,walking,1.091414780041611,0,0,0
2025-01-01 00:00:11,4.649205689532673,-9.956623807514852,3.73195915301802,0.4300000072,127.265625,walking,0.6135812039101521,0,0,0
2025-01-01 00:00:12,3.0672730727846,-8.5433280581,2.499616021784,0.0,144.84375,walking,0.686158378318762,1,0,0
2025-01-01 00:00:13,2.0898850616514,-9.57618921184,0.776911404407,0.1700000018,161.71875,walking,0.26448624073154514,1,0,0
2025-01-01 00:00:14,3.1201680128603857,-9.040819321435643,0.9045659750930692,0.1700000018,189.49218463333332,walking,0.4698492644174507,1,0,0
2025-01-01 00:00:15,4.005330372611,-10.2116567503,1.6144512313515,0.0,217.26561926666668,walking,0.4291550242330048,1,0,0
2025-01-01 00:00:16,4.840214721779001,-8.5505026384114,0.9362760039958,0.8199999928,245.0390539,walking,0.172370443295313,0,0,0
2025-01-01 00:00:17,3.924156506238317,-9.200821743362376,0.5118064850033665,0.8199999928,251.015616,walking,0.46611492092072815,0,0,0
2025-01-01 00:00:18,3.9819894104604,-9.389948002679,0.62720322416633,1.450000048,255.9374838,walking,0.08742635405436305,0,0,0
2025-01-01 00:00:19,4.428082843559406,-9.521773627158415,0.8463059393679209,1.320000052,257.3437351,walking,0.1747137058837513,0,0,0
2025-01-01 00:00:20,4.2462603560036,-9.346780769274,1.0708282012938,1.330000043,256.2890476,walking,0.34503917986765414,0,0,0
2025-01-01 00:00:21,5.333578266843,-9.07761799609,1.3914015655744298,1.320000052,255.2343603,walking,0.21859317596789388,0,0,0
2025-01-01 00:00:22,3.704060732391089,-8.755376269548712,0.1366524634128712,1.230000019,249.9609242,walking,0.1535611092384914,0,0,0
2025-01-01 00:00:23,5.1049497024502,-9.795028133846,0.6913014313495001,1.460000038,246.445297,walking,0.1739792368403009,0,0,0
2025-01-01 00:00:24,4.7511544234898,-10.251515862895,0.927787156708,1.460000038,243.2812349,walking,0.09338666324330179,0,0,0
2025-01-01 00:00:25,5.0508753634295935,-8.997356237936634,0.8397107432916733,1.419999957,250.664047,walking,0.13238811976368334,0,0,0
2025-01-01 00:00:26,4.574816619858,-9.082397557376,0.7743801681144,1.070000052,256.9921755,walking,0.26715353901976463,0,0,0
2025-01-01 00:00:27,4.3894480956163395,-9.70940917963172,0.6989026244693,0.9399999976,263.6718642,walking,0.3101619586360299,0,0,0
2025-01-01 00:00:28,3.7971774911995047,-9.360157234786138,0.2696946127616534,0.9399999976,262.9687392,walking,0.19995728434133306,0,0,0
2025-01-01 00:00:29,4.3205029678928,-9.453034313994,0.6806031785063,0.9399999976,259.4531143,walking,0.14435906976604868,0,0,0
2025-01-01 00:00:30,4.44790696539792,-9.72239801030198,0.690890513549505,1.100000024,254.1796753,walking,0.15531453149944155,0,0,0
2025-01-01 00:00:31,4.40492141880868,-9.5257351316696,0.6502927093559001,1.419999957,252.4218594,walking,0.3112557902154286,0,0,0
2025-01-01 00:00:32,4.7138370254133095,-9.5174723140519,1.2804073791886,1.419999957,254.8827967,walking,0.18080918766319615,0,0,0
2025-01-01 00:00:33,4.843234876872249,-9.089066515883168,0.8662575191430197,1.330000043,255.8165436,walking,0.13628296323939842,0,0,0
2025-01-01 00:00:34,3.9123287704589,-9.17481986357,-0.5400948669281,1.547784186,255.8165436,walking,0.08827968295731128,0,0,0
2025-01-01 00:00:35,4.6288108383018995,-10.3446432041293,1.0622465470082,1.166080141,255.8165436,walking,0.13759778628489547,0,0,0
2025-01-01 00:00:36,4.787054180448317,-10.094281111561386,0.7946840796157426,1.180855032,255.8165436,walking,0.2815192778471144,0,0,0
2025-01-01 00:00:37,4.7378411086593,-8.7414066513207,1.0690034958425,0.9741229877,255.8165436,walking,0.10779963560902708,0,0,0
2025-01-01 00:00:38,4.13065875084057,-8.780963392475,0.3874797317930999,1.414661486,257.6016541,walking,0.48278872120112576,0,0,0
2025-01-01 00:00:39,4.347287985858529,-9.10799843390594,0.6643956098753464,2.340014637,257.6016541,walking,0.07701840853198934,0,0,0
2025-01-01 00:00:40,4.4891871871725,-9.6460324721489,0.7959937224421,1.227515372,257.6016541,walking,0.2523529483576746,0,0,0
2025-01-01 00:00:41,4.452098249603267,-9.687520538482175,0.6741950340284752,1.348028349,257.6016541,walking,0.2617355842291117,0,0,0
2025-01-01 00:00:42,4.383484497100301,-9.292246174519,0.8678502959632999,1.293502521,257.6016541,walking,0.295914991044481,0,0,0
2025-01-01 00:00:43,4.8029871368926,-9.4962195097027,1.33566646731439,1.405383132,261.0481262,walking,0.2950329650376132,0,0,0
2025-01-01 00:00:44,4.52574806434498,-8.889718191459208,0.4045404369686138,1.461185345,261.0481262,walking,0.1686432235754342,0,0,0
2025-01-01 00:00:45,4.26632313547705,-9.427189059353,-0.190300767455586,1.350268139,262.0048218,walking,0.28951081623999825,0,0,0
2025-01-01 00:00:46,4.87468653717682,-10.42385398422,0.7543398421544001,1.126649225,262.0048218,walking,0.20143764971234326,0,0,0
2025-01-01 00:00:47,5.213781153618515,-9.15315255503703,1.0544043844743562,1.416669646,262.0048218,walking,0.17205806482435598,0,0,0
2025-01-01 00:00:48,4.581952281186,-8.56430543514,1.35714380492991,1.253902405,262.0048218,walking,0.30236288645053466,0,0,0
2025-01-01 00:00:49,3.8562778291829,-9.192224171872,0.2277409104551999,1.308724959,262.0048218,walking,0.23978581227820756,0,0,0
2025-01-01 00:00:50,4.514168678670871,-9.48701027431188,1.0237181967919802,1.157634395,262.0048218,walking,0.16970459546975414,0,0,0
2025-01-01 00:00:51,4.73386537632178,-9.520461598345,0.7582182769661501,1.161325509,262.0048218,walking,0.2425364129889395,0,0,0
2025-01-01 00:00:52,4.4903711360263765,-9.503856924560298,0.5278943172978219,1.198811546,262.0048218,walking,0.3092681476225355,0,0,0
2025-01-01 00:00:53,4.6003310623483005,-9.4391432004824,0.9515427567109,1.360049196,262.0048218,walking,0.20389468281599643,0,0,0
2025-01-01 00:00:54,5.053810047948899,-9.04985522887,1.3574416854321998,1.242940948,262.0048218,walking,0.3718648957362196,0,0,0
2025-01-01 00:00:55,4.426132443636634,-9.376335473336637,0.4578385139355445,1.267365616,262.0048218,walking,0.7785559580278015,0,0,0
2025-01-01 00:00:56,4.864634939569,-9.293431709531,0.7915749115033001,1.023847349,262.0048218,walking,0.3929719482286039,0,0,0
2025-01-01 00:00:57,4.0665006683798,-9.545462608448,-0.5802129410029999,0.7367307881,262.0048218,walking,0.2871582361432214,0,0,0
2025-01-01 00:00:58,5.114832463028515,-9.850288496969307,1.132639713050891,0.295197378,262.0048218,walking,0.20819689433092448,0,0,0
2025-01-01 00:00:59,5.137839308119499,-9.87955885159,1.0709659148979,0.8528414945,262.0048218,walking,0.3595649351112543,0,0,0
2025-01-01 00:01:00,4.6177937485175,-8.605189915380999,0.9844368529109,0.9128613378,220.9985577,walking,0.2156706965719109,0,0,0
2025-01-01 00:01:01,4.074649989058416,-9.036998553867326,0.2384452396394059,1.217221071,227.1324063,walking,0.44868121844834474,0,0,0
2025-01-01 00:01:02,4.1830243561034,-9.359107635783,0.781204476839,1.532154815,227.6154533,walking,0.15049081073999332,0,0,0
2025-01-01 00:01:03,4.639478886616139,-9.41012807258812,0.9513444413045742,1.626000718,243.1084924,walking,0.16373636327824728,0,0,0
2025-01-01 00:01:04,4.607421816850501,-9.50592981702,0.5414181151581,1.528597735,250.6856667,walking,0.3107079718826091,0,0,0
2025-01-01 00:01:05,4.890914291539,-9.243896717888,1.4134911302908,1.168600017,236.0540551,walking,0.21599262500066757,0,0,0
2025-01-01 00:01:06,4.813755091210496,-8.773218868755446,0.4837717142967901,1.212623385,231.4315111,walking,0.22831653255196846,0,0,0
2025-01-01 00:01:07,4.3277733489167005,-9.2587982299241,0.1422761353094,1.358393998,220.8578033,walking,0.18209344255792637,0,0,0
2025-01-01 00:01:08,5.177461912747,-9.97733851777,0.92046288758055,1.252817196,220.8578033,walking,0.08707665940110947,0,0,0
2025-01-01 00:01:09,4.870876900017782,-9.05079362951089,1.003996337359188,1.214517046,220.8578033,walking,0.18447107098867743,0,0,0
2025-01-01 00:01:10,4.2251572400984,-8.961402667334001,0.6842301359765,1.634696131,220.8578033,walking,0.3548832756700411,0,0,0
2025-01-01 00:01:11,3.86594472656318,-9.284685397345,0.4437746658493999,1.163098027,220.8578033,walking,0.136432758522323,0,0,0
2025-01-01 00:01:12,4.497396131373267,-9.405810812821782,0.5524788370880198,1.01336221,220.8578033,walking,0.18141424471633746,0,0,0
2025-01-01 00:01:13,4.5417294251202,-9.6710649167258,0.8086993010960001,1.189676287,220.8578033,walking,0.21349396030015239,0,0,0
2025-01-01 00:01:14,4.4448074753385,-9.316410424828,0.8664072967504001,1.23174148,220.8578033,walking,0.3890001178945368,0,0,0
2025-01-01 00:01:15,4.940772640057129,-9.25022791351584,1.1061122041057423,1.314448494,220.8578033,walking,0.244911854442244,0,0,0
2025-01-01 00:01:16,3.7099136947254,-8.98617016325,-0.597590304514,1.212298394,220.8578033,walking,0.09097088621080451,0,0,0
2025-01-01 00:01:17,4.9960892918870945,-9.873216066235644,1.0172193349116831,1.120427152,219.9842224,walking,0.16607480501246016,0,0,0
2025-01-01 00:01:18,4.8485493897289,-10.529856051537,0.950836225945,1.484863191,219.9842224,walking,0.2340026596805753,0,0,0
2025-01-01 00:01:19,4.59231074068329,-9.115791614097,0.5950800246842,1.219864823,219.9842224,walking,0.13623795151065654,0,0,0
2025-01-01 00:01:20,4.163975621635644,-9.057842337664356,0.8086985008264357,1.597306367,219.9842224,walking,0.39423228958652373,0,0,0
2025-01-01 00:01:21,3.6700860168015,-9.3358744491297,0.21287682029562,1.199813676,219.9842224,walking,0.15959503458081434,0,0,0
2025-01-01 00:01:22,4.1181492645416,-9.5280373443175,0.6212680662505,1.090360586,219.9842224,walking,0.19626820843333317,0,0,0
2025-01-01 00:01:23,4.535132509632376,-9.694342491150197,0.5848219753062575,0.9058548611,219.9842224,walking,0.18053560502881277,0,0,0
2025-01-01 00:01:24,4.3383743041753,-9.4620246184005,0.64553859559714,1.0059122,219.9842224,walking,0.3107422169781791,0,0,0
2025-01-01 00:01:25,4.7922005677440005,-9.588513084556,1.3612273132323,1.296418488,219.9842224,walking,0.17645769497900599,0,0,0
2025-01-01 00:01:26,4.626475234949475,-8.982802344475248,0.3776246265250693,1.457996128,219.9842224,walking,0.21477873690696375,0,0,0
2025-01-01 00:01:27,4.4857892532807,-9.313584301657,-0.1466186050820499,1.353663665,219.9842224,walking,0.14828848079510976,0,0,0
2025-01-01 00:01:28,5.4009127441377,-10.26503275456,1.1019424986755,1.582316879,219.9842224,walking,0.3004484117727705,0,0,0
2025-01-01 00:01:29,5.071120392492475,-8.99788978236604,0.6956331265263367,1.197495046,219.9842224,walking,0.0994214571435336,0,0,0
2025-01-01 00:01:30,4.6491565292729,-8.712832571686999,0.76219700317972,1.386327979,218.583725,walking,0.35085399157215075,0,0,0
2025-01-01 00:01:31,4.200129152810059,-9.007045988700991,0.28912005888,1.189668893,218.583725,walking,0.2521049272598318,0,0,0
2025-01-01 00:01:32,4.59089169159464,-9.345373695239,0.7291232802345899,0.9852178473,218.583725,walking,0.1290815509532588,0,0,0
2025-01-01 00:01:33,4.64008988317631,-9.585739352516,0.6452975967569,1.182329016,218.583725,walking,0.1305794364290269,0,0,0
2025-01-01 00:01:34,4.731433705163367,-9.456989534355444,0.7661928324228713,1.395350055,218.583725,walking,0.42659826914811705,0,0,0
2025-01-01 00:01:35,4.9657451798544,-9.278608035063,1.1249511520367,1.252455779,218.583725,walking,0.17185856676972847,0,0,0
2025-01-01 00:01:36,4.0217871505273,-8.859097911093,0.31367570796665,1.227538555,218.583725,walking,0.102498743735192,0,0,0
2025-01-01 00:01:37,4.795758357433366,-9.536591328515842,-0.0839249821129406,1.213412888,218.583725,walking,0.14265179062171443,0,0,0
2025-01-01 00:01:38,5.1789528122685,-10.37965689246,1.02722986448992,1.506463454,218.583725,walking,0.24065950745869893,0,0,0
2025-01-01 00:01:39,4.9655341185571,-8.711792234834,0.7033184417432,1.202882131,218.583725,walking,0.20856115548804305,0,0,0
2025-01-01 00:01:40,4.275130612151485,-8.932828543016832,0.4451846298539603,1.439470806,218.583725,walking,0.45447281364053566,0,0,0
2025-01-01 00:01:41,4.2992681259936,-9.26764932397201,0.6355693269204,1.243663485,217.4614258,walking,0.16842206422530628,0,0,0
2025-01-01 00:01:42,4.813544637972277,-9.516952464969307,0.8706844518386139,1.239768808,217.4614258,walking,0.1825040503422305,0,0,0
2025-01-01 00:01:43,4.6621165786267,-9.5383718541164,0.4674434464105,1.190004656,217.4614258,walking,0.330696914620641,0,0,0
2025-01-01 00:01:44,4.83777928615056,-9.3610955013781,1.3503913469511,1.25549906,217.4614258,walking,0.16972177874073993,0,0,0
2025-01-01 00:01:45,4.913341070470099,-8.948981585952476,0.5299647641848911,1.348460627,217.4614258,walking,0.1684770122654123,0,0,0
2025-01-01 00:01:46,4.4411850083654,-9.207481942743,-0.1956431579175999,1.384743047,217.4614258,walking,0.13230068633299435,0,0,0
2025-01-01 00:01:47,5.173939736913581,-10.3032153533,0.93233320312806,1.157035932,217.4614258,walking,0.26325458718004413,0,0,0
2025-01-01 00:01:48,5.161148524647129,-8.781939348456437,0.79296340037599,1.349712939,217.4614258,walking,0.15670464464137313,0,0,0
2025-01-01 00:01:49,4.4191538223280995,-8.893568229903,0.5893873626637,1.297121511,217.4614258,walking,0.44924607921749565,0,0,0
2025-01-01 00:01:50,3.934783575517,-9.295706977718,0.503910612476107,1.296878834,217.4614258,walking,0.10701230547457147,0,0,0
2025-01-01 00:01:51,2.2935943075314853,-9.968495160079208,1.1372504220850497,1.294024475,217.4614258,walking,0.7577592615523584,0,0,0
2025-01-01 00:01:52,-3.3141187545157997,-9.75129956829,1.87584515999564,1.200215055,217.4614258,walking,0.6276605460996352,0,0,0
2025-01-01 00:01:53,-2.585410111979,-9.920624454963,1.1814257125383,1.194917454,217.4614258,walking,0.897182452690824,0,0,0
2025-01-01 00:01:54,-1.3240426786556434,-10.225741896343564,1.0091450363937329,1.321787043,217.4614258,walking,0.17784863738045634,0,0,0
2025-01-01 00:01:55,-1.2273292556471,-10.04534360058697,-0.3549748260807,1.522978438,217.4614258,walking,0.1313032455353086,0,0,0
2025-01-01 00:01:56,-0.8254917967926733,-11.19649399850396,1.0666388436820793,1.172283817,217.4614258,walking,0.20113017798070512,0,0,0
2025-01-01 00:01:57,-0.6759538467378,-10.8629628524203,0.9635552765182002,1.014599085,220.8162994,walking,0.15617424537802424,0,0,0
2025-01-01 00:01:58,-0.2468322097151,-9.8220499420024,1.10037825167062,0.8916510407,220.8162994,walking,0.23678904215408053,0,0,0
2025-01-01 00:01:59,-0.770862824150198,-9.873783697625743,0.4190409760206931,1.168586368,220.8162994,walking,0.3467454226095819,0,0,0
2025-01-01 00:02:00,-1.1884086914647,-10.175539856095,0.8002748199897001,1.142481797,220.8162994,walking,0.08108494081415457,0,0,0
2025-01-01 00:02:01,-0.7061011549829,-10.7400160215869,0.8518321061215001,1.277005728,220.8162994,walking,0.14193595631416567,0,0,0
2025-01-01 00:02:02,-0.9020005178683168,-10.591761941244554,0.8782385449876238,1.149985823,220.8162994,walking,0.1471572250762537,0,0,0
2025-01-01 00:02:03,-1.1703442566556002,-10.224287484712,0.5587550629747,1.367989953,223.8948975,walking,0.22253173322331488,0,0,0
2025-01-01 00:02:04,-0.8039631501721,-10.6654081695622,1.02367176371713,1.478483667,208.5087919,walking,0.23515606237013167,0,0,0
2025-01-01 00:02:05,-0.3097089272232673,-10.175520588841586,0.8606968054937624,1.269298654,223.8948975,walking,0.2034880148574227,0,0,0
2025-01-01 00:02:06,-1.384238960234,-10.06942701899,-0.5614868820365,1.3843426,223.8948975,walking,0.1950660695222142,0,0,0
2025-01-01 00:02:07,-0.2476192316156436,-11.365900132267328,1.0240501797121784,1.417155667,219.3464508,walking,0.26690840119408665,0,0,0
2025-01-01 00:02:08,-0.14210848390067,-10.36840928176,1.0743788178684,1.543136079,219.3464508,walking,0.238677229186527,0,0,0
2025-01-01 00:02:09,-0.7134927841353,-9.794769172777,0.6297329636551,1.236068198,219.3464508,walking,0.5078407856157657,0,0,0
2025-01-01 00:02:10,-1.008672257305525,-10.186075867055443,0.4462413434531683,0.8881014133,211.9213104,walking,0.23309495407828568,0,0,0
2025-01-01 00:02:11,-0.6740363342834139,-10.492603019543,0.927167445514,1.004675893,211.9213104,walking,0.22720605378221523,0,0,0
2025-01-01 00:02:12,-0.26398803397788,-10.513312454114,0.5844925415793,1.070959009,211.9213104,walking,0.24640343568325743,0,0,0
2025-01-01 00:02:13,-0.3110709464891089,-10.460581267728712,1.1727948239130692,1.564373188,211.9213104,walking,0.38540463134927694,0,0,0
2025-01-01 00:02:14,0.1061457686607,-10.23665626395059,0.8222775649344899,1.197327967,211.9213104,walking,0.18372588693226097,0,0,0
2025-01-01 00:02:15,-0.3276311874967,-10.4450094910729,-0.0769444930216,1.731928092,211.9213104,walking,0.1688135399387463,0,0,0
2025-01-01 00:02:16,-0.2426735755387128,-11.519648233356437,0.9581619474402178,1.18351519,210.8840637,walking,0.10064767328606122,0,0,0
2025-01-01 00:02:17,0.2704216552493,-9.959205226131,0.8287156767157999,1.499963356,228.8214469,walking,0.2544215855162872,0,0,0
2025-01-01 00:02:18,-0.6771034561853,-9.7457610856665,0.5947357407212001,1.194827998,233.4038953,walking,0.40131627956365185,0,0,0
2025-01-01 00:02:19,-0.3882184382580099,-10.491000683669307,1.0104907528336635,1.471500598,235.3392432,walking,0.32946955131631767,0,0,0
2025-01-01 00:02:20,-0.695343026786,-10.594632348574,0.74011043247532,1.153595908,210.8840637,walking,0.13381041349093029,0,0,0
2025-01-01 00:02:21,-0.4656964307783762,-10.263316728904158,1.001957013809109,1.23786094,210.8840637,walking,0.39926399306054255,0,0,0
2025-01-01 00:02:22,0.62252395480984,-10.54045251645,1.6025434936735,1.196329766,210.8840637,walking,0.36568662121806855,0,0,0
2025-01-01 00:02:23,-1.2410317612027,-9.662698814535,-0.0969084778012,1.138879384,210.8840637,walking,0.19567379845517324,0,0,0
2025-01-01 00:02:24,-0.4217413013188118,-10.78192145351584,0.8080834431297029,1.176294119,210.8840637,walking,0.5744093873505879,0,0,0
2025-01-01 00:02:25,-0.1649360138179,-11.28316304165,1.261709761009907,1.36746504,210.8840637,walking,0.1749510732907187,0,0,0
2025-01-01 00:02:26,0.5072307084017,-10.239136605817,1.1434661498094,1.581616738,210.8840637,walking,0.2945966399330862,0,0,0
2025-01-01 00:02:27,-0.1639047028657426,-9.900483126566336,0.891080651460198,1.178713217,214.0733337,walking,0.46032462027092985,0,0,0
2025-01-01 00:02:28,-0.8743497802753,-10.0677100888535,0.4671859817139999,1.318817493,214.0733337,walking,0.13566046852590546,0,0,0
2025-01-01 00:02:29,-0.2915921310252,-10.377001414384,0.941706710777,1.291182906,215.8454895,walking,0.22523495448411424,0,0,0
2025-01-01 00:02:30,-0.1346161039528713,-10.727391778825742,0.9110781755059406,0.852062046,240.1299404,walking,0.12800411599617686,0,0,0
2025-01-01 00:02:31,-0.2378314270759999,-10.23716819931,1.1209784134066,1.010540531,231.0609108,walking,0.3646421843718842,0,0,0
2025-01-01 00:02:32,0.7198738068190396,-10.556749601694255,1.556485548878614,1.202883735,224.8252228,walking,0.15595766224205881,0,0,0
2025-01-01 00:02:33,-0.1880434616676999,-9.759039971535,0.0633647323195999,1.416241983,218.184218,walking,0.12441497815751834,0,0,0
2025-01-01 00:02:34,0.3648872132083,-10.774303720216102,0.7951509750407,1.427199398,215.1984771,walking,0.16589929567919823,0,0,0
2025-01-01 00:02:35,-0.0352302037879207,-11.242089775722771,0.992508839519208,1.587170502,209.9855292,walking,0.12228206391569568,0,0,0
2025-01-01 00:02:36,0.5183136611962,-10.3299512558209,1.1092996993772,1.193619849,217.6138423,walking,0.14559602217249829,0,0,0
2025-01-01 00:02:37,0.1240724899839,-9.803313404797,0.87793482512186,1.460818246,218.6328278,walking,0.4695054461006375,0,0,0
2025-01-01 00:02:38,0.0028766910951484,-10.024515792955444,0.8010717864347822,1.208614121,215.200247,walking,0.20158928185062883,0,0,0
2025-01-01 00:02:39,0.557608447275035,-10.454845536605,0.9217666763187,1.367267461,215.4335242,walking,0.13893474404234846,0,0,0
2025-01-01 00:02:40,0.3439263016198,-10.6130111298761,0.91148455803527,1.279222077,209.8432024,walking,0.22660676148461217,0,0,0
2025-01-01 00:02:41,0.5665851464665347,-10.279582409073267,1.2921071088353466,1.3799733,212.3808315,walking,0.24555792262484424,0,0,0
2025-01-01 00:02:42,0.71122799389587,-10.3144764357681,0.97892381748961,1.138702599,218.1556437,walking,0.2164063685101732,0,0,0
2025-01-01 00:02:43,-0.433637849411792,-9.822062539236386,-0.4880978665995049,1.02276402,224.0533738,walking,0.11429064098413255,0,0,0
2025-01-01 00:02:44,0.5748945006616,-11.48075365021,1.2584675034585,1.355244541,222.3646226,walking,0.11748814974583308,0,0,0
2025-01-01 00:02:45,0.8336060074553999,-10.280067489516,0.8767388123345,1.236514798,217.4183132,walking,0.12842908308514592,0,0,0
2025-01-01 00:02:46,0.1656046332684653,-9.84885830249406,0.6843857235141584,1.228410037,218.1666316,walking,0.46000009276588427,0,0,0
2025-01-01 00:02:47,-0.0778411284654999,-10.086165211654,0.7248212264317,1.29959282,223.3610831,walking,0.09209725065903425,0,0,0
2025-01-01 00:02:48,0.3946004242381,-10.593840495588,0.81740519724555,1.403542282,226.333482,walking,0.1888329071791478,0,0,0
2025-01-01 00:02:49,0.1756026542339603,-10.588926747786832,0.621864746416703,1.178094851,222.2396753,walking,0.2463144319087438,0,0,0
2025-01-01 00:02:50,0.4817477004411999,-10.350412206754,1.4623375534543102,1.237165187,222.7203923,walking,0.2844105227371284,0,0,0
2025-01-01 00:02:51,-0.0977167969221699,-9.659393687156,0.1082039885511,1.196082858,226.7952028,walking,0.30469089846339825,0,0,0
2025-01-01 00:02:52,1.7586083017953469,-10.747254434658416,0.4655823116461882,1.282994256,225.2755934,walking,0.16229352447035325,0,0,0
2025-01-01 00:02:53,1.6682538483159002,-11.381563916275,1.0888776672102,1.276265959,223.4107861,walking,0.13368974281208326,0,0,0
2025-01-01 00:02:54,1.846697772201,-10.0000926999246,0.8387163801858999,1.068568144,228.7388186,walking,0.2125705497704723,0,0,0
2025-01-01 00:02:55,1.3270142221841583,-9.800087939069307,0.7112140919639603,1.227458537,230.4780155,walking,0.4689339600156527,0,0,0
2025-01-01 00:02:56,1.015655932655,-10.0240069701687,0.7286293075257,1.337551437,242.1209106,walking,0.03155759176368858,0,0,0
2025-01-01 00:02:57,1.6641117390450495,-10.339505323741584,0.7770519339377228,1.263506483,228.1976428,walking,0.19251544128909326,0,0,0
2025-01-01 00:02:58,1.54046458749,-10.479581598013,0.678640759251558,1.218364856,219.2836015,walking,0.2842903712922264,0,0,0
2025-01-01 00:02:59,2.3160497496100003,-10.1425888782149,1.3402993330332995,1.173234137,224.4382125,walking,0.21365779816415603,0,0,0
2025-01-01 00:03:00,2.2925731635323663,-9.831524052743564,0.6328483416316831,1.292323683,224.0353069,walking,0.19834857909260117,0,0,0
2025-01-01 00:03:01,1.7408738342141998,-10.1285645413664,-0.0003547622827,1.287337042,216.8997072,walking,0.1205329261242706,0,0,0
2025-01-01 00:03:02,2.0026449784789,-11.297369998249998,1.0240145507415002,1.472923355,220.2633971,walking,0.10793200335050854,0,0,0
2025-01-01 00:03:03,2.3125825439589107,-9.64737432040693,0.8699182235271287,1.232625091,217.1451849,walking,0.19519708859768703,0,0,0
2025-01-01 00:03:04,1.4322082075738,-9.534970925868,0.4236699737913,1.340112325,222.470991,walking,0.32040241696085503,0,0,0
2025-01-01 00:03:05,1.8616561662008,-10.185194778546,0.7912186523515,1.367159597,225.2285559,walking,0.13467929965465097,0,0,0
2025-01-01 00:03:06,2.214712797880297,-10.362032735470295,0.6112368474301981,1.037075678,228.1209485,walking,0.2027939380479402,0,0,0
2025-01-01 00:03:07,1.9368478042576,-10.051843084723,0.93893447557547,1.16360371,230.3445986,walking,0.2825063361775665,0,0,0
2025-01-01 00:03:08,2.713340747079901,-10.26587477598614,1.3912899659938611,1.325624897,230.5363434,walking,0.1584893592634913,0,0,0
2025-01-01 00:03:09,1.1673444945829,-9.5348751252043,-0.7296022841977,1.120546694,229.729278,walking,0.05547533263031494,0,0,0
2025-01-01 00:03:10,2.7782421157585997,-11.08325375513,0.9506940214991,1.177169689,227.5398359,walking,0.14645167927947486,0,0,0
2025-01-01 00:03:11,2.653259251558584,-10.45536142928119,0.7330271474227723,1.006192922,222.1324986,walking,0.1967864321723865,0,0,0
2025-01-01 00:03:12,2.2681313964284997,-9.44850623035424,1.17574053504527,1.207825107,225.8664777,walking,0.3485513495520968,0,0,0
2025-01-01 00:03:13,2.043072908035,-9.70913375272408,0.385867584316,1.296002325,219.1323871,walking,0.2271443648872539,0,0,0
2025-01-01 00:03:14,2.3396228481129704,-10.13904841339802,0.8168780260247525,1.316314964,223.9997163,walking,0.16219073074627988,0,0,0
2025-01-01 00:03:15,2.49908163290537,-10.4424438262317,0.5645704697127001,1.41482684,229.8252764,walking,0.28210579644148914,0,0,0
2025-01-01 00:03:16,2.55616842040714,-10.0897173249636,1.2236663726483,1.157896698,218.3155974,walking,0.3389769798233405,0,0,0
2025-01-01 00:03:17,2.718209335769822,-9.875354688311289,0.9809679874317526,1.245344788,228.2044109,walking,0.12205710050946242,0,0,0
2025-01-01 00:03:18,2.2920696166504997,-9.677522488258,-0.0901275789001,1.037750854,222.5247952,walking,0.14222351371196235,0,0,0
2025-01-01 00:03:19,2.7771985483239603,-11.180223871970297,0.98192392039301,1.126989443,217.0657247,walking,0.06618464577776617,0,0,0
2025-01-01 00:03:20,2.699109173524,-9.4858835037242,0.868461026018586,1.342467598,220.3209823,walking,0.23824883886323928,0,0,0
2025-01-01 00:03:21,1.8540894012003,-9.5843008437056,0.5317646897228999,1.039524462,225.9888846,walking,0.4354696958811863,0,0,0
2025-01-01 00:03:22,2.1285825008182178,-10.069161565381089,0.7099973153395545,1.121931642,219.1499222,walking,0.2363189011682846,0,0,0
2025-01-01 00:03:23,2.2788850342391997,-10.37361096443,0.5996170899486,1.184239397,209.6192686,walking,0.19489860787457366,0,0,0
2025-01-01 00:03:24,2.4478506684566,-9.91126741309,0.93460398090169,1.184233512,211.2341108,walking,0.32253553426548237,0,0,0
2025-01-01 00:03:25,2.93138237688307,-10.13824809761386,1.2220661261219872,1.11345748,220.0317621,walking,0.1881994561994503,0,0,0
2025-01-01 00:03:26,1.7929744903727,-9.721008558723,-0.5772176697183601,1.160861222,217.7476082,walking,0.09710084070275551,0,0,0
2025-01-01 00:03:27,2.7994964172621,-11.04551573201,1.1106184569489,1.228870876,219.1152467,walking,0.10979268508101746,0,0,0
2025-01-01 00:03:28,3.056882289457368,-9.577573432358614,1.101522244111386,1.250104088,216.8585579,walking,0.23295765473363886,0,0,0
2025-01-01 00:03:29,2.166844523604,-9.3767514450334,0.4654585739678,1.15231858,210.3939538,walking,0.3840225525622063,0,0,0
2025-01-01 00:03:30,2.2191876755294,-10.060668731954,1.061031074561,0.7120180606,200.1892067,walking,0.1138891694120876,0,0,0
2025-01-01 00:03:31,2.6447017993844417,-10.19594791249703,0.5518282099925743,0.9921236481,212.6100973,walking,0.36334435399955395,0,0,0
2025-01-01 00:03:32,2.611249378894,-9.851647892528,1.131326394539,1.449302413,214.5496717,walking,0.38225996951945396,0,0,0
2025-01-01 00:03:33,2.974480871811386,-10.138369627340596,1.1502763049140594,1.198539381,214.4297209,walking,0.26864377017681074,0,0,0
2025-01-01 00:03:34,1.9040959121503,-9.660383130371,-0.3931439529478001,1.207539679,209.8048807,walking,0.2473259000527266,0,0,0
2025-01-01 00:03:35,2.9420973769939,-10.9402621076,1.22861208813611,1.098839959,215.1617135,walking,0.2983010473642078,0,0,0
2025-01-01 00:03:36,2.9313853409830695,-10.08521679220891,0.7357378470738614,1.017582296,205.1530333,walking,0.1866001820444437,0,0,0
2025-01-01 00:03:37,2.32195946046405,-9.34121534284,0.5224405791162,1.210534871,205.2306128,walking,0.5380687383490221,0,0,0
2025-01-01 00:03:38,1.8270301712059,-9.89001610576,0.67124463967951,1.070690742,213.1642985,walking,0.07756425319019684,0,0,0
2025-01-01 00:03:39,2.124502371561386,-10.168153236544557,0.8001158535461188,0.7696173452,223.1428916,walking,0.1579553999390406,0,0,0
2025-01-01 00:03:40,2.3109947617117,-10.3781420427539,0.6345783874227,1.028100181,220.4169615,walking,0.25545560971928083,0,0,0
2025-01-01 00:03:41,2.99131802222727,-10.11601463942,1.03372036746341,1.188612892,219.7577803,walking,0.3154332126569163,0,0,0
2025-01-01 00:03:42,2.541887879314455,-9.777098122953168,0.8299780123148515,1.209903276,214.3346807,walking,0.1478720840817919,0,0,0
2025-01-01 00:03:43,1.982633093247,-9.955335772591,-0.2499861511402999,1.258463737,219.5307509,walking,0.20362414973032025,0,0,0
2025-01-01 00:03:44,2.9273229964766334,-10.881046509643564,0.7892048797318714,0.9340799879,221.7446834,walking,0.10609849646238949,0,0,0
2025-01-01 00:03:45,3.3657074752974103,-9.828455122352,0.7542200912589,0.4259198238,209.1292981,walking,0.14554196695885738,0,0,0
2025-01-01 00:03:46,2.54479507151045,-9.496476974483,0.4794544692983,0.2167086458,217.5530507,walking,0.4361842062621049,0,0,0
2025-01-01 00:03:47,2.422987608979109,-9.872071910777228,0.4439322836391089,1.012887814,214.2294643,walking,0.20116087993804965,0,0,0
2025-01-01 00:03:48,2.9194779144867997,-10.133971298422,0.5908094055242,0.7893670608,201.508215,walking,0.17443719827197232,0,0,0
2025-01-01 00:03:49,2.8144308608093,-10.277811681036418,0.4377122725655999,0.8987505317,216.878081,walking,0.25290371865457045,0,0,0
2025-01-01 00:03:50,2.8697995478449507,-10.07471190458089,1.0134993479493069,0.8664921523,218.8237667,walking,0.2401419721944773,0,0,0
2025-01-01 00:03:51,3.155185258416958,-9.948277949351,1.0233619080536,1.096008314,214.0741218,walking,0.22129354046452548,0,0,0
2025-01-01 00:03:52,2.501898774714,-9.71028186514,-0.69900890355806,1.234805537,217.2344207,walking,0.054187502214290084,0,0,0
2025-01-01 00:03:53,3.180691164241188,-10.944877633574258,0.7132178460125743,1.193606664,210.7584003,walking,0.11102931175713418,0,0,0
2025-01-01 00:03:54,3.210351539738,-9.80317419418,0.835751046707,1.120121633,219.9987316,walking,0.5753902892865548,0,0,0
2025-01-01 00:03:55,2.2815090773376,-9.7130166778603,0.9283155579495,1.378197419,246.4854835,walking,0.744132294278515,0,0,0
2025-01-01 00:03:56,2.44128372050891,-10.006476079277228,0.581189430214911,1.23428178,266.9011134,walking,0.3850793465018332,0,0,0
2025-01-01 00:03:57,3.1315254590733996,-10.073955102794,0.6984116457223002,1.524006708,270.6641174,walking,0.299668507151924,0,0,0
2025-01-01 00:03:58,2.951344331004901,-10.176950783388415,0.515982948511386,1.152837481,276.2614683,walking,0.34948437836243595,0,0,0
2025-01-01 00:03:59,3.5545068651076,-9.8117064512981,1.18723363479402,1.109033736,281.5915234,walking,0.20383690982207517,0,0,0
2025-01-01 00:04:00,3.5102573821085,-9.564733534591,1.0966659714683,1.087444929,289.332705,walking,0.2510148647258092,0,0,0
2025-01-01 00:04:01,2.0918035374772277,-9.632724092718812,-0.526388537729297,1.17171818,297.9821704,walking,0.15800859743236292,0,0,0
2025-01-01 00:04:02,3.4320659820396004,-10.756929350168,0.912824272109,1.140902792,291.0659565,walking,0.21721737981011963,0,0,0
2025-01-01 00:04:03,3.18121313322,-10.847800881999,1.0954684616363,1.087992811,288.9563243,walking,0.10541165997866317,0,0,0
2025-01-01 00:04:04,3.3622813674534657,-9.01203314273119,0.9638693857347524,1.042833471,289.4283595,walking,0.3320628581549041,0,0,0
2025-01-01 00:04:05,2.36825069737462,-9.687704315274,0.4553261443873,0.7388590745,287.6046005,walking,0.3846459138090713,0,0,0
2025-01-01 00:04:06,2.6102689178169,-10.037687022211,0.8830871108268,0.6229226917,286.2547082,walking,0.07956497457187343,0,0,0
2025-01-01 00:04:07,2.9281499895720793,-10.287247657150496,0.6582865317330693,0.8196559811,290.4775209,walking,0.218194163591242,0,0,0
2025-01-01 00:04:08,3.0593171173332,-10.003619366482,0.906172105315,0.668290326,274.6919184,walking,0.2994165124292073,0,0,0
2025-01-01 00:04:09,3.5126359360739,-10.0304525663052,1.44577299959331,0.7914109109,270.0273871,walking,0.2765608619223394,0,0,0
2025-01-01 00:04:10,2.315466645521881,-9.237333934537078,-0.4902572375860396,1.115235794,265.6089037,walking,0.13200248828323385,0,0,0
2025-01-01 00:04:11,3.92919270171088,-10.72393047188,0.8181207092125,0.828737816,253.7035331,walking,0.1439851405828947,0,0,0
2025-01-01 00:04:12,3.566050695960495,-9.75884054499,0.8689282031108216,0.6528271531,238.1239719,walking,0.22096588660930713,0,0,0
2025-01-01 00:04:13,2.760756976338,-9.454796150193,0.733404377752621,0.2544010764,246.4880187,walking,0.4504996802897451,0,0,0
2025-01-01 00:04:14,2.234804699724,-9.85977449345039,0.310457400467193,0.4782974854,245.5172898,walking,0.10115222479140153,0,0,0
2025-01-01 00:04:15,2.9518304487306932,-10.119664465195644,0.6647350032211882,0.4955910706,237.3227605,walking,0.20978918005008518,0,0,0
2025-01-01 00:04:16,3.20847743685591,-10.123308970322,0.4466786267458,0.7506232167,234.8568434,walking,0.263876623035106,0,0,0
2025-01-01 00:04:17,3.6533717745111,-9.698395083749,1.0994591628464,0.4841408349,220.5176162,walking,0.1477599285784032,0,0,0
2025-01-01 00:04:18,3.2656106128370297,-9.684363736843563,0.7139662897002971,0.9468283422,219.152716,walking,0.25213206111613123,0,0,0
2025-01-01 00:04:19,2.6195256683302,-9.89838370545,-0.159857075494035,0.7733664095,189.8585758,walking,0.10375976962045287,0,0,0
2025-01-01 00:04:20,3.5349994308029,-11.00328704704,1.00585431521909,0.830481345,184.7370881,walking,0.11750552815395904,0,0,0
2025-01-01 00:04:21,3.3540899854434656,-9.82939728681782,0.6318316439357425,1.386725683,191.7201435,walking,0.12328363970312974,0,0,0
2025-01-01 00:04:22,3.0533370528846,-9.23662334286772,0.80450053251041,1.135237379,202.7298926,walking,0.3456216196153747,0,0,0
2025-01-01 00:04:23,2.6483476831897823,-9.614241240569248,0.3670411894520098,1.202308154,220.3416093,walking,0.1482350280249731,0,0,0
2025-01-01 00:04:24,3.1656799346998,-9.878044001589,0.7973693619368001,1.148273561,220.3324091,walking,0.20712857010242247,0,0,0
2025-01-01 00:04:25,3.1264689743754004,-10.0448062180342,0.6028578507462,0.9665741431,216.2288001,walking,0.2655765297922333,0,0,0
2025-01-01 00:04:26,3.527703706354188,-9.9409761488,1.1630576468476237,0.7173491914,215.6342698,walking,0.23217959551891593,0,0,0
2025-01-01 00:04:27,2.7668433196852997,-9.357309873724,0.29957652749871,0.6688582889,204.2685517,walking,0.13797349017497665,0,0,0
2025-01-01 00:04:28,3.34128576046028,-10.209014744688,0.07299570462696,0.5606193137,187.1537687,walking,0.18963072056839217,0,0,0
2025-01-01 00:04:29,3.3835890380660394,-10.845307957039603,0.917172432887822,0.8687547472,194.2280852,walking,0.30283327354312195,0,0,0
2025-01-01 00:04:30,3.3543206543269,-9.205922186404411,0.80789247893208,1.017063949,191.696481,walking,0.20820964108630202,0,0,0
2025-01-01 00:04:31,2.4257102096863,-9.420424626501,0.2318573502175999,0.9943725497,189.5738902,walking,0.425753670530357,0,0,0
2025-01-01 00:04:32,2.982116478550594,-9.883993653813564,0.5597424452960396,0.6480714374,172.8917763,walking,0.13804629277206512,0,0,0
2025-01-01 00:04:33,3.1110914521260997,-10.10765751818,0.4587764694674,0.723085181,171.6537374,walking,0.24845113911158817,0,0,0
2025-01-01 00:04:34,3.55728957823432,-9.8594526627848,0.8670000640032,0.1185432702,171.0373611,walking,0.33772549204832947,0,0,0
2025-01-01 00:04:35,3.746422640480198,-9.778005147210395,1.1075913064769307,0.4162490141,175.7813308,walking,0.1839791664323854,0,0,0
2025-01-01 00:04:36,2.3127401321019,-9.268680679556,-0.5467485305693,0.713310324,214.6512383,walking,0.1424799970378936,0,0,0
2025-01-01 00:04:37,3.3985756946851486,-10.880736757821785,0.9814066790072276,1.516483795,207.9906013,walking,0.4676273544422371,0,0,0
2025-01-01 00:04:38,3.3031884841415,-9.72128548272,0.8395561341097999,1.179684338,200.7285755,walking,0.3267590683154291,0,0,0
2025-01-01 00:04:39,2.502181686367,-9.31289573365,0.8138006927688001,0.8181381865,195.0482746,walking,0.27888714394341696,0,0,0
2025-01-01 00:04:40,2.805525286079208,-9.240444792237623,1.6846502171267328,0.02540425143,194.1197722,walking,0.11338700211205643,0,0,0
2025-01-01 00:04:41,2.7663912598,-9.19246367342,1.89024970549,0.1033743282,194.1197887,walking,0.02350478528396432,0,0,0
2025-01-01 00:04:42,2.9442274475,-9.15534985197,1.79426181337,0.0,194.1197892,walking,0.03000903123222504,0,0,0
2025-01-01 00:04:43,2.7840412495148517,-9.250236805970298,1.7608803097445545,0.0,194.1197892,walking,0.05631334524978204,0,0,0
2025-01-01 00:04:44,2.8333500183256,-9.32935101463,1.3725707244991,0.0,194.119847,walking,0.24969126297725308,0,0,0
2025-01-01 00:04:45,3.72193369894,-9.057356131,-0.48508126830761,0.08357393721,194.1198635,walking,0.23710196331233405,0,0,0
2025-01-01 00:04:46,3.15818450170297,-9.241747528673269,-0.6744736624247525,0.2368480416,194.1198732,walking,0.1947236251496415,0,0,0
2025-01-01 00:04:47,3.34537076568,-9.17530485537,-0.815216748045,0.1123686273,194.1198786,walking,0.16029214548531742,0,0,0
2025-01-01 00:04:48,3.9273185989,-9.09051068572,0.8557853851206001,0.0,194.1198834,walking,0.20961918282755215,0,0,0
2025-01-01 00:04:49,3.791446339805941,-8.739750842227723,1.853479827271584,0.1027293604,194.1198929,walking,0.12519422815701267,1,0,0
2025-01-01 00:04:50,4.04270465245,-8.69632489928,1.99221616516,0.009930607267,194.1198982,walking,0.027927202107215776,1,0,0
2025-01-01 00:04:51,4.162752916653465,-8.604171394881188,2.07451374919802,0.0,194.1198984,walking,0.031182833883235495,1,0,0
2025-01-01 00:04:52,4.11491000062,-8.631642906209999,2.0762439285100003,0.0,194.1198984,walking,0.014284691438668201,1,0,0
2025-01-01 00:04:53,4.147181391859999,-8.64209866338,2.0359911346499997,0.0,194.1198984,walking,0.03192689264189428,1,0,0
2025-01-01 00:04:54,4.138395153079208,-8.659449512772277,1.9254934405841584,0.0,194.1198984,walking,0.0250306901458331,1,0,0
2025-01-01 00:04:55,3.809985095230699,-8.93221785732,1.9182399993073,0.0,194.1198984,walking,0.12235270349957307,1,0,0
2025-01-01 00:04:56,3.2843875809100003,-9.00571202546,1.92493407898,0.1137545869,194.1199139,walking,0.14199265779137576,1,0,0
2025-01-01 00:04:57,3.457464126782178,-8.997101322584157,1.7292574559603962,0.149648846,194.119914,walking,0.11562436751078364,1,0,0
2025-01-01 00:04:58,3.53240682225,-8.96584393158,1.73792197266,0.0,194.1199145,walking,0.10406860015967835,1,0,0
2025-01-01 00:04:59,3.3100846436,-9.06613088379,1.65985481413,0.0,194.1199145,walking,0.07320355299944635,1,0,0
2025-01-01 00:05:00,3.807821693029702,-8.948242034920792,1.559559354859109,0.0,194.1199137,walking,0.21571788900731512,1,0,0
2025-01-01 00:05:01,3.7062597931721,-8.78165196053,0.7913878006048001,0.0,194.1199137,walking,0.8255804401205388,1,0,0
2025-01-01 00:05:02,3.2745548844486634,-9.951494374178218,0.6500877395427623,0.2291859271,194.1199257,walking,0.11658830397020037,1,0,0
2025-01-01 00:05:03,3.2416679168654996,-9.753541905228,0.7264887588628001,0.1842462949,194.1199357,walking,0.30298023369361216,1,0,0
2025-01-01 00:05:04,3.649497830227,-9.845444792281,1.1990425782874998,0.3911528694,184.8884536,walking,0.18801615755318832,1,0,0
2025-01-01 00:05:05,2.613264203907129,-9.472297800169306,-0.4363930111166633,0.1943272604,181.8050944,walking,0.06995308599759503,1,0,0
2025-01-01 00:05:06,4.1251157774283005,-10.74670561072,0.7677729079605998,0.0802245297,181.8050948,walking,0.14570694005807924,1,0,0
2025-01-01 00:05:07,3.668216404756,-9.339615170241,0.96638139948257,0.04795893482,181.8050946,walking,0.1531952100519034,1,0,0
2025-01-01 00:05:08,2.803866853652178,-9.356185296582773,0.4782391599077228,0.5006224717,134.6834298,walking,0.5128577833084838,0,0,0
2025-01-01 00:05:09,2.58982742612958,-9.92733649741,0.76589581139389,0.6137203745,104.0728076,walking,0.08258714258275991,0,0,0
2025-01-01 00:05:10,3.2504561416081996,-10.05888743621,0.74082893832662,0.8868574329,19.27876795,walking,0.22361240386751757,0,0,0
2025-01-01 00:05:11,3.728135421289109,-9.949372055825744,0.4619067864913564,0.0619003703,32.81655957,walking,0.30940040945244307,0,0,0
2025-01-01 00:05:12,3.737293258744801,-9.781306169028,1.44765009615838,0.1286704893,32.81653795,walking,0.23877336072605387,0,0,0
2025-01-01 00:05:13,3.0172426117697,-9.344237557867,0.4340254394210699,0.9070407861,294.028869,walking,0.09223373567782946,0,0,0
2025-01-01 00:05:14,3.91323812201604,-9.684820213693069,0.2839239336348514,1.138861355,306.0205427,walking,0.2653455784590876,0,0,0
2025-01-01 00:05:15,4.19402797389,-10.45210623293,0.79344602050849,1.098529528,299.1938916,walking,0.08930766277484016,0,0,0
2025-01-01 00:05:16,3.7965772541526337,-9.336860630950495,0.8162051679245544,0.4740958975,284.0488243,walking,0.15453133622079207,0,0,0
2025-01-01 00:05:17,3.1579619841656,-9.18536543405,0.36448455042,0.1465986217,284.565944,walking,0.41345973932823477,0,0,0
2025-01-01 00:05:18,3.244556909234,-9.54678286254,0.6356097426631999,0.1880753885,284.5659369,walking,0.2144843557838138,0,0,0
2025-01-01 00:05:19,3.616636591246832,-9.885250446653464,0.5077367302430198,0.8042992418,234.3298728,walking,0.22956624683630786,0,0,0
2025-01-01 00:05:20,3.7804140885411,-9.562178347863,1.0215671402695,0.7025452223,203.085791,walking,0.2574216430222709,0,0,0
2025-01-01 00:05:21,3.2966979812366004,-9.57380616783,0.9293618821131,0.9584971408,165.1527364,walking,0.08639800328697876,0,0,0
2025-01-01 00:05:22,3.3717621468819012,-9.71788956459406,-0.0270358578473861,0.7190945817,153.1166545,walking,0.15264484965477498,0,0,0
2025-01-01 00:05:23,4.0897278672725,-10.56398957034,0.9588071502956,1.047828983,165.4184399,walking,0.1328228430985615,0,0,0
2025-01-01 00:05:24,3.6705305922022,-9.057504322813,0.7780250886296001,0.3744848569,177.9035429,walking,0.3013405645612124,0,0,0
2025-01-01 00:05:25,2.783209810192377,-9.40802205580594,0.2507567664865346,0.1635007328,177.9035315,walking,0.3523092869462595,0,0,0
2025-01-01 00:05:26,3.04174665513792,-9.942023954672,0.7305273604817001,0.1969987308,192.8940615,walking,0.15774617319380876,0,0,0
2025-01-01 00:05:27,3.443946197769327,-10.096038842360397,0.5695018534355445,1.063202073,225.0618197,walking,0.21069491858691516,0,0,0
2025-01-01 00:05:28,3.4839465956675,-9.5889232313,0.7666143173584,0.9101440721,252.0331608,walking,0.2015111019169577,0,0,0
2025-01-01 00:05:29,3.5818235596737997,-10.0897352869509,1.19228712617413,0.8042773683,218.6387329,walking,0.18076501864406583,0,0,0
2025-01-01 00:05:30,2.707863029211683,-9.333159911112771,-0.5914453306633564,1.288956816,218.6387329,walking,0.10212156128146029,0,0,0
2025-01-01 00:05:31,3.9481373061886,-10.76572505938,0.9959494126182,1.467476782,218.419281,walking,0.1489413180266196,0,0,0
2025-01-01 00:05:32,3.9733388992585,-9.3901096664313,0.9017877229027,0.3304103796,218.419281,walking,0.09869977939755187,0,0,0
2025-01-01 00:05:33,3.0936686631999013,-9.36056035710396,0.2663199472,0.09638245638,218.419281,walking,0.5259360599811335,0,0,0
2025-01-01 00:05:34,2.94504624487149,-9.6641058885569,0.6721966596958001,0.6809565733,218.419281,walking,0.020710478976378184,0,0,0
2025-01-01 00:05:35,3.498180496295501,-9.957802642978,0.6521204086025,0.5444868137,218.419281,walking,0.17007737717474747,0,0,0
2025-01-01 00:05:36,3.5704479875825745,-10.045882746418483,0.5564952373522772,0.851830359,38.41928864,walking,0.28813247756801635,0,0,0
2025-01-01 00:05:37,3.4582914458678,-9.811028361587,1.6972560380089998,0.7739404408,38.41928864,walking,0.1825553223131263,0,0,0
2025-01-01 00:05:38,2.995097662301,-9.0957932007174,-0.52533256531997,0.9085307791,38.41928864,walking,0.17504040601020446,0,0,0
2025-01-01 00:05:39,4.52246676908594,-10.281538737058415,0.7910871041122772,1.052328635,38.41928864,walking,0.17615111097530514,0,0,0
2025-01-01 00:05:40,3.8247683533413,-10.504637992609,0.9041378356466,1.036765492,38.41928864,walking,0.2019950932056334,0,0,0
2025-01-01 00:05:41,3.4149065860909897,-8.924195505260396,1.0617124546452477,0.8002317744,38.41928864,walking,0.3838076784735901,0,0,0
2025-01-01 00:05:42,2.9448471587370397,-9.49216144857862,0.3685755432306,0.5196225991,38.41928864,walking,0.17630855374069176,0,0,0
2025-01-01 00:05:43,3.5918437226263,-9.82010548557,0.7165164962273001,0.4145522797,38.41928864,walking,0.17228351901842467,0,0,0
2025-01-01 00:05:44,3.5736033072644555,-9.986730506783168,0.6244835578660396,0.4054211482,38.41928864,walking,0.20602288313297104,0,0,0
2025-01-01 00:05:45,3.883299636869,-9.5024525480635,1.0952648849394,1.593451638,218.419281,walking,0.24667216968415065,0,0,0
2025-01-01 00:05:46,3.9407082550009,-9.81905017986,1.0605041701738,1.583825331,218.419281,walking,0.1911794464805692,0,0,0
2025-01-01 00:05:47,2.3677569172122572,-9.464641444081188,-0.5969512077354455,1.61889659,218.419281,walking,0.059451066988949426,0,0,0
2025-01-01 00:05:48,4.1784289123865,-10.82860779412,0.9669621917345,1.384665075,218.419281,walking,0.21859534563580096,0,0,0
2025-01-01 00:05:49,3.8407760651941,-9.334316189499,0.7730644043367999,0.4208679249,218.419281,walking,0.16844933154949354,0,0,0
2025-01-01 00:05:50,3.2584818728550493,-9.252142743380196,0.4411489626445544,0.4028259823,218.419281,walking,0.47901629866505113,0,0,0
2025-01-01 00:05:51,3.1069465712440003,-9.7541047347236,0.8648909499374,0.6500689431,218.419281,walking,0.06656228305376995,0,0,0
2025-01-01 00:05:52,3.5503051025478,-9.88574848028,0.6123002151592,0.2740971594,218.419281,walking,0.1859132258762988,0,0,0
2025-01-01 00:05:53,3.6347622651526734,-9.737420237627722,0.8813345819049505,0.4740540199,218.419281,walking,0.2985808798991532,0,0,0
2025-01-01 00:05:54,4.0503582367125,-9.6715678713251,1.234375103867,0.5741741329,218.419281,walking,0.1451876242172202,0,0,0
2025-01-01 00:05:55,2.682220314020693,-9.239078326927723,-0.6550289493746534,0.9347858486,218.419281,walking,0.1426492171104216,0,0,0
2025-01-01 00:05:56,4.4302173156304,-10.48488656604,0.9229881362227,1.101304196,208.417208,walking,0.25964033433544836,0,0,0
2025-01-01 00:05:57,3.9062035079932,-10.195378102272,0.8401144730173151,1.131138666,215.0878737,walking,0.17408512058784406,0,0,0
2025-01-01 00:05:58,3.451981962507723,-9.04906109339604,0.8002922194031682,0.7473099072,212.9994975,walking,0.42087726125909,0,0,0
2025-01-01 00:05:59,3.0062614470806,-9.427147146467,0.3496548889786,0.3906524535,190.8481194,walking,0.152942515576001,0,0,0
2025-01-01 00:06:00,3.65620987238898,-9.8021952298327,0.7664795974862,0.0608680142,163.93947084871428,walking,0.11918782942099689,0,0,0
2025-01-01 00:06:01,3.629564657611485,-9.972548611862376,0.6673775278121584,0.117779228,137.0308222974286,walking,0.3053267883239721,0,0,0
2025-01-01 00:06:02,3.9835716201055,-9.8229914839637,1.2425540955093,0.8312678678,110.12217374614286,walking,0.18602144201722404,0,0,0
2025-01-01 00:06:03,2.7558831115719,-8.9235134580529,-0.28154652107463,0.1801391468,83.21352519485714,walking,0.1267250752870416,0,0,0
2025-01-01 00:06:04,4.1381313453966335,-10.133674440564654,0.6099267004700991,0.05363343589,56.30487664357142,walking,0.18593942314110032,0,0,0
2025-01-01 00:06:05,4.097863449235,-10.45424528472,0.95052637026549,1.087565647,29.396228092285725,walking,0.21301389969329065,0,0,0
2025-01-01 00:06:06,3.786860825948456,-8.855732923138614,0.7409650956680693,0.5307540163,2.487579541,walking,0.37523259069446246,0,0,0
2025-01-01 00:06:07,3.2305879575669003,-9.39596997997,0.4514372314039,0.6255586174,359.1737047,walking,0.29662866582457725,0,0,0
2025-01-01 00:06:08,3.560578239399,-9.78399607517,0.8632488649154,2.230995328,333.0690375,walking,0.10657059175929721,0,0,0
2025-01-01 00:06:09,3.040471366703762,-9.820258864637625,1.5124237105739604,1.221895834,34.58883667,walking,0.44420548013565914,0,0,0
2025-01-01 00:06:10,-1.6295263824482,-10.28041626455,1.5785678513346,1.585936772,290.0134879,walking,0.34448579202179774,0,0,0
2025-01-01 00:06:11,0.8313412170462,-10.28414950087,2.10287953940016,1.166568469,276.5387113,walking,0.46279903752342855,0,0,0
2025-01-01 00:06:12,0.9405312838376236,-9.67185954180198,-0.4320164686180198,0.8576127878,254.9942674,walking,0.25854406740960695,0,0,0
2025-01-01 00:06:13,3.776294654682,-10.64990341184,1.0298883361841,1.01709373,238.5799737,walking,0.2385909386068539,0,0,0
2025-01-01 00:06:14,4.261777088902,-10.05863595887,0.8805438995417001,1.283659409,218.028244,walking,0.08693102435299029,0,0,0
2025-01-01 00:06:15,3.883531580096901,-8.898588359493068,0.9975508299717624,1.657836306,243.4683795,walking,0.26298329529306885,0,0,0
2025-01-01 00:06:16,0.86525619052688,-9.43291764687,1.0773426543261,1.240614175,253.0698205,walking,0.6058312517583495,0,0,0
2025-01-01 00:06:17,-2.4108311508089,-10.07563610671,1.4335598968222998,1.115850775,249.6868243,walking,0.2785097159324559,0,0,0
2025-01-01 00:06:18,-3.579630871849703,-9.43295486129604,1.8045064205514851,0.9240827741,294.6942775,walking,0.7074352399402524,0,0,0
2025-01-01 00:06:19,-1.0579370086012,-10.536467801977,1.0234891431697,1.309254422,298.2823048,walking,1.1090819167056911,0,0,0
2025-01-01 00:06:20,0.7881852178179011,-9.786015717130692,0.1796309109721782,1.567180238,290.886593,walking,0.19743611446978318,0,0,0
2025-01-01 00:06:21,1.6007247757199,-10.60155994211,0.4215428969819,1.733476843,287.0982241,walking,0.30538174683530117,0,0,0
2025-01-01 00:06:22,2.2534154984118,-10.81852925233,0.7923877213370001,1.157132021,279.2956658,walking,0.3843469768213145,0,0,0
2025-01-01 00:06:23,2.01085454492301,-9.372363535138614,0.771753546039901,0.8104963661,264.300519,walking,0.4817461814074536,0,0,0
2025-01-01 00:06:24,1.430868493672,-9.98667460339,0.7424156386255699,0.4500169188,234.6906011,walking,0.26114685840478286,0,0,0
2025-01-01 00:06:25,1.99196917873578,-10.2845252198866,0.686785322399624,1.207977836,234.7009728,walking,0.1729697093199844,0,0,0
2025-01-01 00:06:26,2.368330476970792,-10.240842671803067,1.060661669426792,1.133530113,218.1690063,walking,0.3287679491363305,0,0,0
2025-01-01 00:06:27,2.3665607115929,-9.97664845272,1.157869198721,0.8435929961,218.1690063,walking,0.3641011772955824,0,0,0
2025-01-01 00:06:28,1.17736615442979,-9.72943902728,-0.3604983398733,0.7035855705,218.1690063,walking,0.09835871123438351,0,0,0
2025-01-01 00:06:29,2.9094033300663367,-10.893177224257428,1.1105554395998318,1.139430274,218.1690063,walking,0.23391375807956952,0,0,0
2025-01-01 00:06:30,2.5785079649369997,-9.57714871692,0.8765996017671001,2.235349347,218.1690063,walking,0.23667330940463713,0,0,0
2025-01-01 00:06:31,1.489891852979604,-9.677135698514851,0.412954128751505,1.3103492,218.1690063,walking,0.32548802458142356,0,0,0
2025-01-01 00:06:32,2.1269809203688,-10.06677752872,0.8464013992693,1.509221296,218.1690063,walking,0.18566810939248143,0,0,0
2025-01-01 00:06:33,1.9685623534936,-10.29290180058,0.6455101546588,1.100082534,218.1690063,walking,0.2342771121512538,0,0,0
2025-01-01 00:06:34,2.4807719014033456,-10.19491046540495,1.387801181276337,0.9434464435,218.1690063,walking,0.22078342276245955,0,0,0
2025-01-01 00:06:35,1.72167475892084,-9.504675425788,0.3816403747854,0.5322680888,218.1690063,walking,0.18251429977585581,0,0,0
2025-01-01 00:06:36,3.1212493286393,-10.58195371367,0.6165319152937301,0.1571100633,218.1690063,walking,0.28460560534751306,0,0,0
2025-01-01 00:06:37,3.0245317409376233,-9.822997723633664,1.0703617949942972,0.1873836392,38.16900635,walking,0.2574432282951604,0,0,0
2025-01-01 00:06:38,2.081135756073,-9.3523521834,0.1856334731873399,0.2864496192,38.16900635,walking,0.3668595832184632,0,0,0
2025-01-01 00:06:39,2.2358375520035,-10.06019421824,0.8700028197723999,0.3189407495,38.16900635,walking,0.19532173833503827,0,0,0
2025-01-01 00:06:40,2.144833360457129,-10.197775300277227,0.6832415682264258,0.6527157782,218.1690063,walking,0.25185713477011684,0,0,0
2025-01-01 00:06:41,2.8996905624319997,-10.17720289752,1.1652982496807,1.141221716,218.1690063,walking,0.24945601330444658,0,0,0
2025-01-01 00:06:42,1.8163902968383,-9.50863618908,0.3109798141257,1.11133363,217.8498993,walking,0.06694384313635614,0,0,0
2025-01-01 00:06:43,2.577408568082772,-10.324536451633664,0.2584635124972276,1.261201632,217.8498993,walking,0.16007861718952843,0,0,0
2025-01-01 00:06:44,2.7326364533075003,-10.86817651087,1.142318037461,1.271472669,217.8498993,walking,0.1484923604169602,0,0,0
2025-01-01 00:06:45,2.80705033256198,-9.358795215742576,0.8470158491455446,1.361969776,217.8498993,walking,0.3287763956143298,0,0,0
2025-01-01 00:06:46,1.8142228043082,-9.596371742257,0.4650708801124,1.062872887,217.8498993,walking,0.27451555980192566,0,0,0
2025-01-01 00:06:47,2.18198254402913,-10.096044666702,1.01160535582225,0.9150134105,217.8498993,walking,0.27485201136524967,0,0,0
2025-01-01 00:06:48,2.341574729578911,-10.31492821411584,0.3098467594475247,0.9779090336,217.8498993,walking,0.32730630154077234,0,0,0
2025-01-01 00:06:49,2.5367807374768,-10.2246467373405,1.17756074987429,0.8986945478,267.6497901,walking,0.13378114442226727,0,0,0
2025-01-01 00:06:50,2.3377695832495,-9.69636680122,0.6095189987266,1.154695979,269.6019638,walking,0.27591371001812043,0,0,0
2025-01-01 00:06:51,1.9686556644297029,-9.89102309560396,-0.1438167730671287,1.103790455,276.0060714,walking,0.45772517354489306,0,0,0
2025-01-01 00:06:52,2.716693107603,-10.91456055446,1.03531305533471,1.019264133,276.5793384,walking,0.10720166706056294,0,0,0
2025-01-01 00:06:53,2.9395930847931,-10.189636042608,0.94180251156112,0.9215407646,290.3716539,walking,0.15529335104301512,0,0,0
2025-01-01 00:06:54,2.248228250661089,-9.269940880664356,0.7278102731290099,0.7596821342,273.4707295,walking,0.5802877753722029,0,0,0
2025-01-01 00:06:55,1.63648092036779,-10.026062196313,0.78282410897633,0.9819167893,263.7926591,walking,0.1006852543437351,0,0,0
2025-01-01 00:06:56,2.253049413069703,-10.167924998158416,0.8734144184329704,1.557685537,265.7302892,walking,0.19762225937091793,0,0,0
2025-01-01 00:06:57,2.0060548872743,-10.452422076032,0.5172149459778,1.011934105,271.8252433,walking,0.19010546566179296,0,0,0
2025-01-01 00:06:58,2.3121338929978,-10.10948222314,0.6940826476744,1.09731562,274.3338684,walking,0.23846362438284674,0,0,0
2025-01-01 00:06:59,2.7400238731431585,-10.339170376722771,0.8078878104488119,0.5106698736,298.2694898,walking,0.38314123468281613,0,0,0
2025-01-01 00:07:00,2.0464962890552,-10.137502454972,0.1388138351556,0.4374240287,303.0628401,walking,0.09682080614961983,0,0,0
2025-01-01 00:07:01,1.8443761002262,-10.089992751804,-0.3464814880494,0.2298275335,307.8561904,walking,0.20432315870264817,0,0,0
2025-01-01 00:07:02,2.922580383542277,-11.152055715356434,0.7285587167070792,0.6486303094,252.9876084,walking,0.3069534991909893,0,0,0
2025-01-01 00:07:03,2.784544010994,-10.13678993657,0.3908522186191,0.4859899119,252.7281527,walking,0.0668649651801742,0,0,0
2025-01-01 00:07:04,2.42991197215446,-9.66652186403,0.76414145955796,0.3709323879,260.5754322,walking,0.2507492491643274,0,0,0
2025-01-01 00:07:05,2.0466271852128712,-9.77733969958713,-0.0054036145121782,0.6425536952,38.35847886,walking,0.4428756649651494,0,0,0
2025-01-01 00:07:06,2.1961041778088,-10.144090255788,0.62450134261294,0.8278349947,46.70080178,walking,0.08415466419969998,0,0,0
2025-01-01 00:07:07,2.5450540330177,-10.362023561046,0.4118176209054,0.4331255096,276.8860171,walking,0.2112172438661904,0,0,0
2025-01-01 00:07:08,2.3189643225513863,-10.491506068116434,0.176927621569901,0.6036203121,286.5120007,walking,0.2280722275419046,0,0,0
2025-01-01 00:07:09,2.6910514297967,-10.119490411582,0.7493552078525001,0.8357087706,254.4443839,walking,0.2524878320347256,0,0,0
2025-01-01 00:07:10,2.9329933830039603,-10.309672806123762,1.0362372127755446,0.653718005,257.700083,walking,0.2276344093761124,0,0,0
2025-01-01 00:07:11,1.6919435851975002,-9.3384311325569,-0.7666876648143,0.5767096885,248.5999396,walking,0.1650758789576495,0,0,0
2025-01-01 00:07:12,3.3930615921309,-10.8268444606708,0.4323609008820001,0.4323092191,242.3993345,walking,0.20771039029400254,0,0,0
2025-01-01 00:07:13,3.432549106109406,-10.711898255341584,0.6429323222530495,0.1754220779,240.4578094,walking,0.27726019776358546,0,0,0
2025-01-01 00:07:14,3.4908307800069003,-10.382490499899,0.7510317214983,0.4492277995,210.3427694,walking,0.22708980027787207,0,0,0
2025-01-01 00:07:15,3.750615554692489,-9.227568672296,0.9229926268992,0.5742510656,190.7736893,walking,0.1514146163203704,0,0,0
2025-01-01 00:07:16,3.340109651806535,-9.623556029162376,0.4029190561515643,0.7156681194,171.3574804,walking,0.4626811074592069,0,0,0
2025-01-01 00:07:17,2.4578244278008,-9.5822965117,0.63021196757454,0.6488081813,186.056395,walking,0.21184724194064858,0,0,0
2025-01-01 00:07:18,3.3236419510023,-9.93393178229,0.5108711380312,0.9565832996,191.3863069,walking,0.23954788422260934,0,0,0
2025-01-01 00:07:19,3.406331349067327,-9.906924187782176,0.4309582730812772,1.059175101,193.8171695,walking,0.49946129197694983,0,0,0
2025-01-01 00:07:20,3.4057252579084003,-9.09637848357,0.976010874912,1.197037696,194.4012828,walking,0.18939026694816877,0,0,0
2025-01-01 00:07:21,3.5079151538326734,-9.242371478623763,0.6278863827517821,0.9046414368,190.4186547,walking,0.4984370178323917,0,0,0
2025-01-01 00:07:22,4.0175928725881,-8.94175153193,2.56928863685906,0.6855068316,196.7774682,walking,0.20651855946906572,0,0,0
2025-01-01 00:07:23,3.17272129215,-8.97332238009,2.25149499204,0.4484836713,198.8959364,walking,0.15018928720032526,0,0,0
2025-01-01 00:07:24,3.7925638179306937,-8.778588395821782,2.1098847493366337,0.0,199.4097628,walking,0.18300651696147602,0,0,0
2025-01-01 00:07:25,3.755947467,-8.75176211704,2.27946432959,0.1410160963,199.4097577,walking,0.07927207985087698,0,0,0
2025-01-01 00:07:26,3.79794563141,-8.751877377329999,2.1976519592,0.0,199.4097578,walking,0.021941408216905656,0,0,0
2025-01-01 00:07:27,3.664920837079208,-8.895925085990099,2.012056501016831,0.0,199.4097578,walking,0.3424223718702984,0,0,0
2025-01-01 00:07:28,3.82483571317,-8.85798871759,1.0633048461869,0.09144793669,199.4097609,walking,0.23572530132120076,0,0,0
2025-01-01 00:07:29,2.82719332119686,-9.45848448023,0.16487314452802,0.1315255957,199.4097597,walking,0.09469827210067916,0,0,0
2025-01-01 00:07:30,2.8086998725742576,-9.405770796891089,0.1236236164367326,0.05755928758,199.4097588,walking,0.0638685041494266,0,0,0
2025-01-01 00:07:31,0.624936936931135,-9.68288882897,0.9014973266466,0.0,199.40976,walking,0.46965016822967104,0,0,0
2025-01-01 00:07:32,4.775618554810693,-8.495703391,2.11989018051297,0.1014595613,199.4097455,walking,1.5476832964319425,1,0,0
2025-01-01 00:07:33,-1.879551452624,2.6293811736894996,8.26928543242,0.4064071581,199.4097408,walking,0.9267690945946399,1,0,0
2025-01-01 00:07:34,-2.1368229537600003,4.41105416563,8.380667312609999,0.1037676544,199.4097191,walking,0.061436713225371545,1,0,0
2025-01-01 00:07:35,-2.1855486924950496,4.336354781059406,8.507505086801979,0.0,199.4096903,walking,0.04881233212495035,1,0,0
2025-01-01 00:07:36,-1.96738879394,3.4374652542199997,8.97330890806,0.0,199.4096903,walking,0.07692346555880097,1,0,0
2025-01-01 00:07:37,-1.88752836456,3.6994624283,8.863199382,0.0,199.4096903,walking,0.046310979504080446,1,0,0
2025-01-01 00:07:38,-1.878731276980198,3.993695068326733,8.774389701287129,0.0,199.4096903,walking,0.02591356897160728,1,0,0
2025-01-01 00:07:39,-2.7849272140699997,4.75450146336,7.92891274107,0.0,199.4096903,walking,0.1766396957291397,1,0,0
2025-01-01 00:07:40,-2.6964521987500003,4.4397075805499995,8.37203326722,0.02871738605,199.4096388,walking,0.03443148879848103,1,0,0
2025-01-01 00:07:41,-2.5343560171881188,4.632587277267326,8.269873501623762,0.0,199.4096372,walking,0.10878843155065686,1,0,0
2025-01-01 00:07:42,-2.56051089022,4.88338494869,8.00508334347,0.0,199.409636,walking,0.02834011126238362,1,0,0
2025-01-01 00:07:43,-1.24557780759078,3.3486534393752,7.301519412139999,0.0,199.409636,walking,0.524938867318842,1,0,0
2025-01-01 00:07:44,5.57997460090099,-7.471955552683168,9.435976795168315,0.1768754272,199.4096441,walking,0.3449591667328063,1,0,0
2025-01-01 00:07:45,-1.9090595901707,2.0773995254322,8.407910659919999,0.4304495503,199.4096523,walking,0.4035022284206373,1,0,0
2025-01-01 00:07:46,-2.5736909820753,4.279262228417,8.10624447781,0.049382321645,199.4096496,walking,0.34818446078332554,1,0,0
2025-01-01 00:07:47,-2.054217233314,3.51451153563,8.89724308776,0.07995720384,199.4096433,walking,0.1502496008383816,1,0,0
2025-01-01 00:07:48,0.25168960877,4.09729762575,7.32583185431,0.0585259227,199.4096437,walking,0.9474620633714881,1,0,0
2025-01-01 00:07:49,6.269187415366,-6.720922779039604,8.85571810299505,0.2133598305,199.4096444,walking,0.4686197933771658,1,0,0
2025-01-01 00:07:50,-1.20310063933889,3.507314501961,7.489880213909999,0.8895183401,206.0579556,walking,0.4573542277539983,0,0,0
2025-01-01 00:07:51,4.1988928574380795,-6.180870314181,5.920986744644,0.3764279993,161.7623366,walking,1.600300332786708,0,0,0
2025-01-01 00:07:52,6.422505716739604,-6.335246085009901,4.233131810568317,0.369889031,143.2502733,walking,0.41309687583108967,0,0,0
2025-01-01 00:07:53,0.57617284241684,-9.38153549615,1.77182497100516,0.4253322193,143.2502719,walking,0.5728916674859207,0,0,0
2025-01-01 00:07:54,-0.3720209329756435,-9.644344976425742,1.57328477310198,0.0,143.2502705,walking,0.20266107349260915,0,0,0
2025-01-01 00:07:55,-0.988770341486,-9.62636038064,1.4981041762999998,0.01869833262,143.2502705,walking,0.0758769119962657,0,0,0
2025-01-01 00:07:56,-1.174619366451,-9.63723975675,1.427503491259,0.0,143.2502696,walking,0.02413842821641538,0,0,0
2025-01-01 00:07:57,-1.1974904987732673,-9.618983853782176,1.47508007999802,0.0,143.2502696,walking,0.017916737253892392,0,0,0
2025-01-01 00:07:58,-1.205158859318,-9.59416233674,1.66346231239,0.0,143.2502696,walking,0.06203134405769724,0,0,0
2025-01-01 00:07:59,-1.106015528845,-9.58740089712,1.81113322908,0.0,143.2502696,walking,0.042981781057513054,0,0,0
2025-01-01 00:08:00,-0.9608815395023268,-9.55417604809901,1.890961290118812,0.05838438592,143.2502693,walking,0.04343087966816375,1,0,0
2025-01-01 00:08:01,-0.5924619689984,-9.63175665884,2.190103157045,0.0441631037,143.2502688,walking,0.11028703623821606,1,0,0
2025-01-01 00:08:02,0.9938537704713,-9.22105421893,1.64858025974841,0.07364974313,143.2502674,walking,0.44896059742586986,1,0,0
2025-01-01 00:08:03,2.273263318752574,-10.269788913524753,0.6232074987128713,0.5177136636,143.2502726,walking,0.1474687834780176,0,0,0
2025-01-01 00:08:04,2.2769570435905,-10.49283653394285,0.5452516434566099,0.9337167711,142.9306262,walking,0.176229426606374,0,0,0
2025-01-01 00:08:05,2.371998902946,-10.063716393952,0.7617494339593001,1.221852136,150.6630094,walking,0.20573472227540024,0,0,0
2025-01-01 00:08:06,2.042867182499802,-9.988449703871288,0.7258821045279209,1.222265101,177.9721958,walking,0.23286978286658636,0,0,0
2025-01-01 00:08:07,3.6509258604611,-9.9981123183937,1.040303677282,1.006471035,180.8734267,walking,0.9691653561621442,0,0,0
2025-01-01 00:08:08,2.3345318161662503,-10.02702319804,-0.4628944061307999,0.7611508005,182.0486999,walking,0.6067170753139108,0,0,0
2025-01-01 00:08:09,3.2144229987445545,-10.39105604401188,0.4297741019273762,0.8615837685,185.4323419,walking,0.08609585059298051,0,0,0
2025-01-01 00:08:10,3.570324472013,-10.6304259157,0.76965449530726,0.8646385021,190.3857779,walking,0.19546221718970946,0,0,0
2025-01-01 00:08:11,3.2962908724658413,-9.220709593744555,0.7329485978837624,0.7569365586,195.8431531,walking,0.2582540235445253,0,0,0
2025-01-01 00:08:12,2.4058554977033,-9.638274105785,0.1693473404221999,0.7764058831,189.4995442,walking,0.37621438137817503,0,0,0
2025-01-01 00:08:13,2.4328174301087,-10.0544267122361,0.5672259474835,1.078032826,194.9635037,walking,0.14961720900710193,0,0,0
2025-01-01 00:08:14,2.4534648253637625,-10.380145070158417,0.7774180043855348,1.185080833,203.9670848,walking,0.23920712075159542,0,0,0
2025-01-01 00:08:15,1.4875810592796,-10.002020690798,1.273657914725528,1.487530916,213.0328217,walking,0.28121829474398735,0,0,0
2025-01-01 00:08:16,0.59386904306065,-9.994802700777,0.65108905332847,1.26685751,213.0328217,walking,0.0822098834448345,0,0,0
2025-01-01 00:08:17,1.646420310550495,-10.788522577217822,1.1689355226895048,1.123143007,213.0328217,walking,0.09837387237033815,0,0,0
2025-01-01 00:08:18,2.18570679933,-9.78016105039,-0.6983622482420899,0.8879700524,213.0328217,walking,0.3124332577539318,0,0,0
2025-01-01 00:08:19,2.249345462046,-9.55517441249,-0.0566826278745,0.2822763797,213.0328217,walking,0.07605665421571682,0,0,0
2025-01-01 00:08:20,2.1105309303465347,-9.555938225148514,0.161853522876792,0.0,213.0328217,walking,0.026954670579478195,0,0,0
2025-01-01 00:08:21,2.31682962799,-9.51115095976,0.2930201614408,0.0,213.0328217,walking,0.034843298463084316,0,0,0
2025-01-01 00:08:22,2.3165796478600003,-9.51562515565,0.3593921401981,0.0,213.0328217,walking,0.008576348281486745,0,0,0
2025-01-01 00:08:23,2.352152238613862,-9.498210251356436,0.3416637639680198,0.0,213.0328217,walking,0.013938885741205,0,0,0
2025-01-01 00:08:24,2.30721212766,-9.51228410341,0.464699652095,0.0,213.0328217,walking,0.015524540673996225,0,0,0
2025-01-01 00:08:25,2.2067496543267326,-9.528720073118812,0.5727342405455446,0.0,213.0328217,walking,0.0754481642789075,0,0,0
2025-01-01 00:08:26,2.27188558964,-9.49477201997,0.901034788495,0.0,213.0328217,walking,0.09746748751246127,0,0,0
2025-01-01 00:08:27,2.92681266177,-9.15725988024,1.52672915037196,0.0,213.0328217,walking,0.08378768413236062,0,0,0
2025-01-01 00:08:28,2.693976065779307,-9.844207577891089,0.1791773986625743,0.2221152148,197.5646134,walking,0.30873487902149105,1,0,0
2025-01-01 00:08:29,3.4822446349620004,-9.44752127856,1.3365122085862,0.8951045953,182.0964051,walking,0.6801189189147129,0,0,0
2025-01-01 00:08:30,2.2859233978063,-9.46160099943,0.414356341588186,0.7951650472,181.9271987,walking,0.09957227632103968,0,0,0
2025-01-01 00:08:31,2.9219549514502376,-9.985472232356434,0.8305011817340594,1.036819295,179.2480006,walking,0.1723435882281291,0,0,0
2025-01-01 00:08:32,3.1544682495166,-9.74581796743,1.0693432892381,1.171398443,173.5708929,walking,0.5123570525281617,0,0,0
2025-01-01 00:08:33,2.4967928924668,-9.48449139859,0.4882531722529,1.074860403,173.0677639,walking,0.6709881688835767,0,0,0
2025-01-01 00:08:34,4.4441884605257425,-10.319061697663368,0.6453317879674257,0.9209268983,165.3721467,walking,0.12075727880079633,0,0,0
2025-01-01 00:08:35,3.1617042021285,-9.40004450698,0.80782811270731,1.532004595,169.8578332,walking,0.2540762224778857,0,0,0
2025-01-01 00:08:36,2.408258001889,-9.40101299241,0.071057235637242,1.618536792,167.9643208,walking,0.29359970395373497,0,0,0
2025-01-01 00:08:37,3.3173525200234657,-9.880475227841584,0.3184649763695049,1.32744645,170.0517786,walking,0.261556305697652,0,0,0
2025-01-01 00:08:38,3.4001059433705,-9.94221405928,0.1452699096635999,1.167633006,176.6550914,walking,0.5023715629494822,0,0,0
2025-01-01 00:08:39,3.046509750379,-9.96536192309,0.82494052739792,0.9131707542,172.9796905,walking,0.32114186450165877,0,0,0
2025-01-01 00:08:40,2.705593985352475,-9.351857662435645,0.0322645885470297,0.9121213675,179.2487446,walking,0.1331089041694419,0,0,0
2025-01-01 00:08:41,3.8732615112642,-9.996862417844,0.2295042434426999,1.138904324,182.4931433,walking,0.181012621393503,0,0,0
2025-01-01 00:08:42,4.1415386161833565,-10.634381728772276,0.9110500160023765,1.035089544,183.2350146,walking,0.24089587703511764,0,0,0
2025-01-01 00:08:43,3.8023659392897,-8.923730506852001,0.7742364669349,0.8687998921,188.4681249,walking,0.2717031441586396,0,0,0
2025-01-01 00:08:44,2.7649467636074,-9.482401743671,0.29680578918198,0.7435629071,190.1536471,walking,0.34597470957609044,0,0,0
2025-01-01 00:08:45,3.280778081889614,-9.783293161281684,0.5652246094509901,0.763145464,192.6176797,walking,0.11798481185740406,0,0,0
2025-01-01 00:08:46,3.49521366590825,-10.079346889891,0.7151468443509,0.7340407256,198.4328174,walking,0.1868256404181188,0,0,0
2025-01-01 00:08:47,3.3618559844944,-10.044243388539,0.6880307327954399,0.9293970389,200.7395432,walking,0.3028383787531959,0,0,0
2025-01-01 00:08:48,3.725655923918317,-10.017511547220396,1.108645055890396,0.7831028378,202.9860372,walking,0.25023820390225243,0,0,0
2025-01-01 00:08:49,3.16474887100472,-9.122783573809,0.5223642379140001,0.7115680543,206.2147323,walking,0.24609971436644923,0,0,0
2025-01-01 00:08:50,3.1132260132323,-10.257103743103,-0.04656816104215,0.8206794757,209.8208979,walking,0.16929074774631514,0,0,0
2025-01-01 00:08:51,3.853212945127921,-10.836769771831683,0.8592414160205941,0.9097051834,212.4386711,walking,0.2409325853202759,0,0,0
2025-01-01 00:08:52,4.0297685532469,-9.307756919848,0.887788833582,1.088991768,214.7281843,walking,0.1195351019666698,0,0,0
2025-01-01 00:08:53,3.1230470902827,-9.4881198532029,0.622591314678,1.122221543,212.9346363,walking,0.3958962549830935,0,0,0
2025-01-01 00:08:54,2.6592734776953466,-9.715712408621783,0.4719314846264356,1.110984853,211.3208727,walking,0.18585833103666294,0,0,0
2025-01-01 00:08:55,3.2623893264704,-10.00620898155,0.7387153337258,0.8295240534,212.8009609,walking,0.2337128432169903,0,0,0
2025-01-01 00:08:56,3.5925174404220797,-10.071507677105446,0.30643059613,0.3754109802,216.4715654,walking,0.3606551128609597,0,0,0
2025-01-01 00:08:57,3.6425911926832,-9.99107096091,1.53769833989949,0.0455303363,216.4715655,walking,0.22921446474133414,0,0,0
2025-01-01 00:08:58,3.1190683639127004,-9.2515188675525,0.2645388886521,0.3769789417,225.0383937,walking,0.0969865599498747,0,0,0
2025-01-01 00:08:59,3.644721752299703,-10.029308796427822,-0.0628322109902574,0.164496626,262.32546315,walking,0.1927360050144655,0,0,0
2025-01-01 00:09:00,4.0833975311669,-10.76996125049,1.01042880245682,0.6538075368,299.6125326,walking,0.22278733484862875,0,0,0
2025-01-01 00:09:01,3.8111421889364,-9.127229328579,0.8312050002913999,1.20834379,243.0163493,walking,0.24587493069929192,0,0,0
2025-01-01 00:09:02,2.984031308606668,-9.232975176971287,0.4001135041189406,0.6954560317,234.4193295,walking,0.4012657397695681,0,0,0
2025-01-01 00:09:03,3.2240420698656,-9.847106336771,0.5698410094084,0.7884741603,224.6175396,walking,0.21937269781968805,0,0,0
2025-01-01 00:09:04,3.678959564372099,-10.279488194426898,0.6515545852023,1.209599075,231.5604917,walking,0.15507346351347398,0,0,0
2025-01-01 00:09:05,3.5253116509537628,-9.80776059710099,0.8383857758231752,1.505048361,223.4961508,walking,0.3698035187562133,0,0,0
2025-01-01 00:09:06,4.00648746629337,-9.709548390103,1.4373574997845,1.120603523,214.4587079,walking,0.17715283037797921,0,0,0
2025-01-01 00:09:07,2.75100774998529,-9.197609971531,-0.4916885284384,1.287577929,226.6247074,walking,0.10150981681748836,0,0,0
2025-01-01 00:09:08,4.184617844424753,-10.52126892849505,0.6736036893748514,1.299846164,237.5621364,walking,0.2548322608756222,0,0,0
2025-01-01 00:09:09,3.9459862792652,-10.2707119445428,1.0683628281102,1.275856503,228.1718395,walking,0.257285587727464,0,0,0
2025-01-01 00:09:10,3.6659695770138,-8.930394648666,1.0108643966597,1.295056921,225.5674106,walking,0.3287559516103622,0,0,0
2025-01-01 00:09:11,3.092296269426139,-9.618325816261782,0.4115224523767327,0.9810267882,205.9225383,walking,0.26383593188624865,0,0,0
2025-01-01 00:09:12,3.62270953671582,-9.7864285171671,0.5942836808098,0.9595043288,214.5099908,walking,0.20042807406466903,0,0,0
2025-01-01 00:09:13,4.085643958663762,-9.991265630432672,0.7780108309320791,1.270324443,214.2577733,walking,0.1716400687536472,0,0,0
2025-01-01 00:09:14,3.7752647966732,-9.74925482066,0.6661671981500299,1.265632511,203.3710117,walking,0.33056135249978946,0,0,0
2025-01-01 00:09:15,4.3476100983756,-9.35761523903,1.3514406646862,1.275951145,210.3655749,walking,0.17963925270645642,0,0,0
2025-01-01 00:09:16,3.4225021769495054,-9.386388330485149,-0.3907038637597029,1.201834274,216.615556,walking,0.1712130886209515,0,0,0
2025-01-01 00:09:17,4.8570861375,-10.6497163015,1.2883902786193,1.152446777,215.0539647,walking,0.27245968557619854,0,0,0
2025-01-01 00:09:18,4.2598146697222,-8.913505269869999,1.29009822698803,1.090021419,213.4733879,walking,0.3089412780424686,0,0,0
2025-01-01 00:09:19,3.576100589201683,-9.176794480544554,0.2146254662090099,0.980330622,215.2667535,walking,0.3629781804395745,0,0,0
2025-01-01 00:09:20,4.318759094293,-9.57492883279,0.6170992354995599,1.070071565,218.9191153,walking,0.2950517265503268,0,0,0
2025-01-01 00:09:21,4.487160402002901,-9.2896311128206,0.7486786148285001,1.102337905,228.3005784,walking,0.3917085050347705,0,0,0
2025-01-01 00:09:22,4.594391458402871,-9.618284318148714,1.2645955075809403,1.356278408,231.7013818,walking,0.29537924322535325,0,0,0
2025-01-01 00:09:23,3.2912493118326,-9.0073092041477,-0.30545929409726,1.177405035,231.1875125,walking,0.058018099701934514,0,0,0
2025-01-01 00:09:24,4.6557503174428,-10.212489020045,0.8899413573624,1.238471818,228.3196132,walking,0.2992198367680962,0,0,0
2025-01-01 00:09:25,4.7233223550097625,-9.6557198376,1.0400713190708772,1.283635511,223.7963812,walking,0.2712699164953145,0,0,0
2025-01-01 00:09:26,3.861504959075,-8.864555561652,0.6703959046241789,1.191207649,214.3959871,walking,0.4137434506437738,0,0,0
2025-01-01 00:09:27,3.663678865141782,-9.3411734442702,0.5236778379899009,1.178848951,210.5022101,walking,0.16850945912696252,0,0,0
2025-01-01 00:09:28,4.2944900618920006,-9.5878005659709,0.6975674010897,1.171565468,209.4269445,walking,0.16020476575958603,0,0,0
2025-01-01 00:09:29,4.0782093201828005,-9.676664772111,0.5077471343360999,1.074314202,215.8492319,walking,0.2502601761958868,0,0,0
2025-01-01 00:09:30,4.187150696056634,-9.606063197514654,1.0631130075668316,1.013973942,216.7940114,walking,0.2391485129972889,0,0,0
2025-01-01 00:09:31,4.610737422130501,-9.3883148987873,1.0799217911981,1.350997946,218.2893421,walking,0.2546257887630321,0,0,0
2025-01-01 00:09:32,3.58283994600463,-9.325209128109,-0.580314729329,1.190221408,215.8792201,walking,0.10017688760097249,0,0,0
2025-01-01 00:09:33,4.750871007882475,-10.578736058316832,1.0260005792248712,1.184550153,214.6763333,walking,0.1899119214221415,0,0,0
2025-01-01 00:09:34,4.2545680801339,-9.7783737667133,0.8186985077566099,1.237466507,211.8376542,walking,0.22010769429235486,0,0,0
2025-01-01 00:09:35,3.8385052872456,-8.859732591271001,0.8289297318388,1.508923616,218.9892981,walking,0.40812420307531677,0,0,0
2025-01-01 00:09:36,3.558330611367129,-9.186131499747525,0.3391694459908911,1.440239782,218.6928204,walking,0.3063326742625399,0,0,0
2025-01-01 00:09:37,4.0871996243716,-9.6790493134843,0.5992683150891001,0.8291513829,213.4689182,walking,0.26147568441654667,0,0,0
2025-01-01 00:09:38,4.2320384308212,-9.8929006071467,0.5521463058798,1.15791387,220.447434,walking,0.16401183640667932,0,0,0
2025-01-01 00:09:39,4.106126118104851,-9.596254881162178,0.7129421815909902,1.275979905,220.0704123,walking,0.2935987573380845,0,0,0
2025-01-01 00:09:40,4.4110481782014,-9.56756414783,1.2406575394727,1.955122704,222.5111164,walking,0.22834729542022175,0,0,0
2025-01-01 00:09:41,3.4652405297892077,-8.953104695199405,-0.5429387747989108,1.195453201,219.110066,walking,0.1629179106942268,0,0,0
2025-01-01 00:09:42,4.8826993743450995,-10.579841606097,0.852420382565,1.351328424,213.6179319,walking,0.251843681369432,0,0,0
2025-01-01 00:09:43,4.4324327086544,-10.1838835052214,0.9749959855106,1.358258591,214.3903404,walking,0.3617007683048444,0,0,0
2025-01-01 00:09:44,4.296245614211584,-8.664381830175722,0.7586846834317822,1.39311001,213.6552427,walking,0.27742970442033893,0,0,0
2025-01-01 00:09:45,3.4777973832482,-9.196497784449,0.31530432126824,1.210497504,215.4321912,walking,0.2959541595750184,0,0,0
2025-01-01 00:09:46,4.0073885926155,-9.5534275453867,0.6113122696391,1.14869184,211.0324116,walking,0.15014510977942883,0,0,0
2025-01-01 00:09:47,4.270780747049604,-9.750868508875644,0.4806490002011881,1.18260489,203.5821312,walking,0.2024837974563719,0,0,0
2025-01-01 00:09:48,4.4966222261494195,-9.23398882126,0.8578376173114001,1.197180582,207.8761886,walking,0.24784006525131633,0,0,0
2025-01-01 00:09:49,4.5347150114824,-9.414862193239,1.0252045760549,1.170458948,215.6910497,walking,0.12490816761293493,0,0,0
2025-01-01 00:09:50,3.78016188508703,-9.116524762303763,-0.3227881645200099,1.032965161,219.601418,walking,0.10020727678056864,0,0,0
2025-01-01 00:09:51,5.1440244461747,-10.40119859642,0.9865714140732,1.077135943,224.3882434,walking,0.12275258446817691,0,0,0
2025-01-01 00:09:52,4.192861098556634,-9.528715626762375,0.8022707782454555,1.252278541,223.6299661,walking,0.1554251730471648,0,0,0
2025-01-01 00:09:53,3.9069908706528,-8.792727429453999,0.7211658281025,1.339877408,224.6926,walking,0.5189883781161712,0,0,0
2025-01-01 00:09:54,3.9632034759473,-9.20629790494,0.22159020076265,1.03890033,223.5213953,walking,0.12885561376384905,0,0,0
2025-01-01 00:09:55,4.282853661023366,-9.35884412390099,0.1389407742121782,0.9964510321,226.8865641,walking,0.7329533423440904,0,0,0
2025-01-01 00:09:56,4.568034223962,-9.3217722747,1.0849034316973,1.0039363,232.051764,walking,0.2947177913306185,0,0,0
2025-01-01 00:09:57,4.5079701280314,-9.27015661033,0.6879244537153001,0.5549695629,237.0368923,walking,0.15684541302165275,0,0,0
2025-01-01 00:09:58,4.200474474284158,-9.282193124316832,-0.3499544442339802,0.442292654,294.5396226,walking,0.39093779956899094,0,0,0
2025-01-01 00:09:59,5.049817849754,-9.75203304321,0.5394601867295999,1.177714449,297.9060693,walking,0.06737588169567502,0,0,0
2025-01-01 00:10:00,4.697003031874,-8.67454968113,0.5205095947435,0.9215130538,301.9561473,walking,0.4549992639455758,0,0,0
2025-01-01 00:10:01,3.6970298086405937,-9.136520804326732,0.0689294327077624,0.6483360234,290.4285024,walking,0.17011774833829493,0,0,0
2025-01-01 00:10:02,4.0919851731070995,-9.53911281251,0.48843579251872,0.4124552983,279.2638766,walking,0.24771461933881966,0,0,0
2025-01-01 00:10:03,5.0563248185026,-9.41703866728,0.52823353276168,0.6427903192,269.122925,walking,0.2128447143507841,0,0,0
2025-01-01 00:10:04,3.4961712585473266,-9.646538434683167,1.4867380153351486,0.4293055678,181.455077,walking,0.45363592910635464,0,0,0
2025-01-01 00:10:05,-0.2213596802164,-9.43546085791,2.3347413803729,0.2478500036,178.9643686,walking,0.18788535578611798,0,0,0
2025-01-01 00:10:06,0.9653944321520792,-10.657959925732673,2.1563816229142576,0.3179468922,204.4348141,walking,0.28781263732495305,0,0,0
2025-01-01 00:10:07,1.8479835983211,-9.83447859628,2.2466046615015,0.1865390558,204.4347868,walking,0.5942161143327546,0,0,0
2025-01-01 00:10:08,2.6399581786876003,-8.82538052666,1.66977917634991,0.5205881407,208.214461,walking,0.7029996349567972,0,0,0
2025-01-01 00:10:09,6.898667019399009,-5.93323405350495,3.0377384358650494,0.6422211568,240.6273496,walking,1.4362232528184846,0,0,0
2025-01-01 00:10:10,-1.2611768691914,2.6314558593438,9.25003694902,0.5485185306,228.9229007,walking,0.8483153500305204,0,0,0
2025-01-01 00:10:11,-1.271843687402521,4.694973252880001,8.30576607058,0.5457336362,20.08489557,walking,0.3503380692059834,0,0,0
2025-01-01 00:10:12,-1.0364239532357429,5.807157617,7.737407008990099,0.06653883182,31.32673994,walking,0.18731488597574253,0,0,0
2025-01-01 00:00:01,-1.27896887054944,2.368440802014,9.49493518067,0.4199999869,21.4453125,walking,0.22711785968190812,0,0,0
2025-01-01 00:00:02,-2.0838566966483167,3.0672938069465348,9.422469240900991,0.200000003,30.76171875,walking,0.04774171467958838,0,0,0
2025-01-01 00:00:03,-0.8141255172519,2.92484575198,9.16806890252,0.200000003,40.078125,walking,0.07855086843328288,0,0,0
2025-01-01 00:00:04,-1.1591699935712,2.7642716674899996,8.93451857293,0.2599999905,39.7265625,walking,0.1027547608750311,0,0,0
2025-01-01 00:00:05,-0.6072589806341783,1.9559513900366337,9.763746185049506,0.6899999976,24.2578125,walking,0.1583273073291552,0,0,0
2025-01-01 00:00:06,-0.843457022102128,2.0660366546630997,9.92009755054,0.6899999976,14.4140625,walking,0.0918947904920477,0,0,0
2025-01-01 00:00:07,-1.0895827011136,2.39411391446,8.97824863572,0.5099999905,22.5,walking,0.08799847101087997,0,0,0
2025-01-01 00:00:08,-1.297999805418614,1.4901052705265343,9.391206529148516,0.5099999905,22.1484375,walking,0.09720760273874819,0,0,0
2025-01-01 00:00:09,-0.9169362213072,1.2510848556642,9.89256680139,0.5099999905,23.5546875,walking,0.08176161824177597,0,0,0
2025-01-01 00:00:10,-1.3139216462722774,1.425728746173995,9.88576175930693,1.059999943,22.5,walking,0.06471785145906647,0,0,0
2025-01-01 00:00:11,-0.7228318633947001,1.02343525545138,9.89438402261,1.059999943,16.5234375,walking,0.03779994899382366,0,0,0
2025-01-01 00:00:12,-0.52122510680418,1.2004960556065,9.2420495592,0.6499999762,20.0390625,walking,0.10331324131624992,0,0,0
2025-01-01 00:00:13,-0.3828741062260594,1.2979019890209902,9.544409229356436,0.6499999762,14.4140625,walking,0.11941618852929682,0,0,0
2025-01-01 00:00:14,-0.34382151948775,1.3787828063538,9.72029454373,0.6499999762,14.41406437,walking,0.1543849511220188,0,0,0
2025-01-01 00:00:15,-0.7944788727005601,1.07712710264461,10.02550086389,0.5799999833,19.33593972,walking,0.18997441035162058,0,0,0
2025-01-01 00:00:16,-0.8728260380223762,1.3574573508670296,9.83628593181188,0.9200000167,17.22656564,walking,0.05103629759102314,0,0,0
2025-01-01 00:00:17,-1.1551733047295,1.63071940152128,9.63436573328,1.029999971,18.28125373,walking,0.0554495811963945,0,0,0
2025-01-01 00:00:18,-1.15124098205893,2.05167551877,9.1054436326,0.9300000072,28.12500506,walking,0.055069207342946,0,0,0
2025-01-01 00:00:19,-0.905504123170604,1.5745371193526734,9.433014144039603,0.9300000072,39.30548096,walking,0.09479026401796088,0,0,0
2025-01-01 00:00:20,-1.0023575866541,1.0571541366987,9.74988800337,0.4799999893,39.30548096,walking,0.13748591151111678,0,0,0
2025-01-01 00:00:21,-0.8079673233161,1.0756915878275,10.01304825878,1.129999995,39.30548096,walking,0.08365021882892365,0,0,0
2025-01-01 00:00:22,-0.8393609754947229,0.6811933521372872,10.081059596059406,1.360000014,39.30548096,walking,0.12031759690106782,0,0,0
2025-01-01 00:00:23,-0.54453912508351,0.78006833954109,9.44901666866,1.129999995,39.30548096,walking,0.12979920383219357,0,0,0
2025-01-01 00:00:24,-0.5487129060305941,0.6528325267957822,9.47725827649505,0.8600000143,39.30548096,walking,0.22399603875931215,0,0,0
2025-01-01 00:00:25,-0.19084563447456,0.38218374478743,9.75009307699,0.8600000143,39.30548096,walking,0.061663338567861006,0,0,0
2025-01-01 00:00:26,-0.62001367497599,0.5209900955407,10.04846910074,1.409999967,62.57813945,walking,0.2038972208855856,0,0,0
2025-01-01 00:00:27,-0.5305457343918811,0.2893127275097722,9.927713134881188,1.409999967,39.30548096,walking,0.04453903933839066,0,0,0
2025-01-01 00:00:28,-0.30833331759186,0.6052094604638,9.88073390835,1.110000014,39.30548096,walking,0.10277096187525765,0,0,0
2025-01-01 00:00:29,-0.32851734465646,0.4483042465319,9.54970328955,0.6899999976,39.30548096,walking,0.06187640596605237,0,0,0
2025-01-01 00:00:30,-0.5785217103727722,0.739324448090198,9.580928831108912,0.5,39.30548096,walking,0.0439406246109804,0,0,0
2025-01-01 00:00:31,-0.7192992095777,0.73188354032777,9.60515697348,0.6399999857,39.30548096,walking,0.03625202252658579,0,0,0
2025-01-01 00:00:32,-0.6691549850455399,0.4677098922636,9.92651470629,0.7599999905,39.3223877,walking,0.11496700327773064,0,0,0
2025-01-01 00:00:33,-0.8225632333073267,0.8842750020578714,9.895319606732674,0.7599999905,39.3223877,walking,0.10377435519580706,0,0,0
2025-01-01 00:00:34,-0.6867284408704499,0.8357749969029,9.89806786197,0.6323040839,39.3223877,walking,0.04378417710415696,0,0,0
2025-01-01 00:00:35,-0.5366954361330201,0.6465070816009999,9.82878294045,0.4952122111,39.3223877,walking,0.02478381289355245,0,0,0
2025-01-01 00:00:36,-0.7249617412351484,0.8770810510148515,9.62362568621782,1.062260152,39.3223877,walking,0.042318948738688626,0,0,0
2025-01-01 00:00:37,-0.462153446952493,1.2894710311984,9.45092370282,0.701247142,39.3223877,walking,0.08146705566416937,0,0,0
2025-01-01 00:00:38,-0.7034851149398911,0.981351842593396,9.613266040950494,0.8588333861,39.3223877,walking,0.08981207414053988,0,0,0
2025-01-01 00:00:39,-0.7723653579819999,0.3317730743319,10.20770646511,0.7960501037,39.3223877,walking,0.08219002310083733,0,0,0
2025-01-01 00:00:40,-0.7720719680739001,0.5245661590571999,9.9352535338,0.8302846278,39.3223877,walking,0.10049032573446162,0,0,0
2025-01-01 00:00:41,-0.8382909234611882,0.3603807823029406,9.68167823250495,0.4526125115,39.3223877,walking,0.09625644254026602,0,0,0
2025-01-01 00:00:42,-0.960322000126346,0.43213337403932,9.31785641825,0.8572659417,39.3223877,walking,0.13368418401537882,0,0,0
2025-01-01 00:00:43,-1.1387778991787,0.40923249665403,9.58862235709,0.1527726555,39.3223877,walking,0.031121298554051994,0,0,0
2025-01-01 00:00:44,-0.7323453967086139,0.404798316608396,9.975343789752475,0.2612648135,39.3223877,walking,0.13050501150933572,0,0,0
2025-01-01 00:00:45,-1.0347532196185,0.5096451874038,10.0346857634,0.6377917776,39.3223877,walking,0.08885876577010426,0,0,0
2025-01-01 00:00:46,-0.8381236129605899,0.6397995300453,9.87594835961,0.770481475,39.3223877,walking,0.045968414671722156,0,0,0
2025-01-01 00:00:47,-0.8280424333720792,0.9045956164701684,9.383541281029704,1.45763667,39.3223877,walking,0.09388128722821329,0,0,0
2025-01-01 00:00:48,-0.9040375442432,0.9733838378766,9.50566187436,1.292894166,39.3223877,walking,0.17117783487082855,0,0,0
2025-01-01 00:00:49,-0.8136809418175,0.3120590698232,10.00728823713,1.284369211,39.3223877,walking,0.0837726485016885,0,0,0
2025-01-01 00:00:50,-1.406009850832079,0.1837732870628713,10.15647158757426,1.005620669,39.3223877,walking,0.1308316915862411,0,0,0
2025-01-01 00:00:51,-0.8662082107825999,0.7065921340671101,9.82321002987,0.6947561402,39.3223877,walking,0.15013215316956063,0,0,0
2025-01-01 00:00:52,-0.6713761433678218,1.3300702433465348,9.124748749455446,0.5703344963,219.3223877,walking,0.06777974154360818,0,0,0
2025-01-01 00:00:53,-0.8029527511508,1.146754811098607,9.53015993055,0.9345308958,219.3223877,walking,0.034378829993080624,0,0,0
2025-01-01 00:00:54,-0.63522204895505,1.08712181851029,9.7602359848,0.8977210673,219.3223877,walking,0.11329391524306985,0,0,0
2025-01-01 00:00:55,-0.7608529466335643,1.2304249814371286,9.90386816639604,0.891859378,219.3223877,walking,0.0861074683492805,0,0,0
2025-01-01 00:00:56,-0.5682483215009,1.059119549532,9.90592951358,0.06106894649,219.3223877,walking,0.06653322265880797,0,0,0
2025-01-01 00:00:57,-0.8573047256262,1.7860439025724,9.56226367022,0.5138007283,219.3223877,walking,0.08345462580779522,0,0,0
2025-01-01 00:00:58,-0.966535623398911,1.0150703385082178,9.641056270841585,0.03728318709,219.3223877,walking,0.15357738222622158,0,0,0
2025-01-01 00:00:59,-0.6143629257141501,0.7798617690967,9.54295831599,0.114614209,219.3223877,walking,0.04219618809483597,0,0,0
2025-01-01 00:01:00,-0.61385398407745,0.7558142761131,9.52880973809,0.1148964933,219.3223877,walking,0.06062803639219418,0,0,0
2025-01-01 00:01:01,-0.8026976134240594,0.261080841967901,9.799967891306933,0.1021591705,219.3223877,walking,0.047795006510506576,0,0,0
2025-01-01 00:01:02,-0.8079718139527,0.9745529067683,10.01789967028,0.3930300905,39.35754395,walking,0.08607007174499362,0,0,0
2025-01-01 00:01:03,-0.59933717193647,0.7467820587124,9.84863166495,0.684854571,39.35754395,walking,0.1637590791891287,0,0,0
2025-01-01 00:01:04,-0.8546974000929703,0.9211339969527724,9.828339091178218,0.7549423326,39.35754395,walking,0.014108603574460787,0,0,0
2025-01-01 00:01:05,-0.6455206329648501,0.46818739929649,9.47018564761,0.8534234051,39.35754395,walking,0.19377890977327056,0,0,0
2025-01-01 00:01:06,-0.4211410643494059,0.1578771383185148,9.588190957287129,1.237848172,39.35754395,walking,0.04141212334245416,0,0,0
2025-01-01 00:01:07,-0.48246920010968,0.47639632876327,9.57282870026,0.6591486238,39.35754395,walking,0.12301852007797448,0,0,0
2025-01-01 00:01:08,-0.40517593231747,0.33411270905392,9.85753664726,0.6475517035,39.35754395,walking,0.055943498810097685,0,0,0
2025-01-01 00:01:09,-0.4650235725643564,0.4286625520276237,9.967853425445544,0.9365635229,317.8585226,walking,0.15716259412141528,0,0,0
2025-01-01 00:01:10,-0.3916949660961999,0.3773323333697,9.91485994236,0.6239531495,307.5712521,walking,0.08855673645406802,0,0,0
2025-01-01 00:01:11,-0.4263868240149,0.3667463470656,9.96136523466,0.2887232853,317.94980645,walking,0.05966656241866083,0,0,0
2025-01-01 00:01:12,-0.3760506718741386,0.167227496190898,9.857340169049506,0.5450346746,328.3283608,walking,0.3306851000961398,0,0,0
2025-01-01 00:01:13,-0.5614644287101,0.43003473816838,9.777089438,0.6340974758,332.7491461,walking,0.19322824262153596,0,0,0
2025-01-01 00:01:14,-0.48285689392382,0.415657136542679,9.33035392901,0.32406786,343.675561,walking,0.13070945368377326,0,0,0
2025-01-01 00:01:15,-0.3233098519358416,0.3081823987413564,9.711961298356435,0.6917903557,354.6019759,walking,0.11398938475630205,0,0,0
2025-01-01 00:01:16,-0.2993924102587,0.4774845657088,9.75541451115,0.9434197529,342.6975607,walking,0.3639412163874179,0,0,0
2025-01-01 00:01:17,-0.6007532272257,0.3288990509056699,9.77763280777,0.5962770143,332.3164453,walking,0.19630262572177504,0,0,0
2025-01-01 00:01:18,-0.698981114743703,-0.1158635160186138,9.755310262594058,0.281835782,202.28541962,walking,0.057072763739252526,0,0,0
2025-01-01 00:01:19,-0.94079660338657,0.32587683563672,9.83225571901,0.2915496562,72.25439394,walking,0.1161225684790449,0,0,0
2025-01-01 00:01:20,-0.7240962143375743,0.4867595604614851,9.929807295168317,0.6392196732,134.6373844,walking,0.09475759304075694,0,0,0
2025-01-01 00:01:21,-0.48245872190866,0.2237307495181,10.16888319858,0.667290864,156.9240613,walking,0.06590664536611728,0,0,0
2025-01-01 00:01:22,-0.4653373260386,0.155869367992954,9.55282879031,0.7732809667,165.5710205,walking,0.10865917743648637,0,0,0
2025-01-01 00:01:23,-0.0550513616766336,0.3404662542130692,9.82556318079208,0.164353572,169.8066647,walking,0.19275064369841222,0,0,0
2025-01-01 00:01:24,-0.7231941101161801,0.71813762510152,9.73152718488,0.1417476045,169.8066648,walking,0.1541223610787133,0,0,0
2025-01-01 00:01:25,-0.5893978408713,0.9599163437037,9.69953571149,0.4265574941,147.3456162,walking,0.0641222067002758,0,0,0
2025-01-01 00:01:26,-0.5493086967848515,0.9224248769267328,9.77675576539604,0.2613784926,143.0408967,walking,0.025418884558557873,0,0,0
2025-01-01 00:01:27,-0.851550691255,0.855908129881,9.66343977368,0.0,118.1250636,walking,0.0467543049386351,0,0,0
2025-01-01 00:01:28,-0.936572387715,0.700600094574,9.74095458067,0.1822817737,118.1250657,walking,0.10445471774844982,0,0,0
2025-01-01 00:01:29,-0.696618700690099,0.53963376639901,9.768522885762376,0.0,118.1250634,walking,0.022043160886489718,0,0,0
2025-01-01 00:01:30,-0.5714591445930001,0.494032653813,9.79063027957,0.0,118.1250634,walking,0.050189810316075716,0,0,0
2025-01-01 00:01:31,-0.5463623336762999,0.666321377552,9.73994567858,0.0,118.1250634,walking,0.037402157074514344,0,0,0
2025-01-01 00:01:32,-0.8287390046290495,0.6586807613475247,9.767620307237625,0.0,118.1250634,walking,0.202886414462612,1,0,0
2025-01-01 00:01:33,-0.4770190338134,1.274527606206,9.7064513305,0.0,118.1250634,walking,0.03907479222217811,1,0,0
2025-01-01 00:01:34,-0.641422096480198,1.2969949642970298,9.702037380712872,0.08216522147,118.1250726,walking,0.03253409839281041,1,0,0
2025-01-01 00:01:35,-0.591985958863,1.35543136594,9.695098938,0.0,118.1250722,walking,0.012424643436093953,1,0,0
2025-01-01 00:01:36,-0.51977462311,1.43544447785,9.67513794708,0.0,118.1250722,walking,0.01463308512800581,1,0,0
2025-01-01 00:01:37,-0.5246011654722772,1.3727552417722773,9.665187278138614,0.0,118.1250722,walking,0.021095681229015922,1,0,0
2025-01-01 00:01:38,-0.657365501405,1.223260716288,9.76734470212,0.0,118.1250722,walking,0.06719539579044627,1,0,0
2025-01-01 00:01:39,-0.777942759691,1.232170188927,9.62878683472,0.0,118.1250722,walking,0.05439527286024825,1,0,0
2025-01-01 00:01:40,-0.914223120656089,0.5827959902874257,9.779007024534652,0.0,159.3016204,walking,0.1478084453055858,1,0,0
2025-01-01 00:01:41,-0.842476560981,0.627501104742,9.74237063594,0.0448684994,159.301622,walking,0.05916611632869896,1,0,0
2025-01-01 00:01:42,-0.9078186813214,0.27633136596265,9.7303281786,0.0,159.3016214,walking,0.05603888098229976,1,0,0
2025-01-01 00:01:43,-0.8351089266041584,0.3787999053008713,9.74980586750495,0.03222503724,159.3016217,walking,0.06828151908732095,1,0,0
2025-01-01 00:01:44,-0.855039935266,0.4587525192255999,9.79845301202,0.1096726664,159.3016243,walking,0.02405856951079817,1,0,0
2025-01-01 00:01:45,-0.917267033416,0.4153412933429999,9.72892110449,0.09213226338,159.3016238,walking,0.019743442051266723,1,0,0
2025-01-01 00:01:46,-0.894762104889109,0.4028271680821783,9.762932530851485,0.0,159.3016236,walking,0.0045766866472447,1,0,0
2025-01-01 00:01:47,-0.8704458984410001,0.442548715209,9.74694811707,0.0,308.8893433,walking,0.02615797832363982,1,0,0
2025-01-01 00:01:48,-0.8873888238633664,0.4244105031267327,9.762302652544554,0.0,308.8893433,walking,0.02073174577174894,1,0,0
2025-01-01 00:01:49,-1.014085697931,0.3665337890648,9.7990637422,0.0,234.09548345,walking,0.03999647077034074,1,0,0
2025-01-01 00:01:50,-0.8304370971509999,0.632746197509,9.69040769336,0.0,159.3016236,walking,0.028945630257911747,1,0,0
2025-01-01 00:01:51,-0.8774574959475249,0.6768597895524753,9.739215019960396,0.05989330443,128.8893585,walking,0.026466008090881735,1,0,0
2025-01-01 00:01:52,-0.821214775074,0.6503870132430001,9.75620486755,0.0,128.8893585,walking,0.028567266319685976,1,0,0
2025-01-01 00:01:53,-0.77649976044,0.655708447262,9.77584552459,0.0,128.8893585,walking,0.0029641402122909744,1,0,0
2025-01-01 00:01:54,-0.7597236119554456,0.6475637802247525,9.743268471831684,0.0,128.8893585,walking,0.024106032361170853,1,0,0
2025-01-01 00:01:55,-0.776653939821,0.566929563904,9.73864338685,0.0,144.0954939,walking,0.012493610126400784,1,0,0
2025-01-01 00:01:56,-0.82227307434,0.536659510805,9.76268339529,0.0,159.3016293,walking,0.027410156173139136,1,0,0
2025-01-01 00:01:57,-0.8400249413247526,0.6188146534524752,9.75829218040594,0.0,128.8893585,walking,0.007607409707279579,1,0,0
2025-01-01 00:01:58,-0.7848464035070001,0.593240350346,9.7466652053,0.0,159.3016293,walking,0.01655238486166161,1,0,0
2025-01-01 00:01:59,-0.743598179623,0.59527761383,9.75405683446,0.0,159.3016293,walking,0.009776529082925266,1,0,0
2025-01-01 00:02:00,-0.7429332801049504,0.5353965381574258,9.76727943189109,0.0,308.8893433,walking,0.00590700923537238,1,0,0
2025-01-01 00:02:01,-0.8504983795409999,0.598394132995,9.73801469426,0.0,159.3016293,walking,0.01144419310889617,1,0,0
2025-01-01 00:02:02,-0.9611275625553464,1.1727192385980196,9.830520693435645,0.0,159.3016293,walking,0.13626418318286215,1,0,0
2025-01-01 00:02:03,-1.3396212432944,0.8613822464048,9.62853386071,0.0,159.3016293,walking,0.11357319116456538,1,0,0
2025-01-01 00:02:04,-0.63571003417241,0.3510290313363999,9.49517019171,0.1265693243,308.8893433,walking,0.16704656897754408,1,0,0
2025-01-01 00:02:05,-0.4456173932635643,0.3224635919445544,9.78835738218812,0.4733282972,308.8893433,walking,0.09293099009802532,1,0,0
2025-01-01 00:02:06,0.0673404647602,0.3236734176831,10.22523351757,1.001606875,308.8893433,walking,0.07946848300561435,0,0,0
2025-01-01 00:02:07,-0.0121008361786399,0.5167209732095001,9.93161460088,1.440886931,308.8893433,walking,0.06373105643339687,0,0,0
2025-01-01 00:02:08,0.1139575784344059,0.6447656385974257,9.296290541534654,1.399314676,27.30686819,walking,0.03432324534089468,0,0,0
2025-01-01 00:02:09,0.094892170712,0.51418973696538,9.72803345046,1.127421941,15.16414826,walking,0.1457143791292801,0,0,0
2025-01-01 00:02:10,0.2412967209261999,0.5313740020872,9.82996997241,0.9345786488,7.056717203,walking,0.08333840167837483,0,0,0
2025-01-01 00:02:11,-0.0952361139041455,0.4179338723319802,10.061632667663366,0.9554473658,9.219360978,walking,0.11401172258966259,0,0,0
2025-01-01 00:02:12,-0.337028645298314,-0.16375197602371,9.98218543836,1.2217396,10.91313664,walking,0.10783499874257761,0,0,0
2025-01-01 00:02:13,-0.5598313692223367,0.4540577622164356,9.792203345237624,1.165031849,10.55424121,walking,0.2530372336111476,0,0,0
2025-01-01 00:02:14,-0.91601413881008,0.7870827530143301,9.35914206389,1.075925249,19.1511197,walking,0.05006608648672757,0,0,0
2025-01-01 00:02:15,-1.1338740966443,0.5147585540754099,9.40885967534,0.9389148239,22.77403866,walking,0.13183141802752235,0,0,0
2025-01-01 00:02:16,-1.187611043168515,-0.3643186331612277,9.835451528831683,1.269283329,24.36924877,walking,0.1712910269281108,0,0,0
2025-01-01 00:02:17,-1.3543536071836,-0.7026643020843,10.06890610221,1.279010032,23.05475149,walking,0.14214031231777105,0,0,0
2025-01-01 00:02:18,-0.49145351715391,-0.65254702144278,9.99731298051,1.257620306,28.54847581,walking,0.1302373438637682,0,0,0
2025-01-01 00:02:19,-0.7835478315872376,-0.2611801403994059,9.368636137633665,0.926834128,27.66007481,walking,0.29350503151922347,0,0,0
2025-01-01 00:02:20,-0.6794445877145,-0.6064563675226,9.48540150617,1.225907756,21.00028691,walking,0.23281928779644506,0,0,0
2025-01-01 00:02:21,-0.8889264678765,-0.7421776336869,9.77994998937,1.408414523,23.02582373,walking,0.1769174588488705,0,0,0
2025-01-01 00:02:22,-1.057982093150297,-0.8963286492636634,10.140041398108911,1.084192449,22.74746714,walking,0.19447936552210335,0,0,0
2025-01-01 00:02:23,-0.5386967743262,-0.4343278107109,9.73614657867,1.074317667,27.80171732,walking,0.08705534391862048,0,0,0
2025-01-01 00:02:24,-0.7619110977342,-0.4655798217572,9.57847046805,1.001415912,34.89904491,walking,0.04494559397535196,0,0,0
2025-01-01 00:02:25,-0.6533290191067326,-0.4735899171618812,9.49392559680198,1.125902209,38.2755798,walking,0.0529120410286828,0,0,0
2025-01-01 00:02:26,-0.33063693696783,-0.710196638494,9.72548425127,1.126648286,45.62568286,walking,0.1587207684772696,0,0,0
2025-01-01 00:02:27,-0.5782327074334257,-0.5820179053717821,10.208847819544554,0.9611883932,52.73341469,walking,0.05351683983506493,0,0,0
2025-01-01 00:02:28,-0.4452281433471,-0.6500951202694,9.81502654743,0.8343786142,58.06081989,walking,0.10514046823539273,0,0,0
2025-01-01 00:02:29,-0.3320949050821,-0.7319179687749999,9.49304311494,0.479276279,105.7411361,walking,0.04652891494797977,0,0,0
2025-01-01 00:02:30,-0.3988922814052476,-0.8461058603299209,9.667727540881188,0.734604185,158.2309132,walking,0.08334317943440975,0,0,0
2025-01-01 00:02:31,-0.68493516999115,-0.7451115326204,10.10929062193,1.204767743,166.5115561,walking,0.16362071884393678,0,0,0
2025-01-01 00:02:32,-0.0089633605938,-0.5421141678165999,9.60594583313,1.151532837,180.6086812,walking,0.23293335956456498,0,0,0
2025-01-01 00:02:33,-0.4965293430912664,-0.7334643569667129,9.596017750495047,0.2157949495,130.8906467,walking,0.20362246712482632,0,0,0
2025-01-01 00:02:34,-0.455859036277,-0.4783767105250199,9.72265513439,1.249463278,57.57260507,walking,0.07676823743267802,0,0,0
2025-01-01 00:02:35,-1.1844628967306,-0.4751209808152,9.71026689626,2.85976698,44.35543416,walking,0.25987073326805,0,0,0
2025-01-01 00:02:36,-0.7672154583446326,-0.6093383199886139,9.980059725475249,1.559953441,56.05275861,walking,0.10458457262863062,0,0,0
2025-01-01 00:02:37,-0.5272201400951,-0.83893642275407,9.98723144547,1.113502531,60.06328384,walking,0.06709735457023876,0,0,0
2025-01-01 00:02:38,-0.29847032775001,-0.6826134979251001,9.68468509352,0.9677804166,54.06767791,walking,0.04449642632088161,0,0,0
2025-01-01 00:02:39,-0.616183985330396,-0.8123177073543366,9.586442119128712,1.180295529,56.31588307,walking,0.1791146708781382,0,0,0
2025-01-01 00:02:40,-0.5707885391188,-0.48218329470792,9.54902669664,1.053121993,68.2690177,walking,0.05438848606298174,0,0,0
2025-01-01 00:02:41,-0.4972585198350495,-0.6273691415573267,10.059769709920792,1.545988849,73.36180047,walking,0.057367549126479345,0,0,0
2025-01-01 00:02:42,-0.2294383804157,-0.6012232498228,9.99303188323,0.9224415247,66.85980922,walking,0.0766322924207338,0,0,0
2025-01-01 00:02:43,-0.37452117919577,-0.6240103637727,9.79529458033,0.6800821677,59.09188724,walking,0.10093607755245003,0,0,0
2025-01-01 00:02:44,-0.4480909623286535,-0.945267968490792,9.39867614438614,0.9418889172,57.91737399,walking,0.0871657654564514,0,0,0
2025-01-01 00:02:45,-0.5196279281882,-0.5919844619651,9.6301564868,1.130298449,62.52555831,walking,0.05799731157895363,0,0,0
2025-01-01 00:02:46,-0.7592361602680999,-0.2668126602,10.08272386786,0.8316616675,73.67990737,walking,0.0702790935518463,0,0,0
2025-01-01 00:02:47,-0.7853944865238613,-0.329350755130891,10.03418479569307,0.6193703142,80.81761022,walking,0.044947478630947814,0,0,0
2025-01-01 00:02:48,-0.33635953675803,-0.3504691955908,9.57643919203,0.6642872141,66.3299793,walking,0.12047768839228075,0,0,0
2025-01-01 00:02:49,-0.462690829474,-0.46107419132474,9.43232487952,0.72085274,70.05651927,walking,0.12797998873480068,0,0,0
2025-01-01 00:02:50,-0.7764294660335643,-0.8265529564230693,9.70983601461386,0.7920531714,62.48629807,walking,0.0765210291346461,0,0,0
2025-01-01 00:02:51,-0.7499704284944001,-0.8128950759740999,10.1974587751,0.9636882712,65.08566561,walking,0.11915300101704368,0,0,0
2025-01-01 00:02:52,-0.7473350177327128,-0.7251618202251475,9.859782614940594,0.3440010256,72.63494442,walking,0.09726569533624191,0,0,0
2025-01-01 00:02:53,-0.8269209091291301,-0.8271963363662,9.60392503513,0.6853272219,59.07558355,walking,0.0890348617685667,0,0,0
2025-01-01 00:02:54,-0.47513145903473,-0.8497050293002001,9.36110448314,0.9896973828,39.05238414,walking,0.07851280299746684,0,0,0
2025-01-01 00:02:55,-0.4471261369893465,-1.0278442699962078,9.56855209360396,0.5159865831,47.80828559,walking,0.04861291690649332,0,0,0
2025-01-01 00:02:56,-0.551357446307,-0.8337392303538,10.10737460611,0.9800252859,31.80852733,walking,0.07213119852660481,0,0,0
2025-01-01 00:02:57,-0.5455644928134,-1.0300529938044,9.96513739034,0.5847897677,31.4215493,walking,0.09419526410432996,0,0,0
2025-01-01 00:02:58,-0.4752201904171703,-0.9005199334284159,9.849268834841585,0.7833574997,26.35896439,walking,0.05838191627208054,0,0,0
2025-01-01 00:02:59,-0.61830273283521,-0.84758543700609,9.27581334695,0.370218891,38.09663093,walking,0.024359160518039602,0,0,0
2025-01-01 00:03:00,-0.69742968749513,-0.9151085220024,9.60859532362,0.5512506936,46.14429228,walking,0.08767456113187341,0,0,0
2025-01-01 00:03:01,-0.9502951381860396,-0.9664822690022772,9.893261016168315,0.4581781038,42.76214289,walking,0.09528509594063068,0,0,0
2025-01-01 00:03:02,-0.9901744216858,-1.0039682373243002,10.16531911004,0.4909974517,34.18153268,walking,0.18541627424616602,0,0,0
2025-01-01 00:03:03,-0.6062288406535,-0.6318765060246401,9.69370234239,0.1952681889,37.20452702,walking,0.0650437484719086,0,0,0
2025-01-01 00:03:04,-0.8124510933050495,-0.7336614718367327,9.316808270653466,0.3229846131,37.20453461,walking,0.09795688946980738,0,0,0
2025-01-01 00:03:05,-1.19364031219679,-1.2103800018361,9.38024368288,0.2877272433,37.20455061,walking,0.08667097620122585,0,0,0
2025-01-01 00:03:06,-0.8122184088671862,-1.3348202666014852,9.878650804178218,0.3300140602,37.20455694,walking,0.08201501612236042,0,0,0
2025-01-01 00:03:07,-0.8687110061705,-1.1249376800365,10.0114914962,0.06550900343,37.20455879,walking,0.09822250406842695,0,0,0
2025-01-01 00:03:08,-0.9069220458953,-0.5643983276104,9.91055639177,0.1822794337,37.20456196,walking,0.034703001290865586,0,0,0
2025-01-01 00:03:09,-0.3296797739152475,-0.4532589283654851,9.36170006618812,0.6826548507,348.6849226,walking,0.14467248221568613,0,0,0
2025-01-01 00:03:10,0.0145003463737999,-0.7874584716852,9.63664249892,0.6709736113,9.933337191,walking,0.16795837965940752,0,0,0
2025-01-01 00:03:11,-1.0037796295137,-0.5004498092557,9.91579849099,0.7835111566,31.43407141,walking,0.1372943936701062,0,0,0
2025-01-01 00:03:12,-0.9991499797267328,-0.7644943841163366,10.20767402280198,0.8727149162,55.50107139,walking,0.21823670183367644,0,0,0
2025-01-01 00:03:13,-0.9200662124596,0.3527549423459,9.44287793443,0.2696012103,86.21056029,walking,0.1286605631701291,0,0,0
2025-01-01 00:03:14,-1.0286055038336002,0.3064801712092,9.36278848116,0.4402066868,65.64396265,walking,0.0720659365967506,0,0,0
2025-01-01 00:03:15,-0.9815474753704356,0.3537440883631683,9.600597335930694,0.5763806139,54.54014588,walking,0.08066472910624606,0,0,0
2025-01-01 00:03:16,-0.70439320682736,0.52494187774619,9.91167905742,0.5688603547,60.86724551,walking,0.06698715013800279,0,0,0
2025-01-01 00:03:17,-0.5674980994441684,0.6595151648602168,10.06895852280198,0.7831547006,56.78944705,walking,0.06911861168930941,0,0,0
2025-01-01 00:03:18,-0.23708897092736,0.69334468227036,9.85633015628,0.4635014898,46.7648439,walking,0.17215613009283498,0,0,0
2025-01-01 00:03:19,-0.6244773925643,1.2722358718945,9.51089798559,0.4894588213,52.13108263,walking,0.07414923336885869,0,0,0
2025-01-01 00:03:20,-0.7129777511794851,0.886782658619406,9.390985700960396,0.8153918382,48.35248089,walking,0.06353018606789894,0,0,0
2025-01-01 00:03:21,-0.7575955718985,1.2647933487454,9.44276417073,0.8697718724,49.95409851,walking,0.14554401819333287,0,0,0
2025-01-01 00:03:22,-0.91030950167915,0.4665662704229,10.16768868256,1.193126017,56.07161896,walking,0.1470374048788723,0,0,0
2025-01-01 00:03:23,-0.845523408214406,-0.0508245078891089,10.10367741351485,0.5565490949,50.95794742,walking,0.1759473365846669,0,0,0
2025-01-01 00:03:24,-0.6780165573156001,0.24966731418398,9.79802340525,0.2805368241,22.01371994,walking,0.09321530780029706,0,0,0
2025-01-01 00:03:25,-0.85170487060899,-0.1012225066664199,9.33183435088,0.1777080341,22.01372859,walking,0.011415528076698565,0,0,0
2025-01-01 00:03:26,-1.2069031033560396,-0.4284506165089109,9.547690524940592,0.328410967,22.01374292,walking,0.08127084075870987,0,0,0
2025-01-01 00:03:27,-0.6490008956881,-0.6649577133226,9.89101452944,0.186026409,22.01376224,walking,0.026053719670671438,0,0,0
2025-01-01 00:03:28,-0.771983266419505,-0.8233857802409902,10.089759326623762,0.2538482913,22.01375903,walking,0.11507315348892157,0,0,0
2025-01-01 00:03:29,-0.5025544326779999,-0.9415839660064,9.8617653537,0.2942226711,54.60761554,walking,0.046179793973055,0,0,0
2025-01-01 00:03:30,-0.94588452300397,-0.66632586822974,9.33726655426,0.2946440822,54.60762192,walking,0.04662803729792692,0,0,0
2025-01-01 00:03:31,-0.7361231843446535,-0.6047305751017822,9.47881000040594,0.3143211234,54.6076275,walking,0.06578704803957046,0,0,0
2025-01-01 00:03:32,-0.7121815109238,-0.65984135285114,9.93065060553,0.2395638375,54.60763554,walking,0.07455953048360595,0,0,0
2025-01-01 00:03:33,-0.7802150344880999,-0.11178454285975,9.91306218132,0.3305588311,54.60765033,walking,0.11192519580375765,1,0,0
2025-01-01 00:03:34,-0.4257651119221782,0.202177589310792,9.849720865465349,0.4400221411,14.72969779,walking,0.4345299745710729,1,0,0
2025-01-01 00:03:35,0.2974015503045999,0.0778441222858,9.59072099288,0.4767060625,18.46915642,walking,0.22788327939658115,1,0,0
2025-01-01 00:03:36,-0.4835170211733,0.2952699828883,9.94546230502,0.6330201712,35.57949127,walking,0.3939474535165874,0,0,0
2025-01-01 00:03:37,-0.5048378081308911,0.8953964293989108,9.266632908099009,0.7998843342,22.17539723,walking,0.06964700630203333,0,0,0
2025-01-01 00:03:38,-0.6262452163634,-0.1282308425883,9.83045197013,0.6142101363,36.5506759,walking,0.047334906030063434,0,0,0
2025-01-01 00:03:39,-0.204142809560693,0.1048072996108911,10.086383179079208,0.1901502009,43.24556224,walking,0.0971304094918285,0,0,0
2025-01-01 00:03:40,-0.2081975509684999,0.121162541192,9.82838925913,0.07128303266,43.2455684,walking,0.11512326692061266,0,0,0
2025-01-01 00:03:41,-0.40667880706,-0.3150184158256,9.87888076214,0.3616735378,13.84239627,walking,0.12369149094844346,0,0,0
2025-01-01 00:03:42,-0.4300556945710693,-0.2234630290471287,9.472620890415842,0.195961875,14.93586555,walking,0.176489571841315,0,0,0
2025-01-01 00:03:43,-0.7208769286929401,-0.26472599941061,9.72280332645,0.9411236212,32.59420777,walking,0.15404676168418355,0,0,0
2025-01-01 00:03:44,-0.7666517395282899,-0.3608800460808999,10.10998667425,1.179082087,37.92742348,walking,0.12006850813338173,0,0,0
2025-01-01 00:03:45,-0.5155946470837822,-0.6379273835553169,9.898270401475248,0.8281868381,46.46536714,walking,0.14422603309318024,0,0,0
2025-01-01 00:03:46,-0.81814915009693,-0.4317606491187999,9.66527645449,0.797877263,38.9341708,walking,0.10198958824335776,0,0,0
2025-01-01 00:03:47,-0.4001808196934,-0.2836271942022,9.51948712477,0.9380740846,43.3238012,walking,0.110663523738932,0,0,0
2025-01-01 00:03:48,-0.2114775568805346,-0.394542416130099,9.748895878356436,0.7055114972,60.7232919,walking,0.08559093887797724,0,0,0
2025-01-01 00:03:49,0.14003080448212,-0.1793974410982,9.88313790896,0.4068632942,52.31948377,walking,0.07738075669846183,0,0,0
2025-01-01 00:03:50,0.351796652929208,-0.3848052389357425,10.051519045475247,0.5733420047,46.8369434,walking,0.06833444659104855,0,0,0
2025-01-01 00:03:51,-0.18531313933705,-0.1796414337112,9.78003980255,0.4943281636,3.220371056,walking,0.17463547959382603,0,0,0
2025-01-01 00:03:52,-0.6025644607329,0.1054856414949,9.4804677658,0.03521228276,359.3917099,walking,0.14962952293635912,0,0,0
2025-01-01 00:03:53,-0.6311424829531683,-0.3891966020955446,9.768269451980196,0.1216949724,359.3917112,walking,0.1302156861856264,0,0,0
2025-01-01 00:03:54,-0.2472154129134139,-0.47414950105307,10.13839909051,0.6312262328,50.26807546,walking,0.09477678948278757,0,0,0
2025-01-01 00:03:55,-0.27076893311677,-0.3049982528254,9.73505834196,0.6430438885,63.43630149,walking,0.14091074375441298,0,0,0
2025-01-01 00:03:56,-0.9088950914226732,-0.1598986771085148,9.65536117678218,0.6035698032,31.45120159,walking,0.1800548733247257,0,0,0
2025-01-01 00:03:57,-0.8517392990545,-0.36798277582758,9.44308600173,0.06970091678,31.96954585,walking,0.14806228937055863,0,0,0
2025-01-01 00:03:58,-1.00568217315027,-0.38392312773714,9.84479813696,0.3364424422,31.96954097,walking,0.11372978856541292,0,0,0
2025-01-01 00:03:59,-0.4709607311247722,-0.6437741360831682,10.143067778079208,0.5534891347,7.343522548,walking,0.0863641965726939,0,0,0
2025-01-01 00:04:00,-0.6508226074435199,-0.4554159576311,9.96551610281,0.5822135626,310.163157,walking,0.22121569440487682,0,0,0
2025-01-01 00:04:01,-0.94627725582201,-0.1983998016976237,9.34826365129703,0.9221289115,2.725812942,walking,0.09726932583646392,0,0,0
2025-01-01 00:04:02,-0.9474173354952,-0.3966421783156,9.6032783798,0.9143773926,8.646266983,walking,0.22141717681331116,0,0,0
2025-01-01 00:04:03,-0.78455451050541,-1.0932515716254,10.02636307058,0.7384430764,52.61416155,walking,0.08610563286611411,0,0,0
2025-01-01 00:04:04,0.2740118725373366,-1.2826604166876734,9.979963391346535,0.856328642,36.03621383,walking,0.19848596829530926,0,0,0
2025-01-01 00:04:05,-0.4294434677303199,-0.90244934692444,9.68889434072,0.158143376,41.57444693,walking,0.21240922675665727,0,0,0
2025-01-01 00:04:06,-0.6916172744825999,-0.61626397244882,9.31114287877,0.0562087121,41.57443832,walking,0.07774203136643425,0,0,0
2025-01-01 00:04:07,-1.2390520907868317,-0.9930675786137624,9.57259813480198,0.1705628573,85.92679047,walking,0.17986276070471982,0,0,0
2025-01-01 00:04:08,-1.1009844909832,-0.7608423202369601,10.15146541874,0.1676515006,40.60439637,walking,0.11738239317224125,0,0,0
2025-01-01 00:04:09,-0.8011325363198,-0.0380359039057,9.96886613589,0.2943440066,83.35579721,walking,0.09111437312585367,0,0,0
2025-01-01 00:04:10,-0.6148115917041583,-0.1262320535492079,9.419911193712872,0.1501878515,83.35577971,walking,0.0682355182386928,0,0,0
2025-01-01 00:04:11,-0.6866865280433,-0.55297558138704,9.5635090808,2.712095014,107.4614211,walking,0.0496393306494942,0,0,0
2025-01-01 00:04:12,-0.8998693062183168,-0.7180642035432742,9.959438251544556,1.53657152,110.3888196,walking,0.14496404892167727,0,0,0
2025-01-01 00:04:13,-0.3115501281574,-1.0450637786643,9.94403577134,0.3971292695,98.757072,walking,0.19331595336362764,0,0,0
2025-01-01 00:04:14,-0.6980958022880001,-0.5806260818352,9.95745985548,0.1394560074,98.75707488,walking,0.18314887301600297,0,0,0
2025-01-01 00:04:15,-0.412564345261188,0.856130558479901,9.40516166760396,1.02030583,30.6254454,walking,0.1837525255016738,0,0,0
2025-01-01 00:04:16,-0.42823398282431,1.28921506346995,9.51879556284,1.034083437,351.9451415,walking,0.09390916495289431,0,0,0
2025-01-01 00:04:17,-0.6449218780529,1.5940007583618,9.65879493271,0.9992225769,346.2400725,walking,0.14192537924119938,0,0,0
2025-01-01 00:04:18,-0.9273097681950296,1.4822606923709902,9.905777068079209,1.163643339,328.3474236,walking,0.1087125150923471,0,0,0
2025-01-01 00:04:19,-0.81189515531727,1.565606304905,9.81343535617,1.11639421,310.3338112,walking,0.06181414812906126,0,0,0
2025-01-01 00:04:20,-0.7030415176386,1.4341242233470002,9.63930695819,0.7739465308,296.133451,walking,0.11338695399385597,0,0,0
2025-01-01 00:04:21,-0.6943837443433069,0.5711839989982772,9.269257647554456,1.24397194,303.5259568,walking,0.07105365855455519,0,0,0
2025-01-01 00:04:22,-0.675697879067,0.1076576248153999,9.68233348366,1.177637888,311.160615,walking,0.09124349532553433,0,0,0
2025-01-01 00:04:23,-0.8490047825452475,-0.2387935253235643,10.189084461960396,0.933155031,317.5106032,walking,0.08394986038196564,0,0,0
2025-01-01 00:04:24,-0.66255071869745,-0.1350581451036999,10.05304059448,0.2949779216,259.8615072,walking,0.08301525220450075,0,0,0
2025-01-01 00:04:25,-0.9605031234707,-0.0290201522513,9.5395394255,0.06025634237,259.8615168,walking,0.039038781835539285,0,0,0
2025-01-01 00:04:26,-0.5333853738538614,-0.1912814360979307,9.401566174356436,0.1771990284,269.4488039,walking,0.03787697127914708,0,0,0
2025-01-01 00:04:27,-0.92993369292414,-0.23430476074288,9.63526386596,0.6548130845,298.2384836,walking,0.0905308586251362,0,0,0
2025-01-01 00:04:28,-0.58746386258036,-0.0600296676697399,10.07915528886,1.18666053,318.8075335,walking,0.08382502199317994,0,0,0
2025-01-01 00:04:29,-0.809381733531188,0.0513639801168118,10.01641481789109,1.393367434,309.9185349,walking,0.09406230002558129,0,0,0
2025-01-01 00:04:30,-0.8871152343839,0.0497430587829899,9.47089966318,1.279908578,313.6823992,walking,0.04930130416952134,0,0,0
2025-01-01 00:04:31,-0.6521428619441401,-0.5248520645328,9.68356242857,1.409617197,339.14884,walking,0.07989306900016534,0,0,0
2025-01-01 00:04:32,-1.2253904014085446,-0.3833320647875742,9.637769047227724,1.426709193,334.4770721,walking,0.012038944535596568,0,0,0
2025-01-01 00:04:33,-0.53422557222367,-0.50164731902347,10.0869435929,1.249806649,7.436776505,walking,0.09512673151319875,0,0,0
2025-01-01 00:04:34,-0.9727158408529704,-0.1348710194541584,9.928215555841584,0.8768868193,26.08330722,walking,0.04359840568659048,0,0,0
2025-01-01 00:04:35,-0.8584708007696,-0.19770586850042,9.5540053433,1.077034919,27.41137663,walking,0.05499254355417055,0,0,0
2025-01-01 00:04:36,-0.6164855117962901,0.0683837951530399,9.43877197251,1.133448541,22.23256486,walking,0.08966233913704667,0,0,0
2025-01-01 00:04:37,-0.4134432107132673,-0.2954158775240594,9.805589370158415,1.177958857,39.77571295,walking,0.08825476601951834,0,0,0
2025-01-01 00:04:38,-0.1609602813413,0.0086639832144699,10.17432887397,1.142182634,54.86700794,walking,0.052671768091851076,0,0,0
2025-01-01 00:04:39,-0.623440049772379,0.3040656921455,9.85406386866,0.7533289961,53.74467648,walking,0.029682481280005345,0,0,0
2025-01-01 00:04:40,-0.1467809061413564,-0.0738083958224386,9.621605629356436,1.099882685,34.68239418,walking,0.1051042212899691,0,0,0
2025-01-01 00:04:41,-1.1160461700299,-0.2584749984871,9.56943825069,1.098824165,24.43260608,walking,0.12351182997087737,0,0,0
2025-01-01 00:04:42,-0.6648888565035,-0.5343932235839,9.85586462423,1.104086276,20.02968365,walking,0.06676819993863214,0,0,0
2025-01-01 00:04:43,-0.5027525404885149,-0.38980128529,10.270786344247526,0.7609010614,12.68607517,walking,0.04775996422253345,0,0,0
2025-01-01 00:04:44,-0.2378074768287,-0.28795469513405,9.76221337255,0.6722061291,359.8729057,walking,0.13661699044335315,0,0,0
2025-01-01 00:04:45,-0.3786146469886337,-0.2832332905895049,9.439083206960396,0.9467618483,8.279454484,walking,0.073865908989176,0,0,0
2025-01-01 00:04:46,-0.076595718369967,-0.0222916442800999,9.44218188145,1.045134294,21.75475642,walking,0.04194620738334375,0,0,0
2025-01-01 00:04:47,-0.3180555999595,-0.4538651825298,10.07584417426,0.9803555843,40.05946729,walking,0.3154065443303264,0,0,0
2025-01-01 00:04:48,-0.4807675654586634,-0.5467669526718415,10.148231297485149,1.499653061,36.75520225,walking,0.08621501413060592,0,0,0
2025-01-01 00:04:49,0.21409828032672,-0.21670286406278,9.66521208801,1.479012828,43.91745804,walking,0.1695005461651837,0,0,0
2025-01-01 00:04:50,-0.0593740310678999,-0.5175667145051,9.63491958188,1.459082088,46.79881501,walking,0.13515502730129744,0,0,0
2025-01-01 00:04:51,0.0719572947107227,-0.9098421320043564,9.56292913290099,1.284391917,50.27692163,walking,0.3477152956063217,0,0,0
2025-01-01 00:04:52,-0.7741840759079,-1.07812702330313,9.85736600175,1.066295334,73.09892059,walking,0.07168860411803492,0,0,0
2025-01-01 00:04:53,-0.7729536346151,-0.7002617980949999,10.16707495894,1.399676813,50.84305134,walking,0.06769067012660444,0,0,0
2025-01-01 00:04:54,-0.7100180642867328,-0.4517650052716831,9.835845758693068,1.179935266,71.7308552,walking,0.06839824772179301,0,0,0
2025-01-01 00:04:55,0.0164328277577299,-0.0703267548041,9.24366020928,1.059730445,98.58461685,walking,0.32051742954981177,0,0,0
2025-01-01 00:04:56,1.139519465999802,0.3345365059485841,9.67530090050495,1.445085072,126.6360144,walking,0.27044235042125886,0,0,0
2025-01-01 00:04:57,1.3463572357061,-0.6261209747304001,10.00986437989,1.46805457,134.3759761,walking,0.07941736336417354,0,0,0
2025-01-01 00:04:58,0.1350925735751,0.0909763137839999,10.09599377289,1.28412246,132.3026176,walking,0.340335078085368,0,0,0
2025-01-01 00:04:59,-0.6623874097902277,0.2736606227549703,9.259569378831683,1.255250613,126.6162755,walking,0.21034239244828132,0,0,0
2025-01-01 00:05:00,-1.09523195342569,-0.1044662612853,9.64585883318,2.06463721,140.4634723,walking,0.1532133248747144,0,0,0
2025-01-01 00:05:01,-1.1416638977065,-0.6406931717077999,9.90088350648,1.453226871,120.8631354,walking,0.37747984681191377,0,0,0
2025-01-01 00:05:02,-0.7694385581676633,-0.6109937883160396,9.956718659267327,1.057152243,108.8830609,walking,0.24113595477710104,0,0,0
2025-01-01 00:05:03,-0.59325082855904,-0.5851841033769201,9.9436630463,0.6837508544,144.4082883,walking,0.04518858724664538,0,0,0
2025-01-01 00:05:04,-0.30635443268585,-0.78856766509748,9.15850529003,0.3099541776,98.95042711,walking,0.07665249560331167,0,0,0
2025-01-01 00:05:05,-0.6429160195422277,-0.967702009721188,9.745355221514853,0.4134044317,111.4185819,walking,0.09852025292509721,0,0,0
2025-01-01 00:05:06,-0.5123335967905,-0.66087270811296,10.17352803978,0.7967955841,109.4211021,walking,0.10804921752928773,0,0,0
2025-01-01 00:05:07,-0.6590912937958515,-0.3051115568291584,9.914472352762376,0.8789243364,112.0916216,walking,0.11527427069096527,0,0,0
2025-01-01 00:05:08,-0.6803741546623,-0.0070997360250999,9.6773503461,0.3773808831,57.94368527,walking,0.07557111594870154,0,0,0
2025-01-01 00:05:09,-0.38220170746968,-0.2419882827773999,9.5127870577,1.012200545,57.66616419,walking,0.17382585072725248,0,0,0
2025-01-01 00:05:10,-0.7931842282582278,-0.8861972423273168,9.617489930633663,1.061236785,69.52727009,walking,0.06259067221775474,0,0,0
2025-01-01 00:05:11,-1.01085990600855,-1.0683478591944,10.28176346298,0.40998953,76.63697124,walking,0.19730329744180297,0,0,0
2025-01-01 00:05:12,-0.7665873733507,-0.1052176986946999,9.91796748057,0.1329857518,82.87353677,walking,0.14637814124446563,0,0,0
2025-01-01 00:05:13,-0.9687883645306932,-0.2029734590276633,9.25593535160396,0.900928283,86.73829139,walking,0.09515999071263248,0,0,0
2025-01-01 00:05:14,-0.7631160918966999,-0.4752841415474,9.53874308168,0.537249544,81.32437046,walking,0.04546312869154535,0,0,0
2025-01-01 00:05:15,-0.9302899520684,-0.8358663070882,10.06149202,0.5270201338,34.71548337,walking,0.036565422972942685,0,0,0
2025-01-01 00:05:16,-0.4128563123910891,-0.6775178271260396,9.972830204851483,0.9529515496,47.89455255,walking,0.07425134465511145,0,0,0
2025-01-01 00:05:17,-0.722086413575942,-0.5690835846081,9.59363842636,1.075274539,46.26826535,walking,0.09617145525710392,0,0,0
2025-01-01 00:05:18,-0.7013909549535643,-0.7032702153517821,9.48906293649505,1.217263107,29.8679047,walking,0.18336478765155378,0,0,0
2025-01-01 00:05:19,-0.51067953646263,-0.7975310256597701,9.6151980928,0.7877123154,53.43760978,walking,0.09643791787350833,0,0,0
2025-01-01 00:05:20,-0.77831847839536,-1.1184172393789,10.31410670483,0.7576173327,46.99276455,walking,0.08820932105329993,0,0,0
2025-01-01 00:05:21,-1.2688890544040594,-0.4511114139535644,9.810601718871286,0.5193123737,41.01298038,walking,0.1080810862395642,0,0,0
2025-01-01 00:05:22,-1.03031494900428,-0.45987069396512,9.35634737542,1.184061478,46.56666708,walking,0.1883124428399367,0,0,0
2025-01-01 00:05:23,-0.8698067276263,-0.5631319610741,9.31554522425,0.9395947163,33.00092369,walking,0.1263973391820401,0,0,0
2025-01-01 00:05:24,-0.7320830709315347,-0.4434002217390099,9.9002963860099,0.7687564574,9.338741168,walking,0.05636827470575109,0,0,0
2025-01-01 00:05:25,-0.77651472930087,-0.6150664627164,10.19380038304,0.592549975,30.26138212,walking,0.043875021756027366,0,0,0
2025-01-01 00:05:26,-0.52292257692257,-0.5533527969115,9.79356118493,0.7106679946,40.60246848,walking,0.07252063194724477,0,0,0
2025-01-01 00:05:27,-1.0557856705114852,-0.4997350530389307,9.31512908969307,0.9220908723,45.75245702,walking,0.14400109792938462,0,0,0
2025-01-01 00:05:28,-0.7794890441768,-0.422164105201108,9.67423382709,0.8587417753,45.86462358,walking,0.06081439979313117,0,0,0
2025-01-01 00:05:29,-0.7354221669315841,-0.8241816499757525,9.98414430071287,0.5225477428,71.33450388,walking,0.0302400046101554,0,0,0
2025-01-01 00:05:30,-1.05838457790948,-0.7314269897489,10.11603858906,0.5380653356,79.7571502,walking,0.13908866278110968,0,0,0
2025-01-01 00:05:31,-1.3735586700824998,-0.46997168883846,9.56741296218,0.6249886031,58.48844737,walking,0.13496479772016914,0,0,0
2025-01-01 00:05:32,-1.2869658200269307,-0.5365481038751485,9.268070512554456,0.8177163121,57.42331027,walking,0.05902548501628143,0,0,0
2025-01-01 00:05:33,-1.2718466812229,-0.3517879531969,9.60641585524,1.005618226,52.26988022,walking,0.21360937137257555,0,0,0
2025-01-01 00:05:34,-1.1601729080321,0.41930804442497,10.22686213044,0.7954841974,49.6020976,walking,0.12951591860085357,0,0,0
2025-01-01 00:05:35,-0.6316048877227327,0.6173755668581188,9.885240071881189,0.4107153102,51.25367144,walking,0.03800004460411271,0,0,0
2025-01-01 00:05:36,-0.6706488784942999,0.72913675234051,9.5707510208,0.9674244898,61.976629,walking,0.06411430079623062,0,0,0
2025-01-01 00:05:37,-1.2854279388270502,1.22006935273854,9.13222593838,1.066962164,59.53738806,walking,0.13220292409238416,0,0,0
2025-01-01 00:05:38,-1.6464855216638614,1.3231000843566931,9.627999264544554,0.4844622598,32.42635259,walking,0.06521324545395871,0,0,0
2025-01-01 00:05:39,-1.62299546352311,1.1212747970611,9.96461797021,0.9724403511,32.14986158,walking,0.04627400827501725,0,0,0
2025-01-01 00:05:40,-1.1083916224325745,1.1971555517132673,9.939803833762376,1.2257858,31.08990814,walking,0.12330692100324726,0,0,0
2025-01-01 00:05:41,-1.5064358505411,1.6947098327454,9.31988020969,1.376621884,32.24046758,walking,0.05482757777071914,0,0,0
2025-01-01 00:05:42,-1.3623918914762998,2.058499827558,9.06200995335,0.7468688853,22.53726903,walking,0.046504789974227294,0,0,0
2025-01-01 00:05:43,-1.299561903540594,0.8392809438851484,9.473376744376235,1.24972773,29.34553213,walking,0.1788205844477785,0,0,0
2025-01-01 00:05:44,-1.0810908599943,-0.134255813595,10.15169593957,0.9787691129,29.51474345,walking,0.07347736525555719,0,0,0
2025-01-01 00:05:45,-0.950123707543,-0.0688657928244,9.95923965475,1.209552475,30.97887731,walking,0.055768585718274054,0,0,0
2025-01-01 00:05:46,-0.5660086226360396,0.1254095066362277,9.537031502267329,0.7106695941,31.67983651,walking,0.1050845138993421,0,0,0
2025-01-01 00:05:47,-1.119327346812,0.3097269195715,9.45840215141,0.6667972307,31.99036637,walking,0.08231012367667702,0,0,0
2025-01-01 00:05:48,-0.7906812698415401,0.8830032852859,9.7971686829,1.321157464,36.25092092,walking,0.1953346155877307,0,0,0
2025-01-01 00:05:49,-0.9786070553474258,2.1070362174554456,9.843303517118812,1.388503036,38.18769922,walking,0.10626380157603584,0,0,0
2025-01-01 00:05:50,-0.98151941983465,2.1391850417606,9.56028328852,1.144671468,35.75867332,walking,0.06687264958099459,0,0,0
2025-01-01 00:05:51,-1.3383920469226631,2.5394380233267326,8.960427585831685,1.042241525,30.58892009,walking,0.18601174493933864,0,0,0
2025-01-01 00:05:52,-1.0760897598212,1.4804334228592,9.47749494783,1.386599328,32.11743229,walking,0.061273595501467604,0,0,0
2025-01-01 00:05:53,-1.3118135696443698,1.72068232268385,9.53606066003,0.6264228495,350.7329556,walking,0.1368414008032628,0,0,0
2025-01-01 00:05:54,-1.3809599621558415,2.202859229646535,9.70557951961386,0.7833114638,342.6358285,walking,0.02272711110661634,0,0,0
2025-01-01 00:05:55,-1.23221509549805,2.40297548675,9.71009774761,1.090577742,0.249542611,walking,0.058745963672847484,0,0,0
2025-01-01 00:05:56,-1.2466031753373,2.322086695868,9.60452528682,1.041969328,20.8062522,walking,0.09328998913242369,0,0,0
2025-01-01 00:05:57,-1.2322997956469308,2.3703208923247527,9.008121969336631,1.451569314,28.15281996,walking,0.0760557278647344,0,0,0
2025-01-01 00:05:58,-0.7439245010333999,2.6982110412790004,8.80637005921,1.428641091,36.51586587,walking,0.10997386269896005,0,0,0
2025-01-01 00:05:59,-0.4950041336046,0.71756132356399,10.09032356425,1.263758638,33.24221138,walking,0.11433382640181768,0,0,0
2025-01-01 00:06:00,-0.8117693426880198,0.3855566466464158,10.228021314237624,1.188919604,31.83852115,walking,0.14649819457713126,0,0,0
2025-01-01 00:06:01,-0.7848643661378,0.3038950470445,9.6964072175,1.043181139,38.62682425,walking,0.2000076556343948,0,0,0
2025-01-01 00:06:02,-1.0039592856115842,-0.0990035269972277,9.437123914891089,0.973524191,29.56056665,walking,0.08226553217503059,0,0,0
2025-01-01 00:06:03,-0.8249420242536,-0.3031376220634,9.44642405992,1.016423666,36.89919924,walking,0.09344769542091212,0,0,0
2025-01-01 00:06:04,-0.6972575454622999,-0.6649816635226,10.11079649033,1.108050554,43.77498738,walking,0.14858073178835773,0,0,0
2025-01-01 00:06:05,-0.797286588450396,-0.3475757274093069,9.955798295613862,1.362052077,39.60028191,walking,0.10283255965062035,0,0,0
2025-01-01 00:06:06,-0.3514361846992,-0.0889749756086,9.79673458598,1.30689663,47.51541691,walking,0.05720697876377588,0,0,0
2025-01-01 00:06:07,-0.747243099996521,-0.1275243117774,9.46886389644,1.148045696,57.60647537,walking,0.08582792952247702,0,0,0
2025-01-01 00:06:08,-0.7297754933666337,-0.3118386568937624,9.670830987673266,1.250775296,40.10846995,walking,0.08905338562047835,0,0,0
2025-01-01 00:06:09,-0.5249044555633,-1.267570074502,10.16309024478,1.325053099,37.9050367,walking,0.1978522054557072,0,0,0
2025-01-01 00:06:10,-1.277135183725,-0.8228778168088,9.8132946485,1.312561809,33.19200436,walking,0.14068269228948116,0,0,0
2025-01-01 00:06:11,-1.4358231013435645,-0.5265145133538613,9.20307003839604,1.182776556,35.97100324,walking,0.0828130206329636,0,0,0
2025-01-01 00:06:12,-1.3121833007448,-0.4925836669853,9.50769015668,1.00092651,48.97910366,walking,0.07911492647996139,0,0,0
2025-01-01 00:06:13,-1.113264657249901,-0.8106681672902276,10.120694501356436,1.022918326,55.7123869,walking,0.030077140636018265,0,0,0
2025-01-01 00:06:14,-0.9771260559322,-0.6470429672454,9.81722098391,1.392616649,53.72229959,walking,0.019945497989670755,0,0,0
2025-01-01 00:06:15,-0.610809315491,-0.7062403655828,9.46082112099,1.366381886,43.86763564,walking,0.08295915255910666,0,0,0
2025-01-01 00:06:16,-0.7103678320242575,-0.8690349118083167,9.622466710227725,1.282241385,39.5811882,walking,0.12238032841641984,0,0,0
2025-01-01 00:06:17,-0.72121522523173,-0.6564389282517,9.75333234079,1.386957563,38.81655385,walking,0.06527371829140104,0,0,0
2025-01-01 00:06:18,-0.5557792511032,-1.1735026886287,10.07040149231,1.216626331,37.98971399,walking,0.05523514772860034,0,0,0
2025-01-01 00:06:19,-0.6956464650281782,-0.6087736526610891,9.863413678049506,1.11893721,34.97682768,walking,0.13128604548714537,0,0,0
2025-01-01 00:06:20,-0.8356627304039,-0.5850927933006,9.51505633861,1.18507364,37.45895621,walking,0.08493493141895411,0,0,0
2025-01-01 00:06:21,-0.411328301760495,-0.7191935382617822,9.37429318562376,1.095667903,47.0780278,walking,0.03250673953026452,0,0,0
2025-01-01 00:06:22,-0.3220418106086999,-0.77171570892639,9.91881322142,0.8336256482,69.32774809,walking,0.04717571553586141,0,0,0
2025-01-01 00:06:23,-0.6287659744304299,-0.8057369614248,10.16709441842,0.980205176,59.15928838,walking,0.17764126069499994,0,0,0
2025-01-01 00:06:24,-1.103336293429208,-0.922534549803396,9.811960773950494,1.059538733,57.18538158,walking,0.11457876507383326,0,0,0
2025-01-01 00:06:25,-0.59161772462328,-0.35306180421119,9.31254396526,1.298453816,50.01960493,walking,0.20174027811999007,0,0,0
2025-01-01 00:06:26,-0.3561409011904999,-0.19442319490765,9.55958723592,1.40570459,38.09513493,walking,0.06830282855792429,0,0,0
2025-01-01 00:06:27,-0.468232246644792,-0.7155506186911881,10.065266694683167,1.22652955,33.99752711,walking,0.09372825592184508,0,0,0
2025-01-01 00:06:28,-0.67460664825247,-0.87850962982027,10.07439818151,1.294148852,39.7322729,walking,0.116144940758823,0,0,0
2025-01-01 00:06:29,-0.8519219192830001,-0.53309542235175,9.82933379525,0.9039001336,37.55638503,walking,0.1772323041369706,0,0,0
2025-01-01 00:06:30,-0.6183448383324752,-1.14108897440802,9.26069278530693,0.8957217202,35.5935727,walking,0.03479020277834753,0,0,0
2025-01-01 00:06:31,-0.9270896072431,-1.29858258361797,9.40249341425,1.251630579,34.24597044,walking,0.0689532715718137,0,0,0
2025-01-01 00:06:32,-0.8763192688921781,-1.3051626330144557,9.940051338772278,0.8560921354,33.61615728,walking,0.11526624215631152,0,0,0
2025-01-01 00:06:33,-0.92918225554322,-1.090037754839415,9.94532758469,1.006518913,14.34884502,walking,0.05489611702883728,0,0,0
2025-01-01 00:06:34,-0.90199878386636,-0.9181771407961,9.60859083248,1.323972229,15.13091381,walking,0.07330117023378013,0,0,0
2025-01-01 00:06:35,-0.7711755400937623,-1.0031352566721785,9.584327209762376,1.049981056,21.00028945,walking,0.12188917632537632,0,0,0
2025-01-01 00:06:36,-0.86038232571188,-0.7027421402039,9.68422105877,1.215524639,21.99601506,walking,0.04745401262227291,0,0,0
2025-01-01 00:06:37,-0.6010062011597,-1.1579141052551,10.34421210005,1.143559979,30.36105902,walking,0.09295907860453567,0,0,0
2025-01-01 00:06:38,-0.7155046746451486,-0.7273745455154554,9.801924219257426,1.178975544,35.46803737,walking,0.14094013771668895,0,0,0
2025-01-01 00:06:39,-0.833556610076,-0.5191594024573,9.22289389345,1.104543162,27.37618301,walking,0.07695274753065182,0,0,0
2025-01-01 00:06:40,-0.83817450712365,-0.996605049121,9.53526431596,0.9241524912,13.87199904,walking,0.10470486145881085,0,0,0
2025-01-01 00:06:41,-1.0406626635485148,-0.9085364313510692,9.843816312356436,0.93408518,13.45568666,walking,0.09151439826308565,0,0,0
2025-01-01 00:06:42,-1.548460958909,-0.7736092712193,10.04246658336,1.099552889,15.86995691,walking,0.11426061402440488,0,0,0
2025-01-01 00:06:43,-0.6017946012958416,-0.2818223632284158,9.912357443861383,1.092989133,25.63959058,walking,0.07616331782340624,0,0,0
2025-01-01 00:06:44,-0.45335175016,-0.1667801788262,9.2329170503,0.8597846449,32.10649522,walking,0.10620871721244776,0,0,0
2025-01-01 00:06:45,-0.8499939285284001,-0.0532143402293,9.7506349503,1.213226122,34.62926239,walking,0.18307034090156266,0,0,0
2025-01-01 00:06:46,-0.4438996781362475,0.1782599994949505,9.893587070940594,1.248786086,25.75353909,walking,0.17401433330618912,0,0,0
2025-01-01 00:06:47,-0.4299269622962899,-0.6067886764549,10.02249212037,0.8263090632,25.35692925,walking,0.1801218957308469,0,0,0
2025-01-01 00:06:48,-0.7538698196324399,-0.1126886626622,9.99179994523,0.9866836899,36.67601361,walking,0.211862101232805,0,0,0
2025-01-01 00:06:49,-0.9477593223773269,0.976624050314089,9.803047625405942,0.7505968275,56.73595969,walking,0.22818827427212207,0,0,0
2025-01-01 00:06:50,-1.1301363693211,1.98739618832215,9.16706299426,0.7913417808,64.63635867,walking,0.16855376110174577,0,0,0
2025-01-01 00:06:51,-1.0225999923779,2.325207705673,9.14903298794,0.9949669285,37.48686204,walking,0.11962345242119252,0,0,0
2025-01-01 00:06:52,-1.272546794600782,2.237372113208911,9.402643636415842,1.242343216,38.7720018,walking,0.12259776668939,0,0,0
2025-01-01 00:06:53,-1.01060992583585,0.6754344268975,9.91686876535,1.398559998,41.42840496,walking,0.41428727433888046,0,0,0
2025-01-01 00:06:54,-1.1906433513509902,-0.4717669753234653,9.92873427861386,1.046002913,53.08934199,walking,0.12323574316123163,0,0,0
2025-01-01 00:06:55,-1.0734342819481,-0.0356663314773,10.09526628563,0.6041495945,68.52896812,walking,0.1158434317505392,0,0,0
2025-01-01 00:06:56,-0.9199988525173,0.795531184365,9.08435099492,0.8503300007,76.6355855,walking,0.08971086267643091,0,0,0
2025-01-01 00:06:57,-0.1793789596876237,0.9267362085138614,9.84005630978218,1.031778407,70.68472432,walking,0.12057730235156562,0,0,0
2025-01-01 00:06:58,-0.31940130156324,1.1819556106274,9.8274851397,1.007891902,58.37791416,walking,0.10003376187170396,0,0,0
2025-01-01 00:06:59,-0.80362635039471,0.6843498870831,9.61778920426,1.458945491,46.92044236,walking,0.09552114186097288,0,0,0
2025-01-01 00:07:00,-0.8003589124085841,0.1713624618186138,10.414534942277228,1.470871734,37.02717135,walking,0.10981389433934727,0,0,0
2025-01-01 00:07:01,-0.9250628219615,0.1220816299328,9.01389850163,1.373871016,43.1741553,walking,0.018895984144821628,0,0,0
2025-01-01 00:07:02,-1.289368249889802,-0.3683394796443564,9.509991198336634,1.103554565,41.74004415,walking,0.0984829586142703,0,0,0
2025-01-01 00:07:03,-1.3280009078456,-0.8487170837279,10.05497457257,0.9041507571,65.29991427,walking,0.06307846276965147,0,0,0
2025-01-01 00:07:04,-1.35823353882655,-0.9315488342562,9.78952407968,1.063235296,55.42009908,walking,0.07136461357987349,0,0,0
2025-01-01 00:07:05,-0.8422925031515841,-0.415796732369901,10.043656682693069,0.9957489728,57.07552417,walking,0.12931148205766255,0,0,0
2025-01-01 00:07:06,-1.0132100189465,-0.5330086029191,9.4287084,1.423004827,46.15384722,walking,0.10423188022781606,0,0,0
2025-01-01 00:07:07,-1.16502132570376,-0.3159764236576,9.60644878678,1.500459856,42.50760166,walking,0.11476435039323978,0,0,0
2025-01-01 00:07:08,-0.975396899198792,-0.8191441058164158,10.027800052633664,1.454037512,39.60645428,walking,0.1296769854268526,0,0,0
2025-01-01 00:07:09,-0.7671472091782,-0.90311695860134,10.11160780301,1.421351916,42.71710633,walking,0.2705036701437354,0,0,0
2025-01-01 00:07:10,0.0514061004842599,-1.3805626053009,9.81514031076,1.229301058,42.50579174,walking,0.3099390839952172,0,0,0
2025-01-01 00:07:11,-0.3383883968638614,-0.5508159584763168,9.245181476980198,1.040542277,47.62134347,walking,0.17064030343236652,0,0,0
2025-01-01 00:07:12,-0.2985631347537,-0.8824928466737001,9.53663546434,0.9163854911,37.32128759,walking,0.11969326546846085,0,0,0
2025-01-01 00:07:13,-1.2140629668174256,-0.5873548269649108,9.629463546564358,1.168300924,34.0013039,walking,0.10627481784145407,0,0,0
2025-01-01 00:07:14,-0.4987717987010199,-0.5554050292872,10.32824031358,1.368506633,36.00964275,walking,0.13577392742018773,0,0,0
2025-01-01 00:07:15,0.04520150301176,-0.3733880356228,9.97075071704,1.233049,34.53435463,walking,0.09471711918668332,0,0,0
2025-01-01 00:07:16,0.3418401299069307,-0.524036498120188,9.413599072544551,1.114789319,40.66686239,walking,0.10252030934368284,0,0,0
2025-01-01 00:07:17,-0.4724939437823,-0.38330191955733,9.6746544525,1.298399549,48.69640704,walking,0.24541259681878014,0,0,0
2025-01-01 00:07:18,-0.7830456481733999,-0.79454174194138,10.08052643768,1.377069639,50.58211978,walking,0.13169942124128695,0,0,0
2025-01-01 00:07:19,-0.3883473779453663,-1.1929464827195049,10.093522293376235,1.348378462,47.02566369,walking,0.14758386025432438,0,0,0
2025-01-01 00:07:20,-0.6547429550317,-0.9923374237223,9.74322835257,1.355814804,45.61559089,walking,0.06555078826133177,0,0,0
2025-01-01 00:07:21,-0.48795379484794,-0.36426899873106,9.32013018927,1.327159065,34.40745061,walking,0.15239153197338512,0,0,0
2025-01-01 00:07:22,-0.6520603700948515,-0.6908593900935248,9.643617281851483,1.274522173,36.92835628,walking,0.04334724333810278,0,0,0
2025-01-01 00:07:23,-0.28095824430333,-0.9284203399606,10.07927953028,0.5940017854,78.93446994,walking,0.05086624267064868,0,0,0
2025-01-01 00:07:24,0.2176133123713861,-1.1977513424751485,9.91909491818812,0.4364359353,56.4762309,walking,0.08533560034245559,0,0,0
2025-01-01 00:07:25,0.20983514558478,-0.78016114656,9.35394337495,0.6117548982,14.7034133,walking,0.09758441529240537,0,0,0
2025-01-01 00:07:26,0.4847669219949,-0.54984259640678,9.77956079863,1.123006421,20.74036897,walking,0.2773799110160944,0,0,0
2025-01-01 00:07:27,-0.4243156508281089,-1.0113533156146537,10.090507769920793,1.110074877,25.76206574,walking,0.08022567305240265,0,0,0
2025-01-01 00:07:28,-0.19538569335843,-0.9727611327894,9.970370508,1.171158784,30.20851444,walking,0.22437472365789413,0,0,0
2025-01-01 00:07:29,-0.48112649230284,-0.6309903487886,9.90586065638,1.054103952,31.4188474,walking,0.06671794949427096,0,0,0
2025-01-01 00:07:30,-0.7499182597316435,-0.4272842301710594,9.26618087749505,1.283436521,34.32252002,walking,0.09304448775402847,0,0,0
2025-01-01 00:07:31,-0.98429614566065,-0.7499734222404,9.42865151841,1.141802439,31.98913683,walking,0.07257944909556129,0,0,0
2025-01-01 00:07:32,-0.8771640467399999,-0.9530977260719404,10.143670978782175,0.8685745297,28.56472044,walking,0.03839457930365233,0,0,0
2025-01-01 00:07:33,-0.61531344910675,-0.7449319061331999,10.02272114435,0.8568324498,29.08204213,walking,0.1262162697388168,0,0,0
2025-01-01 00:07:34,-0.6238995940851,-0.2631782180683,9.27473558797,0.9355249091,31.68647827,walking,0.11390164801240037,0,0,0
2025-01-01 00:07:35,-1.0909640019022773,0.1174285782819802,9.822695382326732,0.9280383964,31.40651546,walking,0.3111364222304146,0,0,0
2025-01-01 00:07:36,-1.15013029175165,-0.6542414978212,9.98329463216,0.8999484582,32.88528249,walking,0.19639404405059854,0,0,0
2025-01-01 00:07:37,-1.663791627523838,-0.5573135604549,10.12182854907,1.110954606,41.55727705,walking,0.17148724525269135,0,0,0
2025-01-01 00:07:38,-1.461179777809406,-0.2240499273651485,9.569315358118812,0.7597768124,28.11914381,walking,0.11588674791500646,0,0,0
2025-01-01 00:07:39,-1.0243184188983,0.15216756589197,8.969375088509999,1.07472205,13.87206666,walking,0.13125398202081484,0,0,0
2025-01-01 00:07:40,-1.2465522811659,-0.042790017713,9.764994589,1.08923113,8.288536695,walking,0.15124891534610868,0,0,0
2025-01-01 00:07:41,-1.2111151364636337,-0.2809553542788812,10.1931853400099,1.394708521,345.6740763,walking,0.07202836136997091,0,0,0
2025-01-01 00:07:42,-0.52322794192304,-0.4371718963184999,10.06115671695,1.524415726,343.7363617,walking,0.32024788380144437,0,0,0
2025-01-01 00:07:43,-0.5824728997595049,0.237142503160792,9.480383955257428,1.438640713,3.473334591,walking,0.10884530429228274,0,0,0
2025-01-01 00:07:44,-0.75222174682221,-0.5577686142095,9.64213457778,1.093458938,34.95889523,walking,0.20069401960337332,0,0,0
2025-01-01 00:07:45,-1.5561654373176,-0.9566261856026,9.69920340239,1.122681595,55.09222396,walking,0.1532971435758408,0,0,0
2025-01-01 00:07:46,-1.2076737779650095,-1.37883171455099,9.835236629267326,0.9729758476,53.60350508,walking,0.4631682211525106,0,0,0
2025-01-01 00:07:47,-1.802484214719,-0.9969852584608,10.02407882086,0.9615242023,65.72599166,walking,0.0832726724634779,0,0,0
2025-01-01 00:07:48,-1.8248971069145,-1.05107677459855,9.89684191144,1.01236769,50.6790787,walking,0.33971467324396853,0,0,0
2025-01-01 00:07:49,-1.2869717482548515,-0.5477095469985049,9.383458285306933,1.238761862,41.84385663,walking,0.2529504375204307,0,0,0
2025-01-01 00:07:50,-1.40325391846034,-0.47150599823005,9.05720344847,1.197269164,33.40830312,walking,0.2738798801816041,0,0,0
2025-01-01 00:07:51,-1.9721251821927517,-1.5626138940330694,9.800348782425743,1.184302368,31.31204713,walking,0.18251123477470668,0,0,0
2025-01-01 00:07:52,-1.48221471865021,-1.03961061859818,10.1525147367,1.042652252,23.82357081,walking,0.13105389308116885,0,0,0
2025-01-01 00:07:53,-0.64125001371864,-0.0213890212815,10.11328581398,0.7590320311,18.20169401,walking,0.37643941533866965,0,0,0
2025-01-01 00:07:54,-0.6125707071208217,1.1198198374969308,9.327163469782178,0.9224362139,29.35544499,walking,0.22067895347070024,0,0,0
2025-01-01 00:07:55,-0.4376598816022419,1.5755576110955,9.17265985557,1.17567326,30.54237496,walking,0.19702067899034248,0,0,0
2025-01-01 00:07:56,-0.9088515334685,1.806732380704,9.70215077358,0.9721108833,29.12350491,walking,0.09913450301865602,0,0,0
2025-01-01 00:07:57,-1.141339443697624,2.7819559818811883,9.28637551650495,1.120335293,30.11967877,walking,0.18055685791884368,0,0,0
2025-01-01 00:07:58,-0.0555928940013999,0.401255584685,10.22292382078,1.010702903,26.07818954,walking,0.2751807551211993,0,0,0
2025-01-01 00:07:59,-0.8268415740902999,1.17933905183777,9.31005314483,0.9559958152,30.23584006,walking,0.1534808713732889,0,0,0
2025-01-01 00:08:00,-1.2125364382858417,-0.2983236921008911,9.873537674861389,0.7866030297,47.68486818,walking,0.2070404939494993,0,0,0
2025-01-01 00:08:01,-0.2761442550439,0.3978037628269,9.84871399393,0.7234228974,33.42255135,walking,0.15187942966576864,0,0,0
2025-01-01 00:08:02,-0.664084375924901,-0.4519443353180198,9.42864501180198,0.8562269842,20.97551638,walking,0.05364719578285229,0,0,0
2025-01-01 00:08:03,-0.6546022476062301,-0.2054462722767999,9.61771735384,0.8158259628,23.79157774,walking,0.1450541473881628,0,0,0
2025-01-01 00:08:04,-0.5523364105337,-1.30388605497814,10.29336733227,0.9401457693,17.81275057,walking,0.030832860322228883,0,0,0
2025-01-01 00:08:05,-0.6725366014734654,-0.6390863596071288,9.833132094514852,1.080801848,12.16614433,walking,0.06634065483990913,0,0,0
2025-01-01 00:08:06,-0.97438525540855,-0.5150594284071,9.52545521403,1.101016491,13.64226371,walking,0.13495330276736972,0,0,0
2025-01-01 00:08:07,-0.9911893112045,-0.76446329044014,9.51310589445,1.108150024,18.9567326,walking,0.17132106398539473,0,0,0
2025-01-01 00:08:08,-1.0645076321038611,-0.8975365334779208,9.798370223851483,0.9453898546,55.11605997,walking,0.09543808871583077,0,0,0
2025-01-01 00:08:09,-1.07912544707992,-1.0244501449585,10.03878274373,1.35601923,53.41922048,walking,0.11302405521037921,0,0,0
2025-01-01 00:08:10,-1.2086193364199604,-1.0739706269812377,10.00056263389109,1.532679638,56.52360558,walking,0.04329146846686451,0,0,0
2025-01-01 00:08:11,-0.6471896621821,-0.7624933868389,9.76651243274,1.381178159,60.20591807,walking,0.11006994653690104,0,0,0
2025-01-01 00:08:12,-0.8978703689561001,-0.7794995224306,9.25618167148,1.413015083,59.99657222,walking,0.21027244470044737,0,0,0
2025-01-01 00:08:13,-0.9904398746113268,-0.8693105761789605,9.532914321366338,1.651981641,56.15998008,walking,0.28913370739626154,0,0,0
2025-01-01 00:08:14,-1.41716598820483,-0.831209490961,9.92355685711,1.531784724,34.05803816,walking,0.28186970874726874,0,0,0
2025-01-01 00:08:15,-0.8160190796048999,-0.5395320373483999,9.88967032456,1.724415555,30.68860884,walking,0.16770392302937306,0,0,0
2025-01-01 00:08:16,-0.7645655233678713,-0.4415046586454455,9.936503271455445,2.194659398,21.6296301,walking,0.14221547415534447,0,0,0
2025-01-01 00:08:17,-0.37263360443987,-0.6818949920787,9.87529421985,1.412344172,27.33789821,walking,0.1222601751534672,0,0,0
2025-01-01 00:08:18,-0.435854635636,-0.6038173553241,9.82421893191,1.498491285,38.02000722,walking,0.08442513723951765,0,0,0
2025-01-01 00:08:19,-0.4731260303698218,-0.6953648724084456,10.116126772623764,1.257413542,54.89930114,walking,0.14244740125916963,0,0,0
2025-01-01 00:08:20,-1.2448967239409,-0.4587285690415,9.35060381928,1.38871563,67.74187701,walking,0.06116270703274197,0,0,0
2025-01-01 00:08:21,-0.0344699036336435,-0.525640094123802,9.624391914366337,1.429187478,74.14947693,walking,0.10983792549193588,0,0,0
2025-01-01 00:08:22,-0.73432795711678,-0.5975932983466,9.71123687935,1.40065343,79.30802351,walking,0.07767928492212765,0,0,0
2025-01-01 00:08:23,-0.97303805696298,-1.0883627380695,10.03982008668,1.453472388,75.49893949,walking,0.16089799210319466,0,0,0
2025-01-01 00:08:24,-0.1356994946379208,-1.170186386890198,10.034295950643564,1.548646758,65.56255901,walking,0.06913417054465763,0,0,0
2025-01-01 00:08:25,-0.3770853469749,-0.18782341915193,9.82909579019,1.437797609,69.06431894,walking,0.03773008677538042,0,0,0
2025-01-01 00:08:26,-0.2124591888378499,-0.9295953964126,9.97800014189,1.415912468,75.46710476,walking,0.09682161434133628,0,0,0
2025-01-01 00:08:27,-0.8369111195583168,-1.1925344682597523,9.674288649049505,1.413788447,79.79959879,walking,0.040545976821290505,0,0,0
2025-01-01 00:08:28,-0.38724621732108,-1.0488479095396,9.3424487779,1.508841242,77.61824928,walking,0.14725457111987622,0,0,0
2025-01-01 00:08:29,-0.2386008270458,-1.2645897720522,9.58517652283,1.434645166,82.16730576,walking,0.09840865663306955,0,0,0
2025-01-01 00:08:30,-0.4333814518798119,-1.2590792559585149,9.603228004217822,1.376572521,90.26667967,walking,0.05458888136506605,0,0,0
2025-01-01 00:08:31,0.31129565733,-1.0605864990223,10.06669220589,1.308015628,85.88023087,walking,0.0975594000451008,0,0,0
2025-01-01 00:08:32,0.2679561486607129,-1.0870469000979783,9.750656573722774,0.974672765,84.44770727,walking,0.14947329722570976,0,0,0
2025-01-01 00:08:33,-0.09239087220922,-1.1551164230422,9.89880882093,1.096531464,79.38620186,walking,0.10477963048440504,0,0,0
2025-01-01 00:08:34,-1.3658931106711,-0.75080419461191,9.48480275089,1.177098174,78.48626111,walking,0.1320237288634316,0,0,0
2025-01-01 00:08:35,-1.30433563989099,-0.816958057688495,9.481279123237623,1.017745474,96.80696379,walking,0.13003359068264958,0,0,0
2025-01-01 00:08:36,-0.69250792238272,-0.626198812857,9.76748091875,0.8706481972,116.0616002,walking,0.3018297838568121,0,0,0
2025-01-01 00:08:37,-0.9145786239463,0.35314712678701,10.00332298248,1.096854134,98.08296593,walking,0.0795474655965997,0,0,0
2025-01-01 00:08:38,-0.656923030383505,-0.1467260696856138,9.9023060680099,1.371551291,91.84923493,walking,0.18641974033703962,0,0,0
2025-01-01 00:08:39,-0.40011944734706,-0.6318405806967999,10.16533108508,1.091608009,82.72988026,walking,0.13506374040347968,0,0,0
2025-01-01 00:08:40,-0.7148970273312871,-0.8503682837716833,9.822169248524752,0.09990354194,109.9191202,walking,0.3793476008276698,0,0,0
2025-01-01 00:08:41,-0.9613713180449,-0.7244978988474,9.73359887712,0.1970964465,109.9191271,walking,0.31357447061689087,0,0,0
2025-01-01 00:08:42,-0.8100435058496199,0.0543534713266,9.48500483104,0.2041696859,109.9191244,walking,0.2361794540677306,0,0,0
2025-01-01 00:08:43,-1.1356557184883862,-0.5953313091364356,9.4518838150198,0.3287188927,87.65636976,walking,0.20880223618891602,0,0,0
2025-01-01 00:08:44,-0.69332522274624,-0.487602026336671,9.80464114364,0.3160336305,87.65636686,walking,0.1575429534492601,0,0,0
2025-01-01 00:08:45,-0.3924359253101,-0.5403852630374,9.79923289047,0.3229613172,87.65636126,walking,0.11699014514726983,0,0,0
2025-01-01 00:08:46,-0.7318044424714851,-0.1626983008099999,9.980932662613862,1.029526081,29.66425581,walking,0.11130921314902754,0,0,0
2025-01-01 00:08:47,-0.7813601531534,-0.760089385979,9.9520725585,1.607806926,30.81310071,walking,0.14159840691730763,0,0,0
2025-01-01 00:08:48,-0.49239356232552,-0.50447793272064,9.64136966896,1.570350018,26.12222091,walking,0.39356478609098233,0,0,0
2025-01-01 00:08:49,-0.7974733288845545,-0.2609252249877425,9.674752535811882,1.56131484,20.42763024,walking,0.6322515666686027,0,0,0
2025-01-01 00:08:50,-1.50557364350075,-0.0195912597537399,9.35925582713,1.5007261,23.16242557,walking,0.14535940250653348,0,0,0
2025-01-01 00:08:51,-0.8587656727102871,-0.8616660769873168,10.2674131609901,1.285209134,1.493602872,walking,0.29906858162401195,0,0,0
2025-01-01 00:08:52,0.1386821090558,-0.1175909683537,10.21171363236,0.9686992512,67.61214577,walking,0.3274006789834245,0,0,0
2025-01-01 00:08:53,1.0464319335705,0.0707937835818,9.75252551869,0.8023908753,114.2176774,walking,0.3190509065910126,0,0,0
2025-01-01 00:08:54,0.7266987232074258,0.2560907239347029,9.374075321871286,1.256173386,127.8390759,walking,0.18465746218046078,0,0,0
2025-01-01 00:08:55,-0.1206311462413,-0.6779791350979,9.54043456443,1.122440273,130.4500862,walking,0.10077408234027385,0,0,0
2025-01-01 00:08:56,-1.0399683746176,-1.795022232092,9.81063767405,1.056691487,123.6168343,walking,0.3138444555503481,0,0,0
2025-01-01 00:08:57,-1.7849668552033169,-0.2206293177600069,10.042288735584158,0.9664709435,122.6983679,walking,0.07517348148537875,0,0,0
2025-01-01 00:08:58,-1.7916632171776998,0.6272346588047,9.80430284753,0.827767871,121.2564994,walking,0.20792592806392446,0,0,0
2025-01-01 00:08:59,-1.5488706909623762,1.571565575979109,9.335962498356436,0.4110665321,142.7726762,walking,0.12855796068373598,0,0,0
2025-01-01 00:09:00,-1.3153611922869002,1.48835944056852,9.01451372202,0.7877526222,203.7772245,walking,0.18638901384786685,0,0,0
2025-01-01 00:09:01,-0.5965484710479,-0.3416465423381,9.70284083848,1.102399976,184.0303976,walking,0.21118752429618895,0,0,0
2025-01-01 00:09:02,-0.8467283282743266,-0.956038146079604,9.850547858148516,0.8882409065,144.0440605,walking,0.22981150590259453,0,0,0
2025-01-01 00:09:03,-0.9952698257462,-0.6421092270049,10.26232189164,0.8960156108,106.5413181,walking,0.22988257499356693,0,0,0
2025-01-01 00:09:04,-0.6246734847819,-0.52107242430544,9.853836342,1.199215784,85.02399417,walking,0.12728777477244044,0,0,0
2025-01-01 00:09:05,-1.1424332087861386,-0.1843068310154455,9.456991016782178,0.9323621424,81.87103851,walking,0.11138858515947873,0,0,0
2025-01-01 00:09:06,-1.241392510980352,-0.3013368667575,9.30129186378,1.131851925,80.20973112,walking,0.0526273416330251,0,0,0
2025-01-01 00:09:07,-1.18770365749517,-0.7484525848354999,9.99233283703,1.086810887,73.56735309,walking,0.045330618812545624,0,0,0
2025-01-01 00:09:08,-1.0041519542758115,-0.8688303866453465,10.047770899346537,1.10600383,67.72405822,walking,0.13059346479855458,0,0,0
2025-01-01 00:09:09,-0.9309141540487,-1.08442442779277,9.63079266369,1.24557902,69.98268696,walking,0.07276380906493923,0,0,0
2025-01-01 00:09:10,-1.2819342041043564,-0.8634727160732673,9.470271814920793,0.9418263348,71.42092302,walking,0.17129281195065124,0,0,0
2025-01-01 00:09:11,-1.4358621093655,-0.2229763183497,9.62577659461,1.141417618,85.80326875,walking,0.16670616566996035,0,0,0
2025-01-01 00:09:12,-0.79239819948583,-1.12092602233,10.09096722583,1.115069004,97.25354955,walking,0.27641353714535,0,0,0
2025-01-01 00:09:13,-0.3030144327242574,-0.7542399657934158,10.115920765217822,1.04126833,82.7595344,walking,0.8113355105068897,0,0,0
2025-01-01 00:09:14,-0.9934376358006,-0.209909989956,9.72063583364,0.7922359561,80.77575356,walking,0.2599435498678688,0,0,0
2025-01-01 00:09:15,-0.72408176419626,1.5226127105340002,9.17998113086,0.1758019592,79.29062083,walking,0.3158115159109946,0,0,0
2025-01-01 00:09:16,-0.9121245144646536,1.2541825081025744,9.394284781257426,0.0561182111,79.29061028,walking,0.4993382648482322,0,0,0
2025-01-01 00:09:17,0.8178228286856999,0.1744217880075,9.73895324228,0.236156512,79.29062916,walking,0.4116761286411879,0,0,0
2025-01-01 00:09:18,-0.3358056884719,0.5617248870689,10.02295166484,0.6621143383,114.1511709,walking,0.1836766064918249,0,0,0
2025-01-01 00:09:19,-0.8433951606141386,0.058780241122891,9.905624415633664,1.032701642,116.5560456,walking,1.3675371097490896,0,0,0
2025-01-01 00:09:20,-0.7399427810707,0.5417040206849,9.75067985665,0.6538799848,100.8252208,walking,0.11138892358176525,0,0,0
2025-01-01 00:09:21,-0.4280919564450495,0.4801332409403267,9.65868100620792,0.2383461389,95.34233268,walking,0.24930909741418636,0,0,0
2025-01-01 00:09:22,-0.38618941496973,1.213647706614979,9.76042309563,0.1801832848,95.34232693,walking,0.9014832154171204,0,0,0
2025-01-01 00:09:23,-1.313225134313,0.3599519760228,10.37731276726,0.1197106152,95.34232167,walking,0.29540011403686073,0,0,0
2025-01-01 00:09:24,-0.9978768845151486,0.9457363015302276,8.891896829237623,0.1339612026,95.3423156,walking,0.5697678568720682,0,0,0
2025-01-01 00:09:25,-0.7379923370322,1.1378962325997,9.64669259943,0.1109899567,95.34230928,walking,0.09975212696519985,0,0,0
2025-01-01 00:09:26,-0.3137745025748,2.3595373168669997,9.52647609107,0.09885485384,95.34230389,walking,0.09904213216262987,0,0,0
2025-01-01 00:09:27,-0.4611361120344059,0.2445113380447524,10.07552555990099,0.0829703922,95.34230302,walking,0.5614955154561475,0,0,0
2025-01-01 00:09:28,-0.37164116821946,0.0107491469968,10.23165965429,0.3525466608,95.34230338,walking,0.567837181451983,0,0,0
2025-01-01 00:09:29,-0.9619566009783,1.718907014428,9.07169930382,0.5593855467,95.34229767,walking,0.2779936702703892,0,0,0
2025-01-01 00:09:30,0.1668554974210495,2.2908406277951485,9.279338664653466,0.7087573346,95.34229767,walking,0.6315229615621482,0,0,0
2025-01-01 00:09:31,-0.9670939178595,1.218235665888,9.65819318408,0.6709871676,95.34229767,walking,0.6193265220942437,0,0,0
2025-01-01 00:09:32,-1.1095105826455445,-0.783687145859,10.154687179722773,0.6700000167,95.34229767,walking,0.45474025432537685,0,0,0
2025-01-01 00:09:33,-1.3296115585444,-0.20233424378897,10.07659411462,0.6800000072,95.34229767,walking,0.4005723761937839,0,0,0
2025-01-01 00:09:34,-1.5620107818373,0.51956505890694,9.27251271061,0.6800000072,95.34229767,walking,0.10244334708244775,0,0,0
2025-01-01 00:09:35,-0.3564340391719406,-1.0355376774317822,10.126265589673269,0.6800000072,95.34229767,walking,1.4044174415027149,0,0,0
