"Time (s)","Distance (cm)"
2.581416687E-3,5.000000000E0
1.966354167E-1,0.000000000E0
3.133962500E-1,5.000000000E0
5.841530259E2,0.000000000E0
5.851324298E2,5.000000000E0