"Time (s)","Distance (cm)"
2.334491667E-2,5.000000000E0