"Time (s)","Distance (cm)"
4.228875005E-3,5.000000000E0
8.704457313E2,0.000000000E0
8.723123158E2,5.000000000E0